player_name,school,conference,position,height,height_inches,weight,class,season_year,games,minutes,minutes_pct,ppg,rpg,apg,usage_rate,ts_pct,three_pt_pct,three_pt_attempt_rate,ft_pct,off_rebound_rate,def_rebound_rate,assist_rate,turnover_rate,steal_rate,block_rate,offensive_rating,defensive_rating,bpm,vorp,previous_bpm,conf_strength,conf_strength_from,conf_strength_to,conf_upgrade,future_bpm,future_impact_score,transfer_success,transferred,school_destination,data_year,public_transfer_rank
Darius Green,Notre Dame,CAA,F,6-7,79,195,R-FR,2024,23,297.0068887972196,32.283357477958646,5.8,6.1,1.2,22.1,0.469,0.164,0.0,0.718,11.6,22.5,10.4,16.2,2.01,1.12,109.0,100.7,6.76,1.0,6.76,0.77,0.77,0.71,-0.06,9.59,100.0,1,1,George Mason,2024,1
Henry Carter,San Diego State,Big Ten,SF,6-4,76,226,JR,2020,29,92.8,8.0,3.0,4.1,2.1,21.1,0.475,0.305,0.535,0.793,5.2,17.8,17.8,19.6,2.16,2.45,103.4,92.8,3.47,0.16,3.47,1.0,1.0,0.71,-0.29,7.46,94.8,1,1,Boston College,2020,2
Patrick Murphy,Michigan,Big 12,C,6-9,81,230,JR,2020,31,147.83492144476196,11.922171084254998,6.2,5.9,1.5,21.3,0.512,0.262,0.042,0.609,12.7,20.0,12.6,8.9,2.67,6.03,105.1,95.2,2.77,0.2,2.77,0.98,0.98,0.7,-0.28,7.12,92.7,1,1,Iowa,2020,3
Vince Robinson,Auburn,CAA,SG,6-1,73,200,R-JR,2022,28,198.94499217112582,17.762945729564805,10.5,1.6,2.0,23.6,0.54,0.393,0.315,0.759,1.1,7.8,16.5,17.9,2.77,1.59,110.2,102.2,3.63,0.36,3.63,0.77,0.77,0.94,0.17,7.11,92.7,1,1,Kentucky,2022,4
Coleman Campbell,Creighton,SEC,F,6-6,78,205,R-JR,2020,32,318.00864520724235,24.844425406815805,11.2,4.9,1.9,19.7,0.594,0.346,0.268,0.716,10.6,16.6,15.6,12.3,1.47,1.07,119.0,92.6,4.43,0.7,4.43,0.96,0.96,0.77,-0.19,6.64,89.9,1,1,Hofstra,2020,5
Kofi Baker,Virginia Tech,Big Ten,PF,6-10,82,195,SO,2022,17,188.4744058019774,27.716824382643736,3.1,5.2,0.8,18.8,0.507,0.313,0.0,0.729,7.0,22.0,6.9,15.0,0.69,4.54,102.4,95.1,4.48,0.42,4.48,1.0,1.0,0.69,-0.31,6.48,88.9,1,1,Utah State,2022,6
Grant Allen,Connecticut,CAA,W,6-4,76,211,SR,2024,25,277.8809768886774,27.78809768886774,9.9,2.6,2.1,21.9,0.624,0.351,0.233,0.722,6.3,8.3,17.7,13.0,0.2,0.98,120.2,93.5,5.42,0.75,5.42,0.77,0.77,0.69,-0.08,6.21,87.3,1,1,Duke,2024,7
Sean Cooper,Ohio State,CAA,G,6-3,75,225,JR,2021,31,397.32022668362185,32.04195376480821,4.7,1.8,3.0,23.3,0.587,0.364,0.305,0.669,3.2,6.9,25.2,13.9,4.13,1.69,112.8,96.0,3.94,0.78,3.94,0.77,0.77,0.74,-0.03,6.09,86.5,1,1,Duquesne,2021,8
Patrick Rivera,Illinois,SEC,F,6-4,76,197,R-JR,2022,28,477.4757090552876,42.63175973707925,7.4,3.6,0.7,18.2,0.521,0.158,0.185,0.586,6.5,13.7,6.1,9.7,2.69,1.83,111.3,105.4,5.06,1.21,5.06,0.96,0.96,0.72,-0.24,5.97,85.8,1,1,Louisville,2022,9
Jalen Lopez,Georgia,WCC,SF,6-4,76,189,R-JR,2021,22,189.90517321851823,21.580133320286162,7.9,3.8,2.5,28.5,0.506,0.247,0.532,0.85,7.9,13.4,20.6,16.5,3.31,1.62,101.6,105.7,5.17,0.49,5.17,0.82,0.82,0.7,-0.12,5.83,85.0,1,1,UCLA,2021,10
Trevion Harris,Texas,Big 12,PG,6-2,74,163,JR,2022,29,561.0666192824089,48.36781200710421,2.0,1.6,2.1,15.4,0.499,0.315,0.279,0.698,2.5,6.3,17.5,21.1,2.9,0.69,109.5,92.9,3.54,0.99,3.54,0.98,0.98,0.71,-0.27,5.58,83.5,1,1,Boise State,2022,11
Elijah Rivera,San Diego State,Big East,PF,6-9,81,191,SO,2020,37,728.7610410943066,49.240610884750446,5.4,7.1,2.4,19.2,0.588,0.312,0.33,0.708,15.3,24.2,20.1,12.7,0.2,4.68,108.7,99.3,4.62,1.68,4.62,0.93,0.93,0.7,-0.23,5.51,83.1,1,1,Indiana,2020,12
Zach Perez,Baylor,Big 12,W,6-8,80,208,JR,2021,31,257.5580529783321,20.770810724059043,2.7,4.3,2.5,20.6,0.445,0.316,0.353,0.726,10.1,13.6,20.8,19.6,2.97,0.1,107.0,91.5,4.59,0.59,4.59,0.98,0.98,0.71,-0.27,5.45,82.7,1,1,Kentucky,2021,13
Ryan Gonzalez,Kentucky,Big Ten,G,6-1,73,215,R-FR,2020,23,376.945952295849,40.97238611911402,1.0,1.7,2.2,21.1,0.456,0.368,0.43,0.627,3.5,5.8,18.3,13.3,3.5,2.13,114.0,105.5,3.57,0.67,3.57,1.0,1.0,0.74,-0.26,5.44,82.6,1,1,Indiana,2020,14
Wade Hill,St. John's,SEC,F,6-7,79,198,JR,2024,22,89.19743676595755,10.136072359767903,4.1,4.3,1.6,19.5,0.531,0.136,0.126,0.805,6.9,17.2,13.2,14.8,3.22,0.1,124.5,102.0,4.45,0.2,4.45,0.96,0.96,0.72,-0.24,5.42,82.5,1,1,Virginia,2024,15
Quinn Morgan,Florida,Sun Belt,C,6-9,81,215,SR,2022,31,695.7249317585181,56.106849335364366,4.8,5.4,1.3,17.5,0.633,0.317,0.384,0.574,9.8,20.2,10.6,8.3,2.64,5.24,108.3,103.8,3.6,1.25,3.6,0.72,0.72,0.74,0.02,5.29,81.7,1,1,Richmond,2022,16
Blake Walker,Indiana,Big Ten,SG,6-0,72,192,SO,2024,31,303.296906264518,24.459427924557904,7.3,2.5,1.8,18.5,0.497,0.359,0.301,0.615,6.4,7.7,14.9,12.8,0.66,0.94,100.7,101.0,-0.77,-0.12,-0.77,1.0,1.0,0.94,-0.06,5.19,81.1,1,1,Saint Mary's,2024,17
Uriah Brown,Florida State,A-10,PF,6-8,80,181,JR,2021,33,508.67402137295164,38.535910710072095,6.4,5.7,1.2,24.4,0.59,0.316,0.04,0.79,9.6,22.2,10.1,11.6,2.16,5.37,111.1,90.1,4.78,1.22,4.78,0.86,0.86,0.83,-0.03,5.17,81.0,1,1,Tulsa,2021,18
Nick Thompson,Michigan,AAC,C,6-8,80,215,R-FR,2020,25,354.1183405884399,35.411834058843986,9.0,5.5,1.4,26.0,0.485,0.254,0.113,0.58,5.3,25.3,11.4,16.5,1.36,5.4,118.1,102.2,2.46,0.44,2.46,0.83,0.83,0.76,-0.07,5.17,81.0,1,1,Florida,2020,19
Tyler Phillips,Cincinnati,WCC,SG,6-2,74,191,R-FR,2023,27,347.2042528263505,32.14854192836579,14.5,2.7,2.1,29.3,0.542,0.319,0.535,0.858,4.8,10.0,17.3,15.7,3.89,1.11,107.8,94.8,4.49,0.78,4.49,0.82,0.82,0.71,-0.11,5.17,81.0,1,1,Syracuse,2023,20
Reed White,Florida State,SEC,F,6-6,78,217,R-FR,2022,30,244.13023176672885,20.344185980560738,2.3,4.0,1.4,15.7,0.535,0.281,0.088,0.66,6.9,15.3,11.9,14.5,0.66,1.3,131.8,106.1,3.37,0.41,3.37,0.96,0.96,0.93,-0.03,4.97,79.8,1,1,Cincinnati,2022,21
Brandon Cook,Marquette,SEC,SF,6-3,75,204,R-JR,2021,28,379.124265729587,33.850380868713124,8.1,3.7,1.1,18.7,0.505,0.268,0.129,0.733,5.0,15.5,9.6,9.6,2.98,1.2,116.9,98.4,2.7,0.51,2.7,0.96,0.96,0.79,-0.17,4.92,79.5,1,1,Purdue,2021,22
Patrick Johnson,Minnesota,Big Ten,SF,6-0,72,192,R-JR,2023,18,358.44447050070653,49.78395423620925,1.5,4.5,1.1,14.4,0.551,0.307,0.193,0.52,5.4,19.6,9.4,17.6,3.25,2.22,127.0,103.7,3.08,0.55,3.08,1.0,1.0,0.96,-0.04,4.89,79.3,1,1,Mississippi State,2023,23
Marcus Nelson,BYU,SEC,G,6-2,74,201,R-JR,2021,32,403.21748598308653,31.501366092428636,9.5,2.7,4.2,27.8,0.504,0.253,0.522,0.711,1.0,13.9,34.9,7.6,2.38,2.21,113.6,107.3,2.82,0.57,2.82,0.96,0.96,0.96,0.0,4.85,79.1,1,1,St. John's,2021,24
Darius Johnson,Mississippi State,ACC,F,6-5,77,226,FR,2021,25,283.30934003527443,28.33093400352744,9.1,4.9,0.6,24.1,0.585,0.4,0.0,0.674,6.9,20.6,5.2,9.2,2.24,0.1,95.6,97.5,5.25,0.74,5.25,0.94,0.94,0.72,-0.22,4.83,79.0,1,1,DePaul,2021,25
Patrick Garcia,Illinois,Big Ten,SF,6-5,77,182,JR,2023,36,136.48546520928613,9.478157306200425,5.0,1.9,3.1,21.6,0.48,0.37,0.479,0.563,4.9,5.5,26.2,7.6,1.15,0.46,97.6,106.1,3.75,0.26,3.75,1.0,1.0,0.94,-0.06,4.82,78.9,1,1,Louisville,2023,26
Patrick Young,Louisville,Horizon,PF,6-8,80,191,R-FR,2022,23,191.92032416062187,20.860904800067594,3.1,7.4,1.0,22.6,0.475,0.275,0.173,0.726,11.8,29.6,7.9,10.5,2.31,6.26,118.3,93.2,4.15,0.4,4.15,0.71,0.71,0.74,0.03,4.8,78.8,1,1,Penn State,2022,27
Alex Turner,Rutgers,Ivy,SG,6-4,76,236,R-SO,2022,25,294.9594840065787,29.49594840065787,13.2,2.2,0.4,33.8,0.52,0.381,0.537,0.776,4.7,7.4,3.7,13.2,3.01,0.53,109.0,95.0,2.07,0.31,2.07,0.71,0.71,0.83,0.12,4.79,78.8,1,1,Belmont,2022,28
Patrick Bell,Virginia,MVC,PF,6-6,78,230,R-JR,2022,20,219.3179433295706,27.414742916196328,4.1,4.2,1.4,22.1,0.556,0.266,0.166,0.769,4.5,19.0,11.8,5.8,2.88,0.31,110.2,91.9,2.78,0.3,2.78,0.79,0.79,0.7,-0.09,4.74,78.4,1,1,Notre Dame,2022,29
Jaylen Sanchez,LSU,Big Ten,G,6-2,74,211,R-FR,2023,27,224.5175100342898,20.788658336508316,9.7,1.2,3.6,26.4,0.529,0.457,0.619,0.594,1.5,5.4,30.3,22.4,1.81,1.5,113.3,102.0,2.23,0.25,2.23,1.0,1.0,0.93,-0.07,4.62,77.7,1,1,Oklahoma,2023,30
Omar Cooper,TCU,ACC,PG,6-1,73,186,FR,2020,37,318.0485260430061,21.48976527317609,11.5,1.8,2.2,35.1,0.381,0.437,0.352,0.756,2.3,7.4,18.7,14.6,2.89,0.62,108.0,95.7,1.68,0.27,1.68,0.94,0.94,0.77,-0.17,4.61,77.7,1,1,Austin Peay,2020,31
Jalen Wright,USC,Big 12,C,6-10,82,194,JR,2024,29,153.5875097378599,13.240302563608612,9.0,5.0,1.4,31.6,0.46,0.328,0.22,0.604,12.4,15.6,11.4,9.7,0.29,8.35,113.8,95.7,3.48,0.27,3.48,0.98,0.98,0.74,-0.24,4.59,77.6,1,1,Georgetown,2024,32
Owen Garcia,San Diego State,A-10,SF,6-7,79,217,R-FR,2024,37,307.4541953306184,20.773932116933675,14.3,2.3,2.1,28.5,0.591,0.379,0.437,0.664,4.0,8.8,17.1,20.2,1.84,0.78,100.0,100.0,2.53,0.39,2.53,0.86,0.86,0.71,-0.15,4.59,77.5,1,1,Davidson,2024,33
Tanner Johnson,Oklahoma,AAC,PF,6-8,80,192,R-JR,2022,26,97.09377788338493,9.335940181094704,11.1,6.6,0.9,25.2,0.542,0.181,0.4,0.83,12.1,24.3,7.5,9.2,2.28,5.25,105.8,102.2,3.23,0.16,3.23,0.83,0.83,0.83,0.0,4.57,77.4,1,1,Florida,2022,34
Zach Reed,Indiana,Big 12,W,6-3,75,155,R-FR,2024,37,357.6070562084948,24.162638933006406,6.6,3.5,1.2,20.3,0.461,0.403,0.478,0.772,7.3,12.1,10.0,15.7,1.8,1.02,121.1,95.8,1.54,0.27,1.54,0.98,0.98,0.96,-0.02,4.56,77.4,1,1,Tulsa,2024,35
Nick Edwards,Louisville,WCC,PF,6-9,81,204,SR,2022,32,291.8847590988047,22.80349680459412,4.8,6.9,1.5,17.2,0.531,0.181,0.335,0.633,8.8,29.8,12.2,17.6,1.66,7.18,110.8,100.9,4.23,0.62,4.23,0.82,0.82,0.77,-0.05,4.54,77.2,1,1,Baylor,2022,36
Jake Rogers,Syracuse,WAC,SG,6-4,76,217,R-JR,2024,35,269.4657200379095,19.24755143127925,5.0,1.9,1.5,16.3,0.456,0.359,0.373,0.576,5.2,5.6,12.8,15.7,4.36,1.09,101.8,102.2,1.9,0.26,1.9,0.7,0.7,0.72,0.02,4.49,76.9,1,1,Texas,2024,37
Evan Lopez,Louisville,Big 12,W,6-7,79,206,JR,2024,32,184.0302945385221,14.377366760822039,7.0,2.2,2.0,16.6,0.594,0.361,0.617,0.721,7.5,4.9,17.0,16.1,0.87,0.54,116.7,96.3,1.92,0.18,1.92,0.98,0.98,0.71,-0.27,4.43,76.6,1,1,Wisconsin,2024,38
Ryan Campbell,Nebraska,MAAC,PG,6-5,77,205,R-JR,2023,21,265.18575093424056,31.569732254076253,3.1,2.0,2.9,21.0,0.571,0.32,0.237,0.814,5.0,6.0,24.1,20.2,0.46,1.46,97.5,98.9,4.4,0.58,4.4,0.74,0.74,0.93,0.19,4.41,76.5,1,1,Kansas,2023,39
Elijah Sanchez,Gonzaga,MAC,G,6-2,74,217,SO,2022,33,405.68364406217427,30.733609398649566,7.3,1.9,2.8,21.5,0.438,0.292,0.676,0.69,1.7,8.8,23.4,16.1,2.79,3.01,116.1,98.1,1.54,0.31,1.54,0.76,0.76,0.77,0.01,4.4,76.4,1,1,Ohio State,2022,40
Elijah Hernandez,UNLV,CAA,PF,6-7,79,219,R-JR,2023,35,386.84822164308343,27.632015831648815,8.8,6.0,1.4,18.2,0.51,0.266,0.11,0.64,6.8,26.3,11.8,10.8,3.18,0.53,121.2,106.7,4.07,0.79,4.07,0.77,0.77,0.77,0.0,4.4,76.4,1,1,St. John's,2023,41
Kofi Perez,Nevada,MAC,PF,6-6,78,188,R-JR,2024,30,519.3291002597449,43.277425021645406,8.4,3.5,0.5,27.4,0.662,0.209,0.107,0.528,1.0,18.6,4.2,17.7,3.36,3.82,110.6,107.9,4.41,1.15,4.41,0.76,0.76,0.72,-0.04,4.38,76.3,1,1,SMU,2024,42
Luka Morris,Baylor,ACC,F,6-5,77,227,R-JR,2022,29,92.8,8.0,9.0,3.3,1.5,18.5,0.629,0.108,0.066,0.537,6.3,11.9,12.7,14.7,2.54,2.73,108.1,98.7,4.81,0.22,4.81,0.94,0.94,0.77,-0.17,4.35,76.1,1,1,Auburn,2022,43
Max Robinson,Saint Louis,SEC,PG,6-4,76,196,FR,2020,21,381.58704976947155,45.4270297344609,15.5,1.9,3.9,24.7,0.574,0.357,0.622,0.794,1.9,8.5,32.2,15.9,1.85,1.84,110.1,113.3,2.92,0.56,2.92,0.96,0.96,0.74,-0.22,4.3,75.8,1,1,Xavier,2020,44
Todd Davis,Providence,Big Ten,PF,6-9,81,170,R-JR,2023,27,97.35105840554232,9.013986889402066,1.0,3.9,0.7,16.1,0.55,0.279,0.149,0.795,6.4,15.1,5.6,8.0,2.73,4.16,111.4,105.6,1.9,0.09,1.9,1.0,1.0,0.7,-0.3,4.22,75.3,1,1,Michigan,2023,45
Sean Gonzalez,Florida State,Big Ten,PF,6-8,80,217,JR,2023,25,100.82294188765337,10.082294188765337,5.6,4.7,0.5,19.8,0.53,0.344,0.391,0.64,5.6,20.8,4.2,13.7,2.15,4.09,116.3,95.1,5.88,0.3,5.88,1.0,1.0,0.83,-0.17,4.22,75.3,1,1,LSU,2023,46
Paul Adams,Wake Forest,WCC,PF,6-9,81,180,JR,2024,23,351.1328691855271,38.16661621581816,5.2,6.2,1.3,26.0,0.456,0.281,0.55,0.713,11.2,23.3,11.0,14.8,3.52,4.42,104.6,104.6,2.64,0.46,2.64,0.82,0.82,0.82,0.0,4.18,75.1,1,1,Cincinnati,2024,47
Cole King,Notre Dame,AAC,G,6-3,75,208,R-JR,2022,35,112.00000000000001,8.0,2.8,2.3,3.3,12.5,0.463,0.342,0.157,0.712,2.0,10.8,27.9,23.5,2.41,0.64,101.0,95.5,2.34,0.13,2.34,0.83,0.83,0.76,-0.07,4.16,75.0,1,1,Boston College,2022,48
Cole Hill,Syracuse,CUSA,W,6-5,77,202,FR,2020,27,280.41528146095754,25.964377913051628,3.9,2.4,1.4,23.1,0.511,0.35,0.597,0.612,5.4,8.1,11.6,11.9,2.97,0.85,121.4,107.7,-0.13,-0.02,-0.13,0.74,0.74,0.86,0.12,4.15,74.9,1,1,Iowa,2020,49
Alex Edwards,BYU,MAC,C,7-1,85,194,R-JR,2022,31,179.57439684149222,14.481806196894533,10.1,5.6,2.0,24.1,0.616,0.245,0.209,0.694,6.4,24.6,17.0,6.9,3.64,3.02,110.2,100.7,4.42,0.4,4.42,0.76,0.76,0.83,0.07,4.06,74.4,1,1,Indiana,2022,50
Darius Allen,Boston College,SEC,W,6-6,78,189,R-FR,2022,29,470.4791043058408,40.55854347464145,10.1,5.1,0.8,25.7,0.476,0.394,0.38,0.677,9.9,18.4,6.4,18.8,3.92,2.16,105.8,96.1,2.34,0.55,2.34,0.96,0.96,0.86,-0.1,4.05,74.3,1,1,Texas,2022,51
Vince Mitchell,Air Force,ACC,F,6-6,78,206,R-JR,2024,27,257.0742518972077,23.803171471963676,9.8,4.8,0.4,20.7,0.621,0.355,0.24,0.736,10.8,15.9,3.6,17.6,0.68,1.79,127.0,100.3,1.73,0.22,1.73,0.94,0.94,0.82,-0.12,4.04,74.2,1,1,Hofstra,2024,52
Vince Cook,Belmont,Big Ten,SG,6-1,73,213,SO,2020,27,341.9231897645622,31.659554607829836,5.5,1.8,1.7,19.2,0.531,0.349,0.267,0.695,1.7,8.2,13.9,11.8,1.84,1.22,108.1,86.1,1.21,0.21,1.21,1.0,1.0,0.82,-0.18,4.03,74.2,1,1,Saint Louis,2020,53
Ivan Nelson,St. Bonaventure,MAAC,SF,6-2,74,166,SR,2021,25,435.42689861728945,43.542689861728945,6.2,3.3,2.7,21.6,0.399,0.377,0.296,0.808,3.4,14.7,22.7,14.1,1.97,1.39,121.0,101.5,2.51,0.55,2.51,0.74,0.74,0.74,0.0,3.96,73.8,1,1,San Diego State,2021,54
Andrej Bailey,Dayton,WCC,SG,6-4,76,203,R-JR,2023,22,76.99170142433434,8.749056980037993,10.7,1.2,2.9,17.8,0.567,0.27,0.609,0.741,1.9,4.6,24.2,13.9,3.6,2.39,107.2,95.6,2.34,0.09,2.34,0.82,0.82,0.94,0.12,3.96,73.8,1,1,Villanova,2023,55
Evan Roberts,SMU,Big 12,PG,6-0,72,207,R-JR,2023,33,480.9030371311143,36.432048267508655,7.9,2.7,2.5,19.0,0.511,0.356,0.076,0.748,7.2,7.6,21.2,21.7,3.85,2.47,93.0,101.5,4.36,1.05,4.36,0.98,0.98,0.82,-0.16,3.95,73.7,1,1,Hofstra,2023,56
Jake Bell,Hofstra,MAAC,C,6-10,82,232,R-JR,2023,30,539.9049002414704,44.99207502012253,10.1,5.3,0.9,24.9,0.581,0.279,0.157,0.86,7.5,21.7,7.5,5.5,0.97,5.51,117.2,101.5,2.76,0.74,2.76,0.74,0.74,0.71,-0.03,3.94,73.6,1,1,Maryland,2023,57
Quinn Adams,Auburn,Big 12,PF,6-9,81,203,R-JR,2021,26,83.2,8.0,4.1,6.3,1.1,18.8,0.609,0.343,0.295,0.637,15.1,20.1,8.9,11.4,1.03,2.53,104.0,111.7,3.0,0.12,3.0,0.98,0.98,0.98,0.0,3.9,73.4,1,1,Nebraska,2021,58
Eric Martinez,Richmond,MVC,PG,6-2,74,208,JR,2021,36,693.5061374464375,48.160148433780385,6.8,2.0,3.6,13.6,0.526,0.266,0.168,0.642,2.6,8.6,29.9,7.6,2.19,1.96,88.0,101.6,4.52,1.57,4.52,0.79,0.79,0.7,-0.09,3.9,73.4,1,1,Houston,2021,59
Coleman Parker,Austin Peay,SEC,F,6-4,76,214,R-FR,2020,33,442.5634291303777,33.5275325098771,9.6,2.9,1.0,18.7,0.652,0.341,0.179,0.746,8.6,7.2,8.2,15.5,1.43,2.42,114.5,97.0,1.86,0.41,1.86,0.96,0.96,0.74,-0.22,3.86,73.1,1,1,William & Mary,2020,60
Xavier Sanchez,Florida,Horizon,PF,6-9,81,198,JR,2023,31,775.3615998597708,62.52916127901378,9.1,4.5,1.3,18.4,0.509,0.28,0.068,0.724,5.9,19.1,10.6,12.5,1.68,7.97,96.3,102.0,2.44,0.95,2.44,0.71,0.71,0.69,-0.02,3.85,73.1,1,1,Boston College,2023,61
Nathan Collins,Villanova,MAC,F,6-8,80,168,R-JR,2023,37,522.7045849064531,35.31787735854413,7.5,4.5,0.2,23.9,0.51,0.296,0.276,0.713,12.3,12.7,1.0,13.5,0.39,2.81,105.8,92.7,4.5,1.18,4.5,0.76,0.76,1.0,0.24,3.82,72.9,1,1,Alabama,2023,62
Andre Taylor,Boise State,MAC,PF,6-5,77,195,R-FR,2020,25,224.4448354329278,22.44448354329278,6.7,3.3,0.5,21.0,0.513,0.221,0.147,0.631,4.2,13.9,4.4,10.5,2.63,4.8,126.1,85.7,-0.67,-0.07,-0.67,0.76,0.76,0.96,0.2,3.81,72.9,1,1,Stanford,2020,63
Tyrese Taylor,Austin Peay,A-10,PF,6-9,81,205,R-JR,2021,32,102.4,8.0,8.6,5.6,1.4,22.3,0.672,0.331,0.056,0.832,7.2,23.8,11.4,14.2,2.79,5.9,115.7,104.4,0.26,0.01,0.26,0.86,0.86,0.72,-0.14,3.81,72.9,1,1,Kentucky,2021,64
Luke Parker,Tennessee Tech,AAC,PG,6-2,74,167,R-JR,2022,23,254.6418683400098,27.678463950001063,8.4,2.1,1.7,17.9,0.504,0.34,0.361,0.736,5.0,6.8,14.6,22.5,2.58,1.38,111.5,95.3,1.24,0.16,1.24,0.83,0.83,0.74,-0.09,3.81,72.9,1,1,Wichita State,2022,65
Ivan Reed,LSU,A-10,F,6-7,79,188,R-SO,2024,25,425.37601618756497,42.5376016187565,8.9,3.9,1.0,24.3,0.537,0.361,0.232,0.854,8.7,13.1,8.1,16.2,1.31,0.1,114.4,95.9,3.94,0.84,3.94,0.86,0.86,0.98,0.12,3.79,72.7,1,1,Hofstra,2024,66
Blake Hill,Boise State,CAA,SG,6-2,74,186,R-FR,2022,31,364.453352652214,29.391399407436612,12.4,2.9,2.6,26.6,0.584,0.413,0.266,0.571,3.9,12.1,21.8,15.9,0.2,1.87,116.1,106.4,3.04,0.55,3.04,0.77,0.77,0.74,-0.03,3.77,72.6,1,1,Wichita State,2022,67
Owen Murphy,Nevada,MAAC,C,6-7,79,192,R-JR,2021,21,94.93045691302534,11.301244870598254,1.9,5.7,0.6,16.7,0.487,0.262,0.372,0.797,10.0,21.5,5.0,14.3,1.22,6.04,124.6,105.2,0.7,0.03,0.7,0.74,0.74,1.0,0.26,3.75,72.5,1,1,Kentucky,2021,68
Ryan Reed,Indiana,OVC,G,6-3,75,239,R-JR,2020,19,411.33547572880764,54.123088911685215,10.8,1.6,2.3,23.4,0.542,0.415,0.489,0.709,3.1,5.8,19.3,11.3,3.69,1.95,103.5,100.9,1.66,0.34,1.66,0.69,0.69,0.74,0.05,3.74,72.4,1,1,SMU,2020,69
Tanner Bailey,BYU,ACC,F,6-7,79,231,R-JR,2022,24,129.0874275394704,13.446607035361502,1.0,3.7,0.6,21.2,0.515,0.23,0.167,0.78,2.7,18.0,5.2,8.3,2.46,0.95,100.6,106.2,0.88,0.06,0.88,0.94,0.94,0.98,0.04,3.74,72.4,1,1,Houston,2022,70
Kevin Morris,Nevada,Ivy,PG,6-2,74,230,R-JR,2024,19,223.17974317919357,29.36575568147284,8.8,1.5,3.9,20.1,0.561,0.396,0.415,0.706,3.1,5.0,32.9,16.1,1.84,2.79,113.2,97.7,0.7,0.08,0.7,0.71,0.71,0.83,0.12,3.73,72.4,1,1,Penn State,2024,71
Tanner Rogers,Oklahoma,ACC,C,6-9,81,211,R-SO,2022,21,254.6221709231321,30.312163205134773,14.1,6.5,1.0,30.0,0.483,0.367,0.138,0.761,9.3,26.7,8.5,12.8,1.4,4.16,87.7,99.8,1.9,0.24,1.9,0.94,0.94,0.86,-0.08,3.72,72.3,1,1,Air Force,2022,72
Quinn Reed,Marquette,AAC,C,7-0,84,236,R-JR,2023,32,395.49888737527,30.898350576192968,4.9,4.9,0.9,13.2,0.53,0.346,0.095,0.718,5.0,22.0,7.3,15.2,1.99,3.3,113.9,92.2,2.68,0.53,2.68,0.83,0.83,0.74,-0.09,3.72,72.3,1,1,Nebraska,2023,73
Evan Lewis,Villanova,CUSA,SF,6-3,75,200,FR,2020,26,83.2,8.0,2.5,3.5,2.2,20.4,0.608,0.41,0.234,0.831,7.2,12.5,18.7,11.7,2.66,0.65,107.3,93.5,-1.74,-0.07,-1.74,0.74,0.74,0.83,0.09,3.69,72.2,1,1,George Mason,2020,74
Ben Harris,Memphis,Sun Belt,W,6-2,74,194,R-JR,2024,28,248.00784794798122,22.143557852498326,3.5,3.2,1.9,21.8,0.594,0.454,0.413,0.685,5.5,12.6,15.6,10.0,1.97,0.78,120.1,87.6,0.5,0.06,0.5,0.72,0.72,0.93,0.21,3.69,72.2,1,1,Dayton,2024,75
Elijah Wright,SMU,CUSA,PF,6-10,82,204,JR,2024,32,654.181179170844,51.10790462272219,2.9,5.1,0.3,10.2,0.525,0.237,0.103,0.633,9.2,19.1,2.3,14.8,2.22,5.39,116.5,94.4,1.09,0.36,1.09,0.74,0.74,0.86,0.12,3.65,71.9,1,1,Providence,2024,76
Andre Evans,Pittsburgh,SEC,G,6-2,74,165,R-JR,2023,26,289.7364006446642,27.859269292756174,9.1,1.8,3.0,23.9,0.505,0.397,0.534,0.752,4.6,5.2,24.7,29.7,0.36,0.97,101.8,99.9,2.2,0.32,2.2,0.96,0.96,0.79,-0.17,3.65,71.9,1,1,Baylor,2023,77
Luke Turner,Richmond,Big East,C,6-7,79,207,R-SO,2024,30,204.8923999443689,17.07436666203074,8.9,3.3,1.7,26.0,0.574,0.271,0.283,0.743,6.6,11.5,14.2,11.9,1.97,5.82,128.5,85.9,3.88,0.4,3.88,0.93,0.93,1.0,0.07,3.63,71.8,1,1,Boston College,2024,78
Kofi Allen,Memphis,ACC,C,6-10,82,208,SR,2024,26,532.2189539709912,51.174899420287616,10.3,6.5,0.4,17.1,0.564,0.235,0.528,0.528,8.9,27.4,3.4,10.7,3.25,1.85,115.1,94.4,3.13,0.83,3.13,0.94,0.94,0.69,-0.25,3.61,71.6,1,1,Tennessee,2024,79
Xavier Turner,Connecticut,Big 12,PG,6-2,74,209,FR,2021,31,294.7032568732766,23.76639168332876,6.8,3.0,4.2,21.4,0.566,0.467,0.121,0.626,2.1,14.8,34.6,24.4,1.41,0.82,104.7,93.4,3.2,0.47,3.2,0.98,0.98,0.72,-0.26,3.59,71.5,1,1,Indiana,2021,80
Derek Young,Minnesota,Horizon,F,6-6,78,180,JR,2022,26,290.1161966490985,27.895788139336396,9.3,5.0,1.6,14.3,0.595,0.279,0.237,0.709,7.9,19.8,13.3,17.4,2.23,0.68,124.2,92.7,3.64,0.53,3.64,0.71,0.71,0.74,0.03,3.53,71.2,1,1,Notre Dame,2022,81
Darius Collins,Nevada,SEC,PF,6-7,79,196,R-FR,2024,31,638.9239895212262,51.52612818719566,10.8,5.4,1.4,30.6,0.515,0.278,0.252,0.619,8.4,21.6,11.7,8.9,0.92,4.74,113.6,86.4,4.33,1.38,4.33,0.96,0.96,0.7,-0.26,3.51,71.0,1,1,Fordham,2024,82
Patrick Bailey,Louisville,ACC,PG,6-3,75,216,R-FR,2021,29,261.99759364941116,22.585999452535443,1.0,2.7,2.9,21.6,0.542,0.261,0.322,0.892,4.6,10.5,23.9,13.1,2.04,1.08,110.2,89.6,1.4,0.18,1.4,0.94,0.94,0.72,-0.22,3.51,71.1,1,1,Tennessee Tech,2021,83
Kyle Bell,Tennessee Tech,SEC,PG,6-4,76,225,R-JR,2020,22,70.4,8.0,6.5,1.7,2.0,19.3,0.505,0.389,0.168,0.66,2.5,7.0,16.8,14.8,2.45,1.23,107.1,91.1,3.29,0.12,3.29,0.96,0.96,0.71,-0.25,3.51,71.1,1,1,Villanova,2020,84
Zach Rogers,Connecticut,Big Ten,PG,6-3,75,218,R-JR,2024,24,88.44280771858715,9.21279247068616,1.4,2.0,2.1,23.0,0.539,0.301,0.33,0.786,4.0,6.9,17.8,11.2,2.45,2.31,112.0,92.5,3.05,0.13,3.05,1.0,1.0,0.96,-0.04,3.5,71.0,1,1,Florida,2024,85
Flynn King,Creighton,MAAC,C,6-11,83,202,R-FR,2021,37,282.47864263565043,19.086394772679085,12.7,4.5,0.3,24.1,0.57,0.325,0.04,0.815,5.5,19.4,2.4,4.9,2.52,2.48,95.5,102.3,3.75,0.53,3.75,0.74,0.74,0.69,-0.05,3.5,71.0,1,1,Tennessee Tech,2021,86
Jake Carter,Northwestern,Big 12,SF,6-5,77,201,R-FR,2020,24,221.73339277895082,23.097228414474042,12.3,3.3,1.7,25.9,0.535,0.281,0.75,0.64,6.4,12.0,14.2,10.8,3.27,0.65,96.5,91.3,2.35,0.26,2.35,0.98,0.98,0.71,-0.27,3.47,70.8,1,1,William & Mary,2020,87
Zion Green,Duquesne,A-10,G,6-1,73,212,R-JR,2022,27,349.05861398431165,32.320242035584414,5.5,1.5,2.7,24.1,0.542,0.409,0.343,0.738,1.8,6.3,22.7,21.6,1.26,0.1,102.5,95.5,2.09,0.37,2.09,0.86,0.86,0.72,-0.14,3.44,70.7,1,1,Memphis,2022,88
Luka Carter,Vanderbilt,A-10,C,7-0,84,253,R-SO,2022,22,179.79270175069456,20.4309888353062,11.2,5.9,1.1,22.1,0.617,0.411,0.142,0.917,8.8,23.7,9.1,12.6,2.08,3.27,120.2,98.5,2.5,0.22,2.5,0.86,0.86,0.82,-0.04,3.44,70.6,1,1,Tennessee Tech,2022,89
Jalen Evans,Duke,AAC,SG,6-5,77,201,R-JR,2020,35,241.34274004722306,17.23876714623022,1.0,1.6,0.4,12.9,0.499,0.355,0.195,0.759,1.9,7.1,3.0,18.3,1.02,0.78,111.5,97.8,2.21,0.27,2.21,0.83,0.83,0.74,-0.09,3.44,70.7,1,1,Stanford,2020,90
Ryan Moore,Texas,CAA,F,6-7,79,211,JR,2023,28,423.8071133913973,37.839920838517614,8.6,5.4,1.7,18.1,0.459,0.289,0.354,0.76,9.0,21.1,14.1,7.4,2.21,0.1,109.1,95.9,1.49,0.32,1.49,0.77,0.77,0.82,0.05,3.42,70.5,1,1,Rutgers,2023,91
Andre Phillips,Northwestern,CAA,F,6-8,80,203,R-JR,2024,34,220.4893257151383,16.21245042023076,7.8,6.9,1.4,25.2,0.475,0.273,0.302,0.764,13.6,25.0,11.8,10.9,0.43,1.33,107.4,108.1,2.56,0.28,2.56,0.77,0.77,0.79,0.02,3.39,70.4,1,1,Dayton,2024,92
Jake Scott,Miami,Big Ten,F,6-10,82,203,R-JR,2022,30,96.0,8.0,8.5,2.6,1.5,19.5,0.423,0.255,0.0,0.735,7.2,7.5,12.4,17.0,3.69,1.86,108.8,106.0,1.2,0.06,1.2,1.0,1.0,0.82,-0.18,3.36,70.1,1,1,Kentucky,2022,93
Andrej Perez,Virginia Tech,ACC,SF,6-5,77,188,R-FR,2024,32,134.34149628298832,10.495429397108463,14.4,1.9,2.6,18.7,0.537,0.35,0.471,0.656,3.8,6.7,21.3,14.3,3.72,0.16,111.8,91.1,2.44,0.16,2.44,0.94,0.94,0.98,0.04,3.35,70.1,1,1,Northwestern,2024,94
Marcus Murphy,Boston College,Big Ten,C,7-1,85,185,R-FR,2020,22,449.0553079094007,51.0290122624319,5.8,3.7,0.9,11.3,0.613,0.405,0.11,0.739,7.0,13.5,7.3,14.9,2.61,7.69,116.8,100.4,2.78,0.62,2.78,1.0,1.0,0.77,-0.23,3.29,69.7,1,1,Saint Louis,2020,95
Mike Lee,Auburn,Big 12,SG,6-4,76,211,R-JR,2021,26,459.2139467303555,44.155187185611105,7.8,2.4,2.2,29.8,0.529,0.371,0.388,0.579,3.7,9.7,18.1,9.0,2.17,2.08,98.8,98.9,2.06,0.47,2.06,0.98,0.98,1.0,0.02,3.28,69.7,1,1,Gonzaga,2021,96
Evan Martinez,Michigan State,ACC,W,6-7,79,189,FR,2022,30,462.4358553340842,38.53632127784035,5.5,3.1,2.2,21.9,0.527,0.379,0.43,0.682,11.4,5.7,18.5,12.1,0.56,0.1,109.1,110.6,2.8,0.65,2.8,0.94,0.94,0.7,-0.24,3.25,69.5,1,1,Cincinnati,2022,97
Owen Wright,William & Mary,Horizon,F,6-8,80,171,R-FR,2020,28,89.60000000000001,8.0,3.8,7.7,1.3,13.7,0.634,0.342,0.101,0.581,14.0,28.8,10.6,13.3,2.26,1.35,115.4,103.2,4.19,0.19,4.19,0.71,0.71,0.94,0.23,3.25,69.5,1,1,Austin Peay,2020,98
Evan Wright,Eastern Kentucky,CAA,PF,6-7,79,209,JR,2021,17,207.7210370726516,30.547211334213472,5.7,4.9,1.0,23.8,0.527,0.265,0.434,0.621,9.3,17.8,8.6,11.6,2.31,6.62,121.6,98.9,1.24,0.13,1.24,0.77,0.77,0.74,-0.03,3.23,69.4,1,1,BYU,2021,99
Marcus Scott,Cincinnati,MVC,SG,6-6,78,204,SR,2024,24,491.5998852267371,51.20832137778512,6.7,1.5,2.0,23.0,0.482,0.278,0.24,0.701,2.5,5.6,16.4,14.9,0.23,2.28,105.1,103.7,2.74,0.67,2.74,0.79,0.79,0.74,-0.05,3.21,69.3,1,1,Michigan,2024,100
Zach Garcia,Iowa,A-10,PF,6-7,79,242,R-JR,2024,27,86.4,8.0,11.3,3.5,2.0,28.1,0.44,0.396,0.299,0.679,5.0,14.7,16.8,9.6,0.2,7.08,120.8,108.5,1.0,0.04,1.0,0.86,0.86,0.82,-0.04,3.21,69.3,1,1,Eastern Kentucky,2024,101
Nathan Cooper,TCU,Sun Belt,SG,6-2,74,210,FR,2021,33,528.3371013627183,40.02553798202411,11.0,1.9,1.8,34.6,0.569,0.358,0.634,0.717,2.1,8.4,14.8,13.5,1.12,0.52,120.4,104.1,3.35,0.88,3.35,0.72,0.72,0.74,0.02,3.2,69.2,1,1,Houston,2021,102
Vince Evans,Oklahoma,Big Ten,PF,6-7,79,198,R-FR,2020,33,373.21958570526044,28.274211038277304,10.1,4.4,0.4,22.6,0.503,0.319,0.114,0.642,8.4,15.8,3.0,14.5,2.77,2.64,103.4,100.9,2.24,0.42,2.24,1.0,1.0,0.71,-0.29,3.19,69.2,1,1,Pittsburgh,2020,103
Zach King,James Madison,MAC,SG,6-4,76,176,JR,2024,29,178.81471034578627,15.415061236705712,7.8,2.3,2.8,21.0,0.615,0.35,0.174,0.766,1.6,11.2,23.0,11.3,1.55,2.03,102.1,99.6,-0.22,-0.02,-0.22,0.76,0.76,0.93,0.17,3.17,69.0,1,1,Purdue,2024,104
Evan Parker,Stanford,CUSA,G,6-2,74,201,JR,2022,33,389.5398495432362,29.510594662366376,4.2,1.8,2.7,14.7,0.532,0.424,0.336,0.659,0.2,9.9,22.7,18.5,1.8,0.92,107.7,101.8,0.11,0.02,0.11,0.74,0.74,0.74,0.0,3.16,69.0,1,1,UCLA,2022,105
Luke Carter,Texas,A-10,SF,6-6,78,198,R-JR,2023,31,99.2,8.0,7.3,3.2,1.6,20.2,0.557,0.287,0.233,0.792,1.7,16.3,13.2,13.6,0.49,1.35,116.0,90.5,0.62,0.03,0.62,0.86,0.86,0.96,0.1,3.15,68.9,1,1,Tulsa,2023,106
Isaiah Robinson,Indiana,SEC,PF,6-10,82,208,FR,2021,34,155.80193850066513,11.456024889754788,3.7,4.1,1.3,18.5,0.448,0.46,0.44,0.576,11.4,11.3,11.0,10.6,2.81,5.31,110.9,97.0,2.45,0.19,2.45,0.96,0.96,0.74,-0.22,3.15,68.9,1,1,Providence,2021,107
Owen Morris,Maryland,MVC,SG,6-3,75,218,R-JR,2020,23,201.38052280083383,21.8891872609602,8.4,2.7,2.1,15.9,0.568,0.363,0.385,0.658,3.1,12.1,17.1,14.5,3.82,0.1,102.5,96.1,2.32,0.23,2.32,0.79,0.79,0.71,-0.08,3.13,68.8,1,1,Florida State,2020,108
Reed Rogers,Providence,MVC,G,6-2,74,179,R-JR,2020,29,92.8,8.0,5.3,2.4,2.6,22.5,0.511,0.376,0.222,0.69,4.5,8.9,21.3,11.9,2.74,0.11,108.8,95.9,0.06,0.0,0.06,0.79,0.79,0.94,0.15,3.11,68.6,1,1,Georgia,2020,109
Jordan Cooper,Iowa,MVC,PG,6-4,76,167,R-FR,2020,27,585.6941333488426,54.23093827304098,4.4,2.7,0.9,15.5,0.545,0.371,0.241,0.718,3.2,12.0,7.6,26.0,3.42,2.03,108.5,105.3,2.21,0.65,2.21,0.79,0.79,0.71,-0.08,3.1,68.6,1,1,Duke,2020,110
Zion King,Tennessee,MVC,PG,6-2,74,192,R-JR,2022,24,392.1899069494498,40.853115307234354,5.8,1.9,1.7,19.8,0.549,0.44,0.447,0.672,2.7,7.7,13.9,27.6,3.8,1.32,116.6,111.1,1.6,0.31,1.6,0.79,0.79,0.77,-0.02,3.09,68.5,1,1,Minnesota,2022,111
Luka Adams,Penn State,AAC,C,6-8,80,179,JR,2020,36,691.5101870150107,48.0215407649313,8.9,2.7,0.5,27.4,0.488,0.267,0.323,0.764,1.6,13.2,4.1,5.8,3.08,9.67,107.7,103.8,1.57,0.54,1.57,0.83,0.83,1.0,0.17,3.08,68.5,1,1,Purdue,2020,112
Jaylen Hernandez,Minnesota,MAC,F,6-8,80,220,R-JR,2020,36,509.40417261903184,35.375289765210546,9.5,4.5,1.2,21.8,0.604,0.317,0.291,0.587,10.8,14.3,10.3,11.2,2.7,1.62,87.5,100.0,1.76,0.45,1.76,0.76,0.76,0.72,-0.04,3.06,68.4,1,1,LSU,2020,113
Malik Garcia,UNLV,CAA,C,7-0,84,198,JR,2023,27,311.5524102715683,28.847445395515585,5.1,4.0,0.4,13.2,0.537,0.383,0.146,0.692,3.9,18.5,3.6,6.1,1.47,3.88,103.9,100.6,1.13,0.18,1.13,0.77,0.77,0.69,-0.08,3.06,68.3,1,1,Northwestern,2023,114
Mike Evans,UCLA,Ivy,F,6-7,79,205,R-FR,2020,26,234.34803562854893,22.53346496428355,10.0,4.4,0.6,23.8,0.582,0.298,0.09,0.763,8.8,15.7,5.2,9.9,1.09,0.65,133.0,88.0,1.43,0.17,1.43,0.71,0.71,0.72,0.01,3.05,68.3,1,1,Butler,2020,115
Paul Wright,Duke,MAAC,PF,6-9,81,227,JR,2023,29,489.7338122760471,42.21843209276268,7.2,5.0,1.3,19.9,0.594,0.315,0.334,0.48,12.5,15.5,11.0,17.8,1.89,3.36,111.4,90.3,4.7,1.15,4.7,0.74,0.74,0.72,-0.02,3.03,68.2,1,1,Alabama,2023,116
Jordan Anderson,Iowa State,Big Ten,C,6-10,82,207,R-FR,2024,19,515.4908345503752,67.82774138820726,8.1,6.1,1.3,22.6,0.578,0.302,0.087,0.62,4.8,29.1,10.9,7.2,1.15,0.3,121.1,98.3,1.46,0.38,1.46,1.0,1.0,0.94,-0.06,3.02,68.1,1,1,Minnesota,2024,117
Trevion Campbell,UNLV,Big 12,C,6-10,82,197,FR,2023,30,464.8234693260821,38.73528911050684,7.0,4.9,0.5,25.0,0.461,0.367,0.206,0.566,8.1,19.0,4.4,10.7,0.79,6.02,110.5,88.2,-0.83,-0.19,-0.83,0.98,0.98,0.93,-0.05,2.99,67.9,1,1,Wichita State,2023,118
Jalen Cooper,Boise State,Big Ten,F,6-6,78,227,JR,2024,35,642.2559174828443,45.87542267734602,8.6,4.6,1.3,28.6,0.533,0.292,0.331,0.739,6.6,18.9,11.0,11.9,2.61,2.37,110.5,80.3,3.46,1.11,3.46,1.0,1.0,0.94,-0.06,2.97,67.8,1,1,Maryland,2024,119
Paul Lopez,George Mason,MAC,SG,6-8,80,198,R-JR,2023,25,554.365789594116,55.436578959411605,6.6,2.2,1.4,13.1,0.473,0.341,0.169,0.658,1.1,11.2,11.5,15.6,0.6,1.63,99.8,96.4,2.22,0.61,2.22,0.76,0.76,0.71,-0.05,2.97,67.8,1,1,UNLV,2023,120
Brandon Brown,Louisville,A-10,PF,6-5,77,216,R-JR,2022,26,83.2,8.0,14.4,5.0,1.2,22.4,0.537,0.368,0.287,0.695,10.9,17.0,9.6,14.8,2.15,5.4,118.4,102.8,2.33,0.1,2.33,0.86,0.86,0.74,-0.12,2.96,67.7,1,1,Georgetown,2022,121
Flynn Rivera,Duquesne,ACC,SG,6-2,74,217,R-JR,2020,33,643.9160899515952,48.781521966029935,5.4,2.3,1.5,29.0,0.589,0.271,0.223,0.773,2.7,10.0,12.3,17.5,0.9,3.46,131.5,87.4,3.4,1.09,3.4,0.94,0.94,0.96,0.02,2.96,67.7,1,1,Connecticut,2020,122
Marcus Wright,Richmond,MAAC,W,6-9,81,196,R-FR,2020,22,315.1023124038553,35.807080954983554,1.9,2.1,2.4,16.3,0.449,0.317,0.405,0.66,5.4,6.3,20.0,8.5,2.51,0.48,112.2,108.4,-0.73,-0.11,-0.73,0.74,0.74,0.74,0.0,2.94,67.7,1,1,UNLV,2020,123
DeShawn Clark,Nebraska,MAAC,SF,6-8,80,214,JR,2024,17,340.4113096350692,50.06048671103959,1.8,1.3,1.0,14.7,0.541,0.328,0.213,0.719,2.8,4.4,8.2,18.5,2.87,2.76,95.1,109.7,2.97,0.51,2.97,0.74,0.74,0.96,0.22,2.92,67.5,1,1,Georgia,2024,124
Brandon Wright,SMU,MVC,F,6-7,79,215,R-SO,2020,36,115.19999999999999,8.0,7.9,7.3,0.3,17.2,0.596,0.357,0.198,0.849,11.8,29.0,2.8,12.7,0.48,0.98,129.9,101.6,2.39,0.14,2.39,0.79,0.79,0.77,-0.02,2.91,67.5,1,1,Gonzaga,2020,125
Elijah Clark,TCU,Big East,SF,6-4,76,205,R-FR,2022,28,319.9122160348524,28.56359071739754,3.2,3.3,2.5,17.9,0.62,0.298,0.516,0.653,3.1,15.5,20.8,12.0,2.17,2.39,106.3,103.9,3.14,0.5,3.14,0.93,0.93,0.98,0.05,2.89,67.4,1,1,Austin Peay,2022,126
Xavier Adams,Fordham,SEC,F,6-5,77,206,R-FR,2023,32,203.72299175699504,15.915858731015238,7.8,4.0,1.1,19.4,0.696,0.388,0.324,0.693,10.4,11.7,9.6,10.9,3.56,0.87,105.5,92.1,2.7,0.28,2.7,0.96,0.96,0.77,-0.19,2.89,67.3,1,1,Hofstra,2023,127
Cole Collins,DePaul,SEC,F,6-6,78,155,R-FR,2022,35,640.3047878592218,45.736056275658704,11.1,4.8,0.2,15.6,0.472,0.325,0.093,0.676,11.6,15.3,1.1,7.4,2.21,0.1,107.1,89.8,1.26,0.4,1.26,0.96,0.96,0.83,-0.13,2.89,67.4,1,1,Louisville,2022,128
Ivan Wilson,Baylor,CAA,F,6-7,79,217,R-SO,2024,33,323.789726908431,24.529524765790228,9.8,5.9,1.2,17.5,0.572,0.265,0.239,0.919,7.7,24.9,10.0,15.0,3.21,1.68,111.2,97.7,0.72,0.12,0.72,0.77,0.77,1.0,0.23,2.87,67.2,1,1,Oregon,2024,129
Kyle Gonzalez,Houston,Big East,W,6-7,79,196,JR,2021,21,67.2,8.0,7.2,2.8,2.5,24.3,0.493,0.326,0.351,0.704,0.5,15.3,20.7,17.2,1.78,0.61,101.2,91.5,3.77,0.13,3.77,0.93,0.93,0.94,0.01,2.87,67.2,1,1,BYU,2021,130
Luke Thomas,Saint Louis,Big East,C,6-11,83,211,R-JR,2022,22,259.4253417910705,29.48015247625801,4.1,4.5,0.8,21.7,0.562,0.276,0.007,0.686,9.7,15.3,7.0,12.0,2.87,5.56,120.6,97.7,1.94,0.25,1.94,0.93,0.93,0.72,-0.21,2.86,67.1,1,1,Florida,2022,131
Cade Mitchell,Ohio State,Big Ten,W,6-5,77,184,R-FR,2022,33,483.76559278157595,36.648908544058784,1.0,1.8,0.8,12.5,0.576,0.299,0.394,0.841,0.5,9.6,6.4,8.5,3.19,0.97,92.8,97.0,2.5,0.6,2.5,1.0,1.0,0.76,-0.24,2.85,67.1,1,1,Connecticut,2022,132
Tyrese Scott,Villanova,MAC,F,6-8,80,195,JR,2020,26,264.0256687041455,25.387083529244766,6.4,6.8,1.2,15.8,0.541,0.367,0.231,0.723,10.9,26.6,9.7,11.6,3.71,2.47,108.2,99.0,0.25,0.03,0.25,0.76,0.76,0.69,-0.07,2.85,67.1,1,1,Providence,2020,133
Will Murphy,Eastern Kentucky,Horizon,PF,6-8,80,185,JR,2023,36,630.7501131975234,43.802091194272464,9.4,5.1,1.0,21.2,0.557,0.415,0.244,0.772,9.0,19.5,8.5,14.9,1.11,5.55,104.3,102.2,4.64,1.46,4.64,0.71,0.71,0.94,0.23,2.83,67.0,1,1,Penn State,2023,134
Tanner Lopez,Auburn,ACC,PF,6-7,79,201,R-JR,2021,29,177.59765245381158,15.310142452914791,6.6,3.6,0.5,11.4,0.539,0.366,0.014,0.735,4.4,15.7,3.9,10.1,2.0,1.63,113.3,100.9,4.06,0.36,4.06,0.94,0.94,0.7,-0.24,2.82,66.9,1,1,DePaul,2021,135
Tyler Baker,Georgia,Big Ten,PG,6-2,74,202,R-FR,2024,23,438.8119790718408,47.69695424693922,10.1,1.9,3.1,19.4,0.565,0.296,0.597,0.657,2.5,7.8,25.6,24.6,3.81,2.4,97.8,106.7,0.69,0.15,0.69,1.0,1.0,0.98,-0.02,2.8,66.8,1,1,Connecticut,2024,136
Ryan Morris,Saint Louis,A-10,C,6-7,79,245,R-JR,2020,25,136.02766566946175,13.602766566946174,3.0,4.6,1.1,17.5,0.531,0.234,0.313,0.67,5.7,20.0,9.2,12.1,2.64,4.16,117.4,90.0,1.85,0.13,1.85,0.86,0.86,0.96,0.1,2.79,66.8,1,1,Northwestern,2020,137
Blake Taylor,Maryland,Big East,SF,6-5,77,217,R-FR,2023,21,265.18882810193816,31.570098583564064,10.8,2.1,1.1,29.5,0.586,0.298,0.14,0.656,1.3,10.5,9.4,18.4,0.2,0.16,118.5,94.5,2.73,0.36,2.73,0.93,0.93,0.96,0.03,2.78,66.7,1,1,Wichita State,2023,138
DeShawn Morgan,USC,CUSA,PF,6-8,80,206,R-JR,2024,31,447.8284052155456,36.11519396899561,4.4,5.2,1.1,14.4,0.566,0.341,0.206,0.683,9.5,19.2,9.4,5.8,2.34,4.01,114.1,98.7,3.96,0.89,3.96,0.74,0.74,0.72,-0.02,2.77,66.6,1,1,Arizona,2024,139
Reed Turner,Richmond,MVC,SF,6-6,78,188,SR,2023,26,160.7470091083923,15.45644318349926,8.2,2.9,1.1,20.7,0.498,0.324,0.245,0.809,6.5,9.8,9.6,8.1,0.66,2.55,117.5,95.3,1.5,0.12,1.5,0.79,0.79,1.0,0.21,2.76,66.5,1,1,Purdue,2023,140
Ryan Nelson,Notre Dame,Big Ten,SF,6-5,77,196,JR,2021,29,369.7723982801119,31.876930886216538,1.6,3.0,3.1,11.1,0.546,0.256,0.413,0.614,4.8,11.9,26.1,13.3,0.2,1.7,119.1,101.2,0.31,0.06,0.31,1.0,1.0,0.94,-0.06,2.76,66.6,1,1,Eastern Kentucky,2021,141
Kofi Hill,Boise State,A-10,C,6-10,82,206,JR,2020,31,151.38235299843657,12.208254274067466,8.8,3.8,1.3,27.3,0.672,0.294,0.3,0.577,3.0,18.1,10.6,15.8,1.63,4.98,114.7,97.8,1.24,0.09,1.24,0.86,0.86,0.74,-0.12,2.76,66.6,1,1,Duquesne,2020,142
Jake Clark,Hofstra,OVC,G,6-3,75,185,R-JR,2022,29,670.8739522032467,57.83396139683162,2.1,2.1,2.8,21.5,0.528,0.334,0.573,0.77,0.5,10.9,23.6,20.3,0.2,1.5,109.5,95.1,1.51,0.51,1.51,0.69,0.69,0.86,0.17,2.76,66.5,1,1,Villanova,2022,143
Isaiah Williams,Iowa,MVC,PF,7-0,84,256,R-JR,2021,30,198.32589755366234,16.527158129471864,10.2,4.9,1.0,21.9,0.599,0.242,0.103,0.574,8.8,18.7,8.0,17.0,2.16,0.62,124.1,91.9,1.56,0.15,1.56,0.79,0.79,0.72,-0.07,2.75,66.5,1,1,Stanford,2021,144
Todd Jackson,Duquesne,AAC,PF,6-7,79,239,R-FR,2024,29,325.67901236341044,28.07577692788021,6.9,5.7,1.2,17.5,0.534,0.241,0.172,0.683,15.7,16.1,10.2,13.6,3.6,2.47,121.4,97.8,4.38,0.71,4.38,0.83,0.83,1.0,0.17,2.75,66.5,1,1,Minnesota,2024,145
Isaiah Carter,Belmont,AAC,PF,6-7,79,192,SR,2022,31,351.0811116285495,28.312992873270122,3.8,3.3,1.5,21.0,0.529,0.252,0.204,0.746,6.2,12.3,12.2,18.5,3.69,0.3,120.6,94.9,3.0,0.53,3.0,0.83,0.83,0.96,0.13,2.75,66.5,1,1,Clemson,2022,146
Paul Turner,Villanova,Big 12,C,6-8,80,195,R-JR,2020,27,345.76932081068713,32.0156778528414,3.9,4.9,0.3,22.5,0.558,0.328,0.0,0.644,11.8,15.3,2.5,14.8,1.62,7.16,111.0,96.4,2.59,0.45,2.59,0.98,0.98,0.71,-0.27,2.75,66.5,1,1,Florida State,2020,147
Darius Parker,Wake Forest,CAA,W,6-4,76,188,SO,2022,26,308.1442926009652,29.62925890393896,3.1,2.6,1.0,16.4,0.559,0.322,0.418,0.73,4.7,10.0,8.4,10.9,4.02,1.23,112.7,90.0,3.87,0.6,3.87,0.77,0.77,0.96,0.19,2.72,66.3,1,1,Florida,2022,148
Elijah Bailey,Minnesota,Big Ten,PG,6-0,72,204,SR,2024,24,313.9057337841654,32.69851393585056,9.9,3.1,2.5,31.2,0.646,0.43,0.695,0.621,0.6,16.5,20.9,13.9,2.66,0.38,115.0,93.0,3.58,0.56,3.58,1.0,1.0,0.71,-0.29,2.72,66.3,1,1,Saint Louis,2024,149
Omar Sanchez,Illinois,CAA,C,6-8,80,185,FR,2020,37,321.3908210941475,21.715596019874834,13.3,5.5,0.9,25.3,0.503,0.319,0.122,0.677,12.6,18.2,7.2,9.2,2.52,3.21,114.8,114.2,0.22,0.04,0.22,0.77,0.77,0.93,0.16,2.71,66.3,1,1,George Mason,2020,150
Kyle Hernandez,Murray State,SEC,C,6-7,79,180,SO,2022,22,171.05017609072618,19.437520010309793,7.5,5.9,1.3,24.8,0.482,0.311,0.299,0.629,13.3,19.7,10.6,11.8,0.2,7.94,112.1,92.0,3.56,0.3,3.56,0.96,0.96,0.7,-0.26,2.71,66.3,1,1,Davidson,2022,151
Zion Young,Baylor,Big 12,PG,6-1,73,221,R-FR,2022,31,609.0929630242742,49.12040024389308,8.8,1.9,2.9,22.2,0.566,0.39,0.446,0.677,2.7,7.7,24.4,18.4,1.89,1.32,111.3,87.4,1.67,0.51,1.67,0.98,0.98,0.76,-0.22,2.71,66.2,1,1,Tulsa,2022,152
Derek Moore,Saint Louis,MAC,PG,6-0,72,164,R-JR,2023,23,173.8762373138837,18.899591012378664,3.2,2.9,3.3,11.5,0.479,0.319,0.371,0.74,2.8,13.4,27.7,21.7,2.56,2.04,107.8,99.6,2.44,0.21,2.44,0.76,0.76,0.77,0.01,2.7,66.2,1,1,USC,2023,153
Tyrese Lewis,Virginia Tech,Ivy,F,6-7,79,209,R-SO,2022,26,365.9037134993363,35.183049374936175,6.6,5.2,1.6,27.7,0.498,0.306,0.0,0.918,9.1,19.7,13.3,13.6,2.95,1.08,100.1,100.8,2.52,0.46,2.52,0.71,0.71,0.98,0.27,2.67,66.0,1,1,Kansas,2022,154
Brandon Perez,Gonzaga,Big 12,SG,6-7,79,209,FR,2020,22,229.19321683549384,26.044683731306115,11.5,1.2,1.1,20.8,0.466,0.335,0.497,0.681,3.4,3.4,9.3,15.1,2.22,2.24,118.7,105.4,0.62,0.07,0.62,0.98,0.98,0.98,0.0,2.67,66.0,1,1,Illinois,2020,155
Kyle Thompson,Air Force,Big 12,W,6-5,77,174,R-FR,2022,26,96.93219195266698,9.320403072371825,9.5,4.0,2.8,27.3,0.432,0.431,0.309,0.599,7.6,14.4,23.4,22.6,0.2,2.66,106.9,101.4,0.42,0.02,0.42,0.98,0.98,0.76,-0.22,2.66,66.0,1,1,Virginia,2022,156
Tyler Carter,Providence,Big 12,G,6-2,74,207,JR,2020,28,369.9266910552023,33.02916884421449,3.9,3.0,4.0,14.3,0.61,0.327,0.067,0.649,4.1,12.5,33.2,16.1,1.89,0.53,110.7,105.2,2.28,0.42,2.28,0.98,0.98,0.74,-0.24,2.66,66.0,1,1,Ohio State,2020,157
Damian Hall,UCLA,SEC,SF,6-7,79,193,JR,2020,35,420.42968752315505,30.030691965939642,2.6,2.8,1.9,20.6,0.62,0.32,0.29,0.7,4.1,11.6,16.1,12.4,2.01,1.31,109.9,95.5,1.89,0.4,1.89,0.96,0.96,0.96,0.0,2.65,65.9,1,1,Tulsa,2020,158
Nathan Jackson,Michigan State,ACC,SG,6-4,76,203,SR,2024,31,378.3986447076452,30.516019734487514,3.3,2.5,0.7,15.1,0.53,0.338,0.427,0.618,4.0,9.7,5.8,14.1,1.16,0.1,106.0,95.9,2.85,0.54,2.85,0.94,0.94,0.93,-0.01,2.65,65.9,1,1,Rutgers,2024,159
Nathan Martinez,Pittsburgh,Big Ten,C,6-10,82,203,R-FR,2020,32,256.4883756453188,20.03815434729053,6.2,5.0,1.5,20.2,0.547,0.248,0.153,0.734,7.2,20.5,12.8,10.8,2.76,3.19,108.1,101.5,3.56,0.46,3.56,1.0,1.0,0.79,-0.21,2.65,65.9,1,1,Maryland,2020,160
Cole Thompson,Nebraska,Big 12,SG,6-1,73,197,R-JR,2020,22,70.4,8.0,2.5,1.8,1.9,26.7,0.518,0.378,0.258,0.665,3.6,6.2,15.4,11.3,2.69,2.14,88.8,108.9,3.11,0.11,3.11,0.98,0.98,0.71,-0.27,2.65,65.9,1,1,James Madison,2020,161
Owen Perez,DePaul,WAC,F,6-4,76,208,JR,2022,29,362.8334515378023,31.278745822224334,5.3,4.3,1.3,13.5,0.575,0.349,0.318,0.766,8.3,15.6,11.0,12.8,0.72,2.41,106.1,95.4,1.63,0.29,1.63,0.7,0.7,0.74,0.04,2.64,65.9,1,1,Penn State,2022,162
Cole Rogers,Wisconsin,Big East,SG,6-3,75,201,FR,2020,35,553.5838250300937,39.54170178786384,10.6,2.0,2.5,27.1,0.647,0.302,0.351,0.736,2.6,8.8,20.7,14.9,3.21,0.47,117.6,88.8,3.1,0.86,3.1,0.93,0.93,0.71,-0.22,2.64,65.8,1,1,UNLV,2020,163
Henry Campbell,Kentucky,Ivy,PF,6-9,81,223,R-JR,2022,29,316.2520278231161,27.263105846820356,9.5,4.4,0.9,18.3,0.551,0.288,0.027,0.579,3.3,21.2,7.6,5.5,2.14,1.38,124.3,95.7,0.84,0.13,0.84,0.71,0.71,0.71,0.0,2.63,65.8,1,1,Notre Dame,2022,164
Damian Morris,Ohio State,Big 12,PF,6-7,79,222,R-JR,2023,23,278.8653059493115,30.31144629883821,5.4,4.4,1.1,15.6,0.425,0.152,0.0,0.554,12.8,11.6,8.8,15.9,3.05,3.76,106.2,99.2,2.19,0.31,2.19,0.98,0.98,0.82,-0.16,2.62,65.7,1,1,TCU,2023,165
Owen Mitchell,Georgia,A-10,SF,6-5,77,208,R-FR,2024,34,585.8556802912456,43.07762355082688,1.0,4.5,2.3,11.4,0.583,0.363,0.602,0.635,10.5,14.5,18.8,17.8,0.86,2.5,115.6,95.9,2.86,0.84,2.86,0.86,0.86,0.76,-0.1,2.61,65.6,1,1,Oregon,2024,166
Luke Murphy,Iowa,ACC,W,6-5,77,213,FR,2022,30,195.79213067057762,16.3160108892148,6.7,4.2,2.0,32.6,0.51,0.444,0.472,0.784,7.3,16.2,16.6,10.0,1.38,2.47,106.2,106.3,1.26,0.12,1.26,0.94,0.94,0.71,-0.23,2.58,65.5,1,1,William & Mary,2022,167
Ivan Moore,Hofstra,A-10,C,6-8,80,234,JR,2021,22,205.30051931310027,23.329604467397758,8.5,4.7,1.7,25.1,0.485,0.251,0.159,0.636,11.0,15.0,13.9,10.6,4.62,7.49,109.3,99.0,2.13,0.22,2.13,0.86,0.86,0.71,-0.15,2.58,65.5,1,1,Eastern Kentucky,2021,168
Owen Johnson,Kentucky,CUSA,C,7-1,85,166,R-JR,2024,26,170.6560439583463,16.409234995994836,5.7,5.0,1.0,19.4,0.465,0.293,0.131,0.536,6.5,21.5,8.2,10.9,1.27,2.97,120.6,92.2,0.15,0.01,0.15,0.74,0.74,0.69,-0.05,2.57,65.4,1,1,Virginia,2024,169
Cole Williams,George Mason,ACC,W,6-7,79,203,FR,2020,28,260.71487404960845,23.278113754429324,7.7,3.7,2.5,22.6,0.476,0.338,0.287,0.82,6.0,14.5,21.1,19.6,2.78,1.2,98.1,99.5,1.01,0.13,1.01,0.94,0.94,1.0,0.06,2.57,65.4,1,1,Auburn,2020,170
Cameron Baker,Dayton,WCC,PF,6-11,83,196,SO,2020,19,94.0916696318753,12.380482846299381,3.9,5.7,0.6,15.4,0.613,0.263,0.254,0.77,12.3,19.1,4.8,14.5,2.92,0.3,123.6,83.8,2.12,0.1,2.12,0.82,0.82,0.69,-0.13,2.56,65.4,1,1,Georgetown,2020,171
Damian Adams,Oklahoma,Big 12,W,6-6,78,235,R-FR,2021,14,188.27677075181367,33.620851919966725,8.5,3.5,1.1,21.6,0.53,0.323,0.366,0.587,9.0,10.7,9.1,16.2,2.31,1.14,106.9,98.0,1.69,0.16,1.69,0.98,0.98,0.74,-0.24,2.54,65.2,1,1,Auburn,2021,172
Uriah Cook,Georgetown,A-10,SG,6-5,77,235,SO,2022,35,704.8558111820473,50.34684365586053,8.3,1.9,2.3,19.6,0.499,0.396,0.144,0.681,3.1,7.2,19.5,14.4,0.98,1.1,102.8,104.9,0.11,0.04,0.11,0.86,0.86,0.71,-0.15,2.53,65.2,1,1,Richmond,2022,173
Xavier Martinez,William & Mary,Big East,PF,6-7,79,195,R-JR,2023,28,89.60000000000001,8.0,3.2,4.7,1.9,15.8,0.567,0.288,0.31,0.766,3.0,23.0,15.8,16.3,0.97,1.79,112.0,101.8,1.77,0.08,1.77,0.93,0.93,0.77,-0.16,2.51,65.0,1,1,Virginia,2023,174
Luka Thompson,Fordham,Big Ten,G,6-1,73,200,R-FR,2020,29,414.414669619633,35.725402553416636,11.0,1.9,3.7,29.0,0.475,0.293,0.13,0.715,3.3,7.1,30.7,18.9,1.38,0.91,110.7,98.5,1.62,0.34,1.62,1.0,1.0,0.94,-0.06,2.5,65.0,1,1,Duquesne,2020,175
Brandon Thomas,Syracuse,ACC,F,6-6,78,188,R-FR,2022,27,229.00691008686897,21.204343526561942,3.2,5.7,0.6,19.0,0.495,0.344,0.0,0.612,10.8,20.8,4.8,14.0,3.53,1.45,101.8,103.5,2.28,0.26,2.28,0.94,0.94,0.83,-0.11,2.5,65.0,1,1,Duquesne,2022,176
Cade Young,Rutgers,MAAC,F,6-8,80,231,SO,2024,29,255.65688940079804,22.039387017310176,9.6,3.4,1.1,26.4,0.586,0.362,0.12,0.686,1.0,17.6,9.1,14.6,4.0,2.21,120.3,98.9,2.45,0.31,2.45,0.74,0.74,0.69,-0.05,2.49,65.0,1,1,North Carolina,2024,177
Cole Carter,Gonzaga,SEC,C,6-10,82,203,R-JR,2024,28,410.04414839317286,36.61108467796186,6.3,4.5,1.1,19.0,0.457,0.214,0.29,0.529,10.8,14.0,9.2,13.4,2.27,9.47,105.2,89.5,2.79,0.57,2.79,0.96,0.96,0.96,0.0,2.48,64.9,1,1,Michigan,2024,178
Kyle Rogers,Butler,AAC,C,7-0,84,180,R-FR,2020,35,641.442210289565,45.817300734968924,5.4,5.6,0.3,25.4,0.465,0.377,0.33,0.676,1.0,30.3,2.7,19.0,1.03,1.36,109.9,98.3,3.07,0.98,3.07,0.83,0.83,0.86,0.03,2.47,64.8,1,1,TCU,2020,179
Cole Davis,Duke,CUSA,W,6-4,76,231,R-JR,2023,31,449.12675059531887,36.219899241557975,5.8,2.0,0.7,12.5,0.578,0.307,0.249,0.724,8.0,3.0,5.8,5.5,1.28,1.47,123.9,90.7,3.33,0.75,3.33,0.74,0.74,0.74,0.0,2.47,64.8,1,1,Tennessee Tech,2023,180
Ben Adams,BYU,ACC,SG,6-5,77,211,JR,2022,37,310.98889497556866,21.01276317402491,3.1,1.5,1.2,14.9,0.495,0.26,0.219,0.73,2.1,6.1,9.8,9.7,1.31,2.52,124.3,109.4,-0.74,-0.11,-0.74,0.94,0.94,1.0,0.06,2.47,64.8,1,1,George Mason,2022,181
Tyrese Davis,Virginia,MVC,W,6-6,78,209,SR,2024,29,585.7206614390496,50.49316046888359,3.1,4.1,1.8,21.8,0.495,0.36,0.158,0.649,7.1,15.5,15.2,12.4,2.01,0.75,109.1,103.9,4.19,1.23,4.19,0.79,0.79,0.76,-0.03,2.46,64.7,1,1,Murray State,2024,182
Marcus Phillips,Michigan State,SEC,C,6-10,82,205,R-JR,2023,25,409.7851114209593,40.97851114209593,4.4,6.0,0.6,13.0,0.444,0.436,0.033,0.785,10.9,22.6,5.0,10.5,1.23,6.96,120.7,97.9,2.61,0.54,2.61,0.96,0.96,0.74,-0.22,2.46,64.7,1,1,Georgia,2023,183
Grant Adams,Arizona,Big 12,C,6-10,82,201,R-SO,2020,30,455.0182333512708,37.9181861126059,15.4,3.6,0.9,26.6,0.499,0.39,0.387,0.834,8.4,11.3,7.7,11.6,1.57,3.55,100.7,102.4,2.32,0.53,2.32,0.98,0.98,0.71,-0.27,2.43,64.6,1,1,Utah State,2020,184
Kyle Scott,Notre Dame,SEC,SG,6-2,74,189,R-FR,2023,29,339.0663426479753,29.229857124825458,8.1,2.1,2.4,18.3,0.569,0.381,0.408,0.582,0.4,11.4,20.0,15.3,3.7,2.56,116.8,92.7,2.76,0.47,2.76,0.96,0.96,0.86,-0.1,2.42,64.5,1,1,Hofstra,2023,185
Flynn Cooper,Minnesota,Sun Belt,W,6-7,79,188,R-JR,2024,32,437.32973430323597,34.16638549244031,5.7,3.2,1.5,17.2,0.547,0.265,0.256,0.765,6.8,11.2,12.8,12.8,1.11,2.42,102.1,99.9,1.78,0.39,1.78,0.72,0.72,0.71,-0.01,2.42,64.5,1,1,UCLA,2024,186
Kyle Sanchez,Tennessee,Big 12,F,6-6,78,211,FR,2022,23,294.8782484204418,32.05198352396106,3.3,4.7,1.0,26.2,0.532,0.346,0.17,0.824,9.0,17.1,8.4,12.1,2.59,0.56,119.3,105.6,4.36,0.64,4.36,0.98,0.98,0.76,-0.22,2.42,64.5,1,1,Georgetown,2022,187
Marcus Adams,Saint Mary's,A-10,PF,6-8,80,192,R-FR,2022,26,357.19518384107505,34.34569075394952,9.9,4.9,1.3,24.7,0.448,0.369,0.27,0.752,7.5,19.6,11.2,20.2,0.59,2.98,107.4,101.4,1.58,0.28,1.58,0.86,0.86,0.82,-0.04,2.42,64.5,1,1,Syracuse,2022,188
Evan Edwards,Kansas,Big Ten,PG,6-3,75,203,JR,2024,20,323.38737674573156,40.423422093216445,8.1,2.0,2.7,19.4,0.547,0.333,0.627,0.559,3.6,7.8,22.7,22.3,3.01,2.12,104.0,101.7,1.0,0.16,1.0,1.0,1.0,0.69,-0.31,2.41,64.5,1,1,Purdue,2024,189
Todd Morgan,Dayton,Horizon,SF,6-7,79,217,JR,2021,27,89.36027355215612,8.274099402977416,11.0,3.6,1.9,13.8,0.583,0.322,0.322,0.637,6.1,13.8,16.2,10.1,0.55,1.76,107.6,110.2,3.37,0.15,3.37,0.71,0.71,0.74,0.03,2.4,64.4,1,1,Pittsburgh,2021,190
Andrej Davis,Boise State,Big 12,C,6-8,80,182,JR,2022,30,242.22901019624,20.185750849686666,7.0,4.8,0.9,21.6,0.505,0.31,0.365,0.669,3.3,23.3,7.7,15.9,2.58,4.17,112.9,109.8,3.42,0.41,3.42,0.98,0.98,0.82,-0.16,2.4,64.4,1,1,Baylor,2022,191
Reed Wright,Wisconsin,WAC,SG,6-4,76,228,R-FR,2020,33,470.50977007262753,35.64467955095663,8.4,2.1,3.0,32.5,0.454,0.307,0.327,0.591,0.7,10.9,25.4,11.7,2.55,1.72,117.1,112.5,1.89,0.45,1.89,0.7,0.7,0.74,0.04,2.37,64.2,1,1,Air Force,2020,192
Tanner Collins,Wake Forest,MAAC,F,6-8,80,204,JR,2021,31,99.2,8.0,1.8,6.5,1.3,23.2,0.579,0.331,0.189,0.729,12.6,23.3,10.5,8.9,0.2,2.82,124.9,95.4,2.96,0.15,2.96,0.74,0.74,0.71,-0.03,2.37,64.2,1,1,Louisville,2021,193
Andre Perez,Tennessee,WAC,W,6-4,76,215,R-FR,2020,21,342.7259737226617,40.80071115745972,1.9,2.5,2.9,22.9,0.554,0.405,0.514,0.817,5.2,8.5,24.5,7.9,0.77,2.07,124.1,100.3,1.55,0.27,1.55,0.7,0.7,0.71,0.01,2.36,64.1,1,1,Indiana,2020,194
Reed Perez,Stanford,AAC,PG,6-3,75,218,JR,2023,21,67.2,8.0,6.5,0.7,1.9,32.2,0.498,0.367,0.247,0.62,1.5,2.4,15.8,20.3,1.97,1.09,116.6,91.9,-0.21,-0.01,-0.21,0.83,0.83,0.76,-0.07,2.31,63.9,1,1,Arizona,2023,195
Patrick Thomas,Minnesota,Big Ten,C,6-8,80,198,R-SO,2021,34,346.7848182302347,25.49888369339961,10.2,5.3,0.5,16.1,0.541,0.205,0.1,0.91,7.7,21.8,3.8,8.2,2.01,8.75,100.5,94.2,1.07,0.19,1.07,1.0,1.0,0.93,-0.07,2.31,63.9,1,1,Duke,2021,196
Vince Cooper,Seton Hall,WAC,F,6-7,79,217,R-JR,2023,27,211.01692349200357,19.53860402703737,4.0,3.9,0.2,26.0,0.554,0.17,0.113,0.634,5.4,16.1,1.2,10.7,2.24,0.46,107.2,99.3,-0.21,-0.02,-0.21,0.7,0.7,0.86,0.16,2.3,63.8,1,1,Georgia,2023,197
Reed Thomas,Boise State,CAA,SG,6-2,74,193,R-JR,2022,25,364.3389034453762,36.43389034453762,2.4,1.5,1.6,23.2,0.504,0.384,0.539,0.628,2.8,5.6,13.4,13.0,2.19,2.42,103.3,110.7,1.15,0.21,1.15,0.77,0.77,0.74,-0.03,2.29,63.7,1,1,DePaul,2022,198
Luke Reed,Butler,SEC,PF,6-9,81,174,FR,2022,35,325.78653390016365,23.270466707154544,9.4,5.5,0.8,21.6,0.454,0.336,0.136,0.652,8.2,22.1,7.0,8.3,3.35,5.5,117.1,102.7,2.8,0.46,2.8,0.96,0.96,0.96,0.0,2.28,63.7,1,1,Saint Louis,2022,199
Todd Turner,Louisville,Big 12,W,6-3,75,155,R-FR,2023,33,233.37972997317212,17.68028257372516,6.6,2.9,1.5,20.1,0.538,0.247,0.293,0.653,6.1,10.1,12.2,5.0,3.08,0.27,104.8,100.9,0.6,0.07,0.6,0.98,0.98,0.82,-0.16,2.28,63.7,1,1,Iowa,2023,200
Isaiah Evans,Austin Peay,Big Ten,SF,6-4,76,197,R-FR,2022,22,167.96719948878246,19.087181760088914,6.0,4.2,2.1,21.9,0.56,0.352,0.091,0.875,4.5,19.0,17.7,13.1,4.24,2.07,109.4,95.7,1.99,0.17,1.99,1.0,1.0,0.83,-0.17,2.27,63.6,1,1,Saint Louis,2022,201
Evan Scott,Saint Mary's,ACC,SG,6-2,74,181,R-JR,2023,29,322.3605944173332,27.78970641528734,2.8,0.9,1.5,17.6,0.478,0.385,0.217,0.703,1.8,3.3,12.6,11.0,1.92,1.72,93.2,105.2,4.18,0.67,4.18,0.94,0.94,0.86,-0.08,2.27,63.6,1,1,Minnesota,2023,202
Grant King,Penn State,MVC,PF,6-8,80,197,R-SO,2024,31,628.3830636885027,50.676053523266354,6.6,4.5,0.2,17.4,0.49,0.332,0.416,0.776,7.5,17.5,1.2,16.2,1.1,7.47,111.2,111.7,0.55,0.17,0.55,0.79,0.79,0.74,-0.05,2.26,63.5,1,1,USC,2024,203
Cameron White,Stanford,Big 12,PF,6-7,79,203,R-JR,2021,35,459.915040303766,32.85107430741186,13.4,3.9,1.3,33.3,0.493,0.338,0.0,0.569,9.3,12.3,11.2,10.4,1.0,2.09,116.7,85.9,1.89,0.44,1.89,0.98,0.98,0.71,-0.27,2.25,63.5,1,1,Northwestern,2021,204
Trevion Turner,Florida,Big 12,W,6-7,79,206,R-FR,2022,29,620.6309020611625,53.50266397078986,7.1,3.4,1.4,18.3,0.555,0.364,0.305,0.511,10.1,8.6,11.3,11.6,4.05,2.02,116.4,104.1,0.73,0.23,0.73,0.98,0.98,0.93,-0.05,2.25,63.5,1,1,Nebraska,2022,205
Todd Reed,Air Force,Big East,PF,6-7,79,217,R-SO,2021,25,475.629093515098,47.5629093515098,10.2,6.6,1.7,19.3,0.628,0.295,0.12,0.722,20.7,16.3,14.1,12.3,3.37,0.3,128.1,100.3,0.73,0.17,0.73,0.93,0.93,0.74,-0.19,2.22,63.3,1,1,Mississippi State,2021,206
Patrick Clark,Indiana,MAC,SF,6-5,77,218,JR,2020,26,83.2,8.0,7.4,3.2,1.9,23.9,0.484,0.389,0.187,0.579,3.6,14.2,16.2,7.5,2.49,1.66,109.2,102.5,-0.61,-0.03,-0.61,0.76,0.76,0.96,0.2,2.22,63.3,1,1,James Madison,2020,207
Uriah Williams,Miami,WAC,SF,6-6,78,187,R-JR,2021,32,643.380546469819,50.26410519295462,1.0,3.0,1.4,22.2,0.607,0.351,0.566,0.594,5.6,11.1,11.9,11.7,2.36,2.22,124.0,97.5,-0.59,-0.19,-0.59,0.7,0.7,0.77,0.07,2.21,63.3,1,1,James Madison,2021,208
Trevion Cook,USC,ACC,F,6-7,79,231,JR,2020,26,261.38000904081883,25.132693177001816,2.7,5.1,0.2,17.9,0.472,0.31,0.396,0.687,5.7,22.8,1.0,15.7,0.77,2.16,105.6,100.2,2.62,0.34,2.62,0.94,0.94,1.0,0.06,2.21,63.2,1,1,Wisconsin,2020,209
Henry Rogers,Nevada,AAC,SF,6-7,79,249,R-FR,2022,34,427.2133438793917,31.41274587348468,5.1,3.2,0.6,21.7,0.455,0.285,0.279,0.833,4.1,13.8,4.6,21.4,2.8,1.32,113.7,90.2,0.14,0.03,0.14,0.83,0.83,0.86,0.03,2.2,63.2,1,1,Wichita State,2022,210
Nick Moore,Auburn,AAC,PF,6-10,82,236,R-JR,2020,27,86.4,8.0,7.7,6.0,1.1,19.9,0.517,0.341,0.295,0.681,2.6,30.5,9.0,12.3,3.46,3.52,120.7,96.8,3.35,0.14,3.35,0.83,0.83,1.0,0.17,2.2,63.2,1,1,TCU,2020,211
Mike Williams,Memphis,Horizon,W,6-5,77,196,R-FR,2020,26,364.87805628161396,35.08442848861672,1.7,3.8,2.1,13.3,0.49,0.339,0.353,0.671,6.0,15.0,17.5,16.2,1.96,0.93,101.4,95.6,-1.67,-0.3,-1.67,0.71,0.71,0.74,0.03,2.19,63.2,1,1,Houston,2020,212
Evan Carter,Memphis,CAA,W,6-8,80,201,JR,2022,28,263.81458118792136,23.554873320350126,1.0,3.6,2.2,14.7,0.517,0.311,0.319,0.706,6.7,13.3,18.4,14.6,4.2,1.89,99.7,96.6,5.38,0.71,5.38,0.77,0.77,0.79,0.02,2.18,63.1,1,1,Boise State,2022,213
Tyler Morris,Houston,MAAC,F,6-8,80,200,JR,2023,28,210.71797455989173,18.814104871418905,7.8,4.1,1.3,17.0,0.513,0.27,0.0,0.76,7.1,15.8,10.9,15.7,2.2,0.87,113.5,99.4,-0.47,-0.05,-0.47,0.74,0.74,0.76,0.02,2.17,63.0,1,1,Purdue,2023,214
Zach Taylor,Alabama,WAC,SF,6-5,77,183,SO,2023,26,266.19236629843806,25.595419836388277,4.5,2.3,1.2,19.0,0.488,0.414,0.729,0.743,4.6,8.3,10.2,13.0,3.31,0.45,112.4,95.9,-0.13,-0.02,-0.13,0.7,0.7,0.69,-0.01,2.16,63.0,1,1,Marquette,2023,215
Nick Turner,DePaul,Big Ten,PF,6-9,81,189,R-JR,2024,29,280.9410438090317,24.219055500778598,7.9,6.7,0.5,22.9,0.521,0.297,0.13,0.745,11.7,25.5,4.3,15.7,0.56,6.91,105.3,102.7,2.92,0.41,2.92,1.0,1.0,0.96,-0.04,2.15,62.9,1,1,San Diego State,2024,216
Tyler Rivera,Rutgers,Big Ten,PF,6-7,79,204,SO,2020,21,432.5089550644677,51.48916131719854,7.5,5.1,0.3,18.3,0.433,0.313,0.235,0.816,5.8,22.6,2.4,8.6,1.94,1.75,113.0,94.1,-0.09,-0.02,-0.09,1.0,1.0,0.77,-0.23,2.15,62.9,1,1,James Madison,2020,217
Kyle Rivera,Notre Dame,Big Ten,PG,6-3,75,200,R-JR,2022,18,89.7182762826539,12.460871705924154,7.5,2.1,1.6,22.9,0.572,0.261,0.75,0.599,3.6,8.0,13.2,19.7,2.02,0.86,122.0,101.7,1.15,0.05,1.15,1.0,1.0,0.7,-0.3,2.15,62.9,1,1,Air Force,2022,218
Andrej King,Indiana,CAA,F,6-6,78,171,JR,2020,24,355.4188657315362,37.02279851370168,7.3,5.7,0.7,18.8,0.547,0.092,0.033,0.692,15.0,16.8,6.1,13.1,0.2,2.77,115.9,95.9,1.13,0.2,1.13,0.77,0.77,1.0,0.23,2.14,62.8,1,1,St. Bonaventure,2020,219
Quinn Robinson,USC,MAC,SG,6-3,75,215,R-SO,2020,26,224.7210744438314,21.607795619599173,5.8,1.6,0.8,20.3,0.561,0.249,0.481,0.834,3.3,5.4,6.6,10.4,2.3,2.93,105.2,95.1,0.77,0.09,0.77,0.76,0.76,1.0,0.24,2.13,62.8,1,1,Tennessee Tech,2020,220
Kyle Perez,TCU,ACC,C,7-0,84,202,R-FR,2023,35,556.9736515875205,39.783832256251465,4.8,4.3,0.3,20.2,0.598,0.336,0.252,0.712,10.0,14.1,2.8,13.5,1.1,2.38,108.4,107.3,-0.45,-0.12,-0.45,0.94,0.94,0.96,0.02,2.13,62.8,1,1,William & Mary,2023,221
Jake Moore,Utah State,MVC,W,6-5,77,176,JR,2020,21,333.91106279918205,39.75131699990263,12.6,2.2,2.5,23.3,0.642,0.303,0.36,0.584,1.8,10.5,20.5,8.4,3.43,1.31,114.7,99.3,2.26,0.38,2.26,0.79,0.79,0.77,-0.02,2.13,62.8,1,1,Richmond,2020,222
Marcus Rogers,Boston College,AAC,C,6-8,80,202,JR,2024,36,333.662771194358,23.17102577738597,7.3,3.9,0.8,14.5,0.507,0.281,0.415,0.624,4.8,16.9,6.4,14.6,1.85,5.38,123.2,93.0,0.56,0.09,0.56,0.83,0.83,0.72,-0.11,2.13,62.8,1,1,Saint Louis,2024,223
Max Baker,Dayton,Sun Belt,C,6-8,80,216,JR,2021,20,514.4940000783777,64.31175000979721,2.7,4.3,1.2,14.6,0.532,0.356,0.049,0.639,6.4,17.6,10.3,13.7,2.19,1.18,116.5,98.8,1.34,0.34,1.34,0.72,0.72,0.74,0.02,2.13,62.8,1,1,Virginia,2021,224
Luka Hernandez,Baylor,ACC,C,6-11,83,256,JR,2021,28,429.24096515703275,38.32508617473507,6.0,7.2,0.6,18.5,0.592,0.264,0.284,0.672,10.2,29.7,5.1,17.4,1.71,7.84,117.3,101.8,0.36,0.08,0.36,0.94,0.94,0.76,-0.18,2.13,62.8,1,1,Austin Peay,2021,225
Cade Bell,Rutgers,MAAC,PF,6-7,79,246,JR,2022,25,322.02196301017665,32.202196301017665,11.6,6.8,1.6,20.6,0.58,0.184,0.01,0.552,12.7,25.1,13.3,11.5,0.77,1.86,103.7,98.8,3.55,0.57,3.55,0.74,0.74,0.74,0.0,2.13,62.8,1,1,St. John's,2022,226
Marcus Jackson,Murray State,A-10,C,7-1,85,201,R-JR,2020,18,57.599999999999994,8.0,5.2,6.6,0.5,27.2,0.559,0.267,0.284,0.731,12.6,24.0,4.1,12.7,3.06,6.65,117.3,98.4,1.99,0.06,1.99,0.86,0.86,0.7,-0.16,2.12,62.7,1,1,SMU,2020,227
Jordan Clark,Oklahoma,Sun Belt,G,6-2,74,212,R-JR,2020,28,349.52939644857673,31.20798182576578,7.3,1.5,3.3,28.5,0.457,0.396,0.563,0.569,3.0,5.2,27.4,19.6,2.72,0.78,100.8,95.3,-0.46,-0.08,-0.46,0.72,0.72,0.7,-0.02,2.11,62.6,1,1,Auburn,2020,228
DeShawn Davis,Marquette,ACC,SF,6-2,74,210,R-JR,2024,33,467.91772526155967,35.448312519815126,8.7,3.9,0.4,21.5,0.495,0.222,0.06,0.743,6.6,14.9,3.5,19.8,1.64,0.89,115.2,98.7,2.17,0.51,2.17,0.94,0.94,0.71,-0.23,2.11,62.7,1,1,Indiana,2024,229
Max Morgan,Boston College,CUSA,PF,6-10,82,226,R-FR,2021,19,391.47269827763006,51.50956556284606,8.5,6.5,0.7,19.2,0.513,0.146,0.308,0.756,15.6,20.5,5.5,13.8,3.48,3.34,117.1,84.9,2.16,0.42,2.16,0.74,0.74,0.98,0.24,2.11,62.6,1,1,James Madison,2021,230
Grant Carter,Georgetown,A-10,G,6-4,76,203,R-FR,2024,35,503.47490758472594,35.962493398909,1.8,2.1,3.1,20.2,0.489,0.232,0.43,0.618,2.0,9.4,25.6,10.7,3.0,1.46,119.9,107.3,1.83,0.46,1.83,0.86,0.86,0.83,-0.03,2.1,62.6,1,1,Florida,2024,231
Luka Bailey,Richmond,Big 12,PG,6-2,74,208,R-JR,2021,32,223.26145565880327,17.442301223344007,1.1,1.1,2.0,11.5,0.522,0.385,0.391,0.686,2.9,3.0,16.3,18.9,1.2,2.2,100.2,97.1,0.99,0.11,0.99,0.98,0.98,0.7,-0.28,2.08,62.5,1,1,Maryland,2021,232
Xavier Bailey,Clemson,AAC,SF,6-4,76,211,SR,2024,31,231.98586768021042,18.708537716146,2.7,2.5,2.2,19.7,0.569,0.31,0.409,0.575,4.4,9.7,18.1,15.9,2.81,2.65,102.2,108.2,1.59,0.18,1.59,0.83,0.83,0.86,0.03,2.08,62.5,1,1,Murray State,2024,233
Cade Morris,SMU,SEC,PG,5-11,71,173,R-JR,2020,27,104.21278409166439,9.649331860339295,1.0,2.5,3.1,13.1,0.49,0.255,0.259,0.642,2.9,11.1,25.6,21.8,1.93,2.1,108.6,95.5,2.54,0.13,2.54,0.96,0.96,0.96,0.0,2.07,62.4,1,1,Virginia,2020,234
Reed Rodriguez,Rutgers,WAC,SF,6-4,76,193,R-JR,2020,24,76.8,8.0,12.3,2.4,1.7,15.9,0.506,0.308,0.501,0.591,3.0,10.5,13.8,21.6,1.77,2.91,110.1,102.5,0.4,0.02,0.4,0.7,0.7,0.7,0.0,2.07,62.4,1,1,Florida,2020,235
Isaiah Collins,Connecticut,Big Ten,SG,6-5,77,236,R-FR,2024,37,554.0580574938642,37.436355236071904,8.4,2.0,1.1,23.1,0.618,0.349,0.61,0.845,2.8,8.4,9.5,15.5,2.48,2.54,127.3,105.8,1.98,0.55,1.98,1.0,1.0,0.76,-0.24,2.06,62.4,1,1,Syracuse,2024,236
Mike Thompson,Iowa,SEC,PF,6-8,80,198,SO,2020,29,123.529477802938,10.64909291404638,6.1,4.0,1.1,19.8,0.511,0.201,0.324,0.584,11.1,10.8,8.9,18.3,4.56,0.45,104.6,95.0,3.37,0.21,3.37,0.96,0.96,0.77,-0.19,2.05,62.3,1,1,Villanova,2020,237
Derek Wilson,Vanderbilt,Big Ten,G,6-4,76,186,R-JR,2022,26,335.292648934137,32.23967778212855,4.8,2.8,3.8,19.9,0.525,0.263,0.437,0.764,1.7,13.6,31.3,22.2,3.03,1.53,119.6,107.4,1.5,0.25,1.5,1.0,1.0,0.7,-0.3,2.05,62.3,1,1,Florida,2022,238
Isaiah Walker,Baylor,SEC,F,6-5,77,198,R-JR,2022,28,354.38716317814726,31.64171099804886,7.1,3.4,1.4,15.3,0.563,0.351,0.053,0.667,3.0,15.7,11.3,12.7,1.96,1.94,114.9,91.7,1.6,0.28,1.6,0.96,0.96,0.74,-0.22,2.05,62.3,1,1,Kentucky,2022,239
Victor Turner,Auburn,Big 12,PF,6-5,77,203,R-JR,2022,27,383.4545963487949,35.50505521748101,12.5,4.7,1.4,23.1,0.491,0.315,0.183,0.76,8.2,18.1,11.5,14.8,2.85,2.59,112.8,98.3,0.2,0.04,0.2,0.98,0.98,0.7,-0.28,2.05,62.3,1,1,Utah State,2022,240
Derek Thompson,William & Mary,Big 12,SF,6-5,77,225,JR,2022,26,83.2,8.0,7.4,3.4,1.6,20.2,0.642,0.286,0.374,0.649,5.9,12.7,13.7,17.6,0.99,1.83,121.2,96.4,2.3,0.1,2.3,0.98,0.98,0.72,-0.26,2.04,62.2,1,1,Wake Forest,2022,241
Tanner Robinson,Cincinnati,MVC,PG,6-4,76,211,R-SO,2024,28,437.8430682588322,39.09313109453859,12.5,2.9,2.2,35.8,0.531,0.285,0.202,0.622,5.8,10.4,18.6,29.5,1.14,0.99,101.8,99.7,1.25,0.27,1.25,0.79,0.79,0.96,0.17,2.03,62.2,1,1,Memphis,2024,242
Brandon Parker,Stanford,Big 12,F,6-7,79,182,R-JR,2020,27,286.738322260344,26.549844653735555,6.7,4.8,0.9,17.4,0.541,0.277,0.116,0.657,7.2,19.3,7.6,10.9,3.19,1.54,117.8,88.7,2.77,0.4,2.77,0.98,0.98,0.86,-0.12,2.02,62.1,1,1,Clemson,2020,243
Luke Hill,William & Mary,Big East,PF,6-6,78,227,R-JR,2020,28,286.04967506679725,25.540149559535468,8.0,6.8,0.6,24.0,0.51,0.309,0.274,0.638,11.6,26.1,5.1,8.9,3.54,4.02,121.4,95.6,2.9,0.41,2.9,0.93,0.93,0.94,0.01,2.01,62.1,1,1,Michigan,2020,244
Derek Sanchez,DePaul,ACC,F,6-7,79,221,R-JR,2022,31,702.2205487032164,56.6306894115497,1.0,4.5,0.4,17.9,0.534,0.288,0.203,0.736,11.1,14.1,3.1,12.3,0.45,1.18,106.6,101.2,3.17,1.11,3.17,0.94,0.94,0.93,-0.01,2.01,62.1,1,1,Butler,2022,245
Coleman Nelson,Eastern Kentucky,AAC,C,6-10,82,202,SR,2024,29,228.13285859937008,19.666625741325007,7.8,4.7,1.8,17.6,0.564,0.228,0.0,0.581,7.0,18.9,14.6,9.9,0.99,5.15,106.9,106.1,1.51,0.17,1.51,0.83,0.83,0.74,-0.09,2.0,62.0,1,1,San Diego State,2024,246
Wade Lee,Indiana,Sun Belt,SG,6-4,76,213,JR,2021,22,107.82940175940526,12.253341109023324,1.0,2.6,2.2,10.3,0.466,0.301,0.452,0.43,2.4,12.3,18.6,15.6,2.31,2.63,113.4,97.5,-0.3,-0.02,-0.3,0.72,0.72,0.77,0.05,2.0,62.0,1,1,BYU,2021,247
Blake Mitchell,UNLV,WAC,F,6-8,80,208,R-FR,2022,22,174.22636632512882,19.79845071876464,5.9,5.3,1.5,27.4,0.485,0.182,0.272,0.81,6.6,23.0,12.4,9.2,1.25,1.35,110.6,97.0,0.43,0.04,0.43,0.7,0.7,0.74,0.04,2.0,62.0,1,1,Austin Peay,2022,248
Malik Martin,Memphis,CAA,C,6-10,82,222,R-SO,2021,22,177.815572651509,20.206315074035114,6.6,4.2,1.0,20.0,0.623,0.273,0.096,0.666,6.9,16.4,8.2,10.9,1.06,4.37,114.0,103.2,2.28,0.2,2.28,0.77,0.77,0.7,-0.07,1.99,61.9,1,1,Virginia,2021,249
Jake Murphy,Mississippi State,WCC,G,6-2,74,215,FR,2020,24,245.57243944410544,25.580462442094316,1.9,1.3,3.8,12.9,0.564,0.28,0.331,0.845,4.1,3.1,31.5,24.7,1.03,0.1,110.7,105.5,2.17,0.27,2.17,0.82,0.82,0.98,0.16,1.98,61.9,1,1,Saint Louis,2020,250
Flynn Hill,Notre Dame,Big Ten,SG,6-5,77,198,SO,2020,26,357.53514067532626,34.378378911089065,11.6,1.8,2.5,20.7,0.49,0.309,0.113,0.803,2.3,7.5,20.7,11.9,2.63,1.5,112.6,94.4,0.35,0.06,0.35,1.0,1.0,0.94,-0.06,1.96,61.7,1,1,George Mason,2020,251
Patrick Walker,Iowa,Ivy,PF,6-9,81,215,R-FR,2020,25,472.0481938738198,47.20481938738198,5.1,3.9,1.8,23.1,0.484,0.402,0.334,0.619,7.5,13.9,14.9,13.5,1.2,3.41,102.1,96.8,-0.14,-0.03,-0.14,0.71,0.71,0.69,-0.02,1.96,61.7,1,1,Fordham,2020,252
Chris Young,Villanova,Sun Belt,W,6-5,77,260,R-JR,2020,28,466.8289489970212,41.681156160448324,8.0,5.0,2.6,20.2,0.573,0.343,0.135,0.631,7.6,20.5,21.3,21.0,2.03,1.96,114.2,96.1,0.66,0.15,0.66,0.72,0.72,0.98,0.26,1.95,61.7,1,1,Purdue,2020,253
Ryan Martinez,St. John's,WAC,PF,6-7,79,204,R-JR,2023,24,500.1443057720837,52.098365184592055,4.7,4.4,1.4,22.6,0.596,0.308,0.137,0.759,8.4,16.2,11.8,11.5,1.4,6.0,111.4,102.1,-0.47,-0.12,-0.47,0.7,0.7,0.82,0.12,1.95,61.7,1,1,Boise State,2023,254
Reed Bell,Michigan State,Big Ten,PG,6-0,72,209,R-JR,2021,26,83.2,8.0,8.0,1.7,2.7,29.7,0.536,0.305,0.559,0.784,1.4,8.1,22.3,11.1,1.95,0.66,108.9,97.0,-0.16,-0.01,-0.16,1.0,1.0,0.72,-0.28,1.94,61.6,1,1,Wisconsin,2021,255
Eric Parker,Purdue,CUSA,PF,6-8,80,215,R-FR,2020,20,119.12460083235622,14.89057510404453,9.7,3.9,1.2,21.0,0.575,0.155,0.048,0.651,3.0,18.4,10.0,12.8,4.22,2.15,107.7,95.9,1.23,0.07,1.23,0.74,0.74,1.0,0.26,1.93,61.6,1,1,Michigan State,2020,256
Luka Phillips,Fordham,Big East,C,6-9,81,239,R-JR,2021,23,242.3022051639697,26.337196213474968,7.9,5.2,1.1,16.0,0.549,0.216,0.346,0.732,7.7,21.2,9.0,13.3,1.38,9.68,106.3,107.6,-0.69,-0.08,-0.69,0.93,0.93,0.83,-0.1,1.92,61.5,1,1,Butler,2021,257
Owen Campbell,Seton Hall,Big East,C,6-10,82,193,R-FR,2023,28,423.2977295012713,37.79444013404208,1.6,5.2,0.3,19.9,0.561,0.375,0.03,0.793,7.2,21.4,2.7,12.9,2.05,4.39,97.1,98.5,-0.3,-0.06,-0.3,0.93,0.93,0.86,-0.07,1.91,61.4,1,1,Xavier,2023,258
Vince Adams,Butler,MAAC,PF,6-9,81,188,JR,2020,14,294.75501080018887,52.634823357176586,11.3,7.4,1.1,18.8,0.526,0.296,0.02,0.732,9.2,31.8,9.5,16.7,0.7,7.05,112.3,100.7,0.59,0.09,0.59,0.74,0.74,0.72,-0.02,1.9,61.4,1,1,Auburn,2020,259
Jaylen Collins,Vanderbilt,AAC,PG,6-5,77,207,R-FR,2021,26,97.32280238449447,9.357961767739852,13.6,0.9,2.9,23.0,0.591,0.378,0.75,0.73,0.2,4.7,24.1,18.1,2.03,1.35,105.5,100.9,2.4,0.12,2.4,0.83,0.83,0.7,-0.13,1.89,61.3,1,1,Baylor,2021,260
Will Clark,Georgetown,AAC,PG,6-1,73,257,R-JR,2020,32,280.4111121723377,21.907118138463886,8.6,1.7,4.5,26.0,0.513,0.271,0.574,0.687,2.2,7.3,37.8,15.6,4.27,2.36,101.4,92.9,0.37,0.05,0.37,0.83,0.83,0.7,-0.13,1.89,61.3,1,1,St. John's,2020,261
Max Mitchell,Baylor,Big East,SF,6-6,78,224,R-FR,2021,35,112.00000000000001,8.0,6.7,3.5,2.2,19.9,0.535,0.215,0.106,0.7,10.4,9.2,18.3,12.1,2.26,2.71,107.9,94.1,2.14,0.12,2.14,0.93,0.93,0.76,-0.17,1.88,61.3,1,1,Tennessee Tech,2021,262
Nick Murphy,Louisville,CUSA,PG,6-4,76,201,R-FR,2023,29,370.1930056675276,31.91319014375238,15.0,2.6,3.2,28.1,0.531,0.355,0.334,0.748,4.0,10.3,27.0,10.5,0.2,2.78,114.1,98.9,1.12,0.21,1.12,0.74,0.74,0.94,0.2,1.87,61.2,1,1,Cincinnati,2023,263
Trevion Rodriguez,Virginia Tech,MVC,SG,6-2,74,206,JR,2021,22,287.94088934039655,32.72055560686324,4.6,1.6,2.4,22.3,0.514,0.284,0.535,0.861,1.5,7.6,20.1,6.8,2.23,1.2,117.5,97.4,-0.16,-0.02,-0.16,0.79,0.79,0.72,-0.07,1.86,61.1,1,1,Belmont,2021,264
Flynn Clark,Wisconsin,Horizon,C,6-9,81,211,JR,2024,26,126.94580442594754,12.206327348648802,8.6,6.2,1.9,26.3,0.486,0.19,0.101,0.717,12.9,21.6,15.5,13.2,2.0,6.64,98.8,88.9,1.84,0.12,1.84,0.71,0.71,0.86,0.15,1.85,61.1,1,1,North Carolina,2024,265
Luka Jackson,Vanderbilt,AAC,W,6-5,77,240,R-JR,2024,31,123.78353259761388,9.982542951420474,2.2,5.3,2.2,24.9,0.55,0.276,0.398,0.638,5.6,23.6,18.5,11.0,1.95,1.14,112.0,89.5,1.24,0.08,1.24,0.83,0.83,0.72,-0.11,1.84,61.0,1,1,Duke,2024,266
Jaylen Stewart,Ohio State,Big Ten,SG,6-5,77,179,R-JR,2020,34,120.89774130354527,8.88953980173127,6.4,1.4,1.0,21.1,0.557,0.385,0.181,0.68,2.0,5.7,8.3,19.3,1.57,1.95,113.8,104.3,0.5,0.03,0.5,1.0,1.0,0.7,-0.3,1.83,61.0,1,1,BYU,2020,267
Ivan Jackson,Florida State,AAC,SG,6-3,75,236,SO,2023,25,332.26789131501675,33.226789131501675,8.7,2.5,2.2,25.1,0.508,0.411,0.189,0.654,0.2,13.5,18.4,6.0,2.14,1.22,104.1,104.9,1.06,0.18,1.06,0.83,0.83,0.83,0.0,1.83,61.0,1,1,DePaul,2023,268
Henry Johnson,Minnesota,ACC,F,6-7,79,229,SO,2023,22,82.48339251329107,9.373112785601258,5.6,4.2,1.2,18.9,0.45,0.258,0.22,0.558,7.6,15.6,9.8,12.9,2.36,0.51,109.2,95.2,0.79,0.03,0.79,0.94,0.94,0.98,0.04,1.83,61.0,1,1,Tennessee Tech,2023,269
Blake Thompson,Saint Mary's,A-10,SF,6-5,77,188,R-FR,2022,25,209.30493951863303,20.930493951863305,4.7,1.6,2.8,20.3,0.511,0.314,0.377,0.696,5.9,3.0,23.4,13.4,2.78,0.12,106.5,94.5,1.62,0.17,1.62,0.86,0.86,0.94,0.08,1.83,61.0,1,1,Florida State,2022,270
Ryan Bailey,Houston,WCC,SF,6-2,74,225,R-JR,2020,21,198.83788423222973,23.671176694313065,6.0,2.2,1.7,16.4,0.578,0.26,0.325,0.693,2.0,10.2,13.9,8.8,3.31,0.2,116.7,99.6,4.44,0.44,4.44,0.82,0.82,0.77,-0.05,1.82,60.9,1,1,Virginia Tech,2020,271
Max Perez,Iowa,CAA,G,6-0,72,195,R-FR,2023,30,335.5407502050166,27.961729183751384,14.9,1.7,3.2,24.6,0.547,0.223,0.66,0.747,1.9,7.7,26.5,19.2,2.45,1.41,124.3,101.0,1.74,0.29,1.74,0.77,0.77,0.77,0.0,1.82,60.9,1,1,Saint Louis,2023,272
Reed Brown,Virginia Tech,SEC,SF,6-6,78,212,JR,2021,26,182.16757630272576,17.516113106031323,5.1,3.2,1.1,18.6,0.515,0.376,0.449,0.691,1.2,16.7,9.4,21.1,1.36,1.75,115.4,97.0,-0.54,-0.05,-0.54,0.96,0.96,0.74,-0.22,1.81,60.9,1,1,Fordham,2021,273
Kyle Baker,Illinois,Big 12,G,6-3,75,161,R-JR,2021,34,396.51849722704065,29.155771854929455,3.8,0.9,1.6,18.7,0.518,0.301,0.395,0.79,1.0,4.3,13.5,23.1,2.6,2.97,106.2,90.7,1.61,0.32,1.61,0.98,0.98,0.96,-0.02,1.81,60.9,1,1,Butler,2021,274
Malik Davis,Houston,WCC,SF,6-7,79,229,JR,2022,32,504.75729738873304,39.43416385849477,4.1,3.7,1.8,18.5,0.445,0.294,0.38,0.766,6.9,13.7,14.7,13.4,3.4,0.1,103.6,101.2,1.31,0.33,1.31,0.82,0.82,0.71,-0.11,1.8,60.8,1,1,Virginia,2022,275
Jalen Harris,St. Bonaventure,ACC,SF,6-8,80,205,R-FR,2021,26,290.64770402585134,27.946894617870324,8.8,3.5,1.6,15.1,0.535,0.292,0.055,0.664,8.2,11.4,13.5,15.1,1.2,1.53,117.8,100.1,0.78,0.11,0.78,0.94,0.94,0.74,-0.2,1.79,60.7,1,1,Alabama,2021,276
Uriah Bailey,Northwestern,MAAC,SF,6-7,79,224,FR,2023,27,117.13584679374391,10.845911740161473,7.6,4.1,1.7,22.1,0.522,0.405,0.656,0.703,8.3,14.6,13.9,7.2,3.22,2.11,113.6,93.2,3.0,0.18,3.0,0.74,0.74,0.71,-0.03,1.78,60.7,1,1,Memphis,2023,277
Darius Cooper,Dayton,CAA,SF,6-7,79,166,R-JR,2022,37,622.4941563652926,42.06041597062788,1.4,3.2,1.5,20.9,0.453,0.388,0.293,0.653,4.4,13.5,12.6,15.9,1.6,2.71,112.9,88.2,-0.4,-0.13,-0.4,0.77,0.77,0.76,-0.01,1.78,60.7,1,1,Providence,2022,278
Alex Bailey,Tennessee,AAC,SF,6-5,77,187,R-JR,2024,24,336.6847048323531,35.071323420036784,10.1,4.3,1.4,20.8,0.577,0.341,0.279,0.688,7.9,15.9,11.9,10.9,3.08,1.8,118.6,92.9,0.08,0.01,0.08,0.83,0.83,0.82,-0.01,1.78,60.7,1,1,Providence,2024,279
Darius Robinson,Northwestern,ACC,C,6-8,80,201,JR,2020,32,538.4087037139205,42.06317997765004,11.9,3.7,0.4,20.0,0.55,0.462,0.061,0.744,11.0,9.8,3.4,16.3,2.5,1.63,120.7,97.2,1.11,0.3,1.11,0.94,0.94,0.71,-0.23,1.78,60.7,1,1,Tennessee Tech,2020,280
Omar Rodriguez,Villanova,SEC,G,6-3,75,219,R-FR,2020,22,126.12312174535468,14.332172925608486,12.6,2.2,2.7,25.8,0.426,0.4,0.137,0.628,1.3,10.7,22.6,25.7,1.91,0.16,102.6,92.7,0.25,0.02,0.25,0.96,0.96,0.72,-0.24,1.77,60.6,1,1,Florida,2020,281
Damian Williams,Connecticut,MAC,F,6-9,81,194,R-FR,2022,23,422.8750817021112,45.96468279370774,8.2,3.8,1.8,21.9,0.67,0.312,0.254,0.869,11.3,10.0,14.6,10.8,2.31,0.22,117.6,95.1,1.09,0.23,1.09,0.76,0.76,0.96,0.2,1.76,60.5,1,1,Ohio State,2022,282
Todd Anderson,Purdue,SEC,F,6-8,80,184,R-FR,2021,22,347.55460425844205,39.494841393004776,10.3,7.1,2.0,22.6,0.576,0.313,0.184,0.653,10.7,29.0,16.6,11.4,0.2,0.95,112.7,99.9,2.7,0.47,2.7,0.96,0.96,0.82,-0.14,1.76,60.5,1,1,Louisville,2021,283
Todd Allen,Nevada,OVC,SG,6-2,74,179,JR,2021,29,420.48144549329515,36.248400473559926,2.2,1.8,1.8,19.6,0.596,0.423,0.389,0.754,3.6,6.5,15.1,8.2,2.31,1.57,116.2,98.5,3.13,0.66,3.13,0.69,0.69,0.83,0.14,1.76,60.6,1,1,Michigan State,2021,284
Kofi King,Georgia,Big 12,G,6-2,74,214,R-JR,2023,19,181.28419252749322,23.853183227301738,8.6,2.8,3.5,20.3,0.549,0.292,0.302,0.835,3.9,11.4,29.4,19.3,1.17,1.61,116.2,97.4,0.64,0.06,0.64,0.98,0.98,0.98,0.0,1.76,60.6,1,1,Wisconsin,2023,285
Evan Reed,Tennessee Tech,OVC,C,6-11,83,212,JR,2021,29,417.74544257340904,36.01253815288009,1.0,4.1,1.2,11.8,0.459,0.199,0.0,0.707,9.8,13.2,9.6,17.1,4.16,6.43,107.8,103.7,0.58,0.12,0.58,0.69,0.69,0.71,0.02,1.75,60.5,1,1,Texas,2021,286
Evan Lee,Nevada,Big 12,G,6-4,76,207,R-FR,2024,34,572.0874607109014,42.06525446403687,10.9,2.0,3.3,32.0,0.478,0.296,0.274,0.749,3.2,8.2,27.7,19.3,4.27,1.45,102.7,94.8,0.27,0.08,0.27,0.98,0.98,0.76,-0.22,1.75,60.5,1,1,Oklahoma,2024,287
Nick King,Seton Hall,MAC,F,6-6,78,183,R-FR,2021,31,513.8155895818638,41.4367410953116,7.5,6.1,1.4,25.8,0.53,0.216,0.09,0.664,13.7,20.3,11.7,11.4,3.02,0.1,107.3,97.7,-0.99,-0.25,-0.99,0.76,0.76,0.82,0.06,1.75,60.5,1,1,Purdue,2021,288
Andrej Cooper,Syracuse,ACC,PG,6-4,76,221,R-JR,2021,22,449.2548042963293,51.051682306401055,8.5,1.6,2.5,25.8,0.511,0.278,0.109,0.895,2.7,6.0,20.8,21.8,0.6,1.01,116.8,107.3,2.28,0.51,2.28,0.94,0.94,0.82,-0.12,1.74,60.5,1,1,Wake Forest,2021,289
Quinn Jackson,Davidson,MAAC,PG,6-1,73,216,R-SO,2022,24,392.0890089383215,40.842605097741824,6.8,1.8,3.4,14.3,0.533,0.371,0.564,0.513,2.4,7.8,28.5,15.1,1.61,1.68,115.7,100.4,0.76,0.15,0.76,0.74,0.74,0.86,0.12,1.73,60.4,1,1,Kansas,2022,290
Luke Collins,Louisville,OVC,SG,6-3,75,260,R-JR,2022,28,417.54928635044405,37.28118628128965,6.6,1.8,2.2,10.7,0.512,0.314,0.346,0.651,0.2,9.8,18.3,10.8,2.01,1.0,106.3,102.2,-0.73,-0.15,-0.73,0.69,0.69,0.71,0.02,1.73,60.4,1,1,Mississippi State,2022,291
Tyrese Lopez,Wake Forest,ACC,F,6-7,79,200,FR,2023,25,354.2345943974386,35.423459439743866,9.6,3.8,1.3,25.7,0.539,0.25,0.116,0.757,6.6,14.4,10.7,10.5,3.42,1.03,104.2,98.2,0.25,0.04,0.25,0.94,0.94,0.72,-0.22,1.72,60.3,1,1,Kansas,2023,292
Xavier Brown,North Carolina,MAC,F,6-7,79,185,R-FR,2022,24,313.9724077958013,32.70545914539597,12.6,6.0,1.4,27.9,0.582,0.32,0.316,0.812,12.5,21.1,11.4,13.8,1.1,2.2,100.8,94.2,3.29,0.52,3.29,0.76,0.76,0.83,0.07,1.69,60.2,1,1,Arizona,2022,293
Todd Martin,Tennessee,WAC,PF,6-7,79,186,R-FR,2022,26,239.54960709839253,23.033616067153126,4.8,6.3,1.0,14.6,0.459,0.329,0.177,0.605,11.3,23.9,8.6,15.5,1.2,5.94,110.5,94.5,2.45,0.29,2.45,0.7,0.7,0.96,0.26,1.68,60.1,1,1,Minnesota,2022,294
Cole Brown,TCU,WAC,C,6-7,79,225,R-FR,2022,27,379.19230931624156,35.11039901076311,6.1,6.0,1.4,23.1,0.536,0.349,0.195,0.676,9.3,24.0,11.5,10.9,2.26,8.66,116.7,100.1,2.09,0.4,2.09,0.7,0.7,0.76,0.06,1.67,60.0,1,1,Syracuse,2022,295
Grant Collins,Tennessee Tech,Big Ten,C,6-10,82,232,R-FR,2022,31,561.1180127881563,45.25145264420616,4.8,5.4,0.6,18.8,0.514,0.406,0.059,0.747,10.1,19.8,4.7,12.3,1.67,6.84,112.3,106.9,1.86,0.52,1.86,1.0,1.0,0.72,-0.28,1.67,60.0,1,1,Boston College,2022,296
Owen Walker,Auburn,CAA,PF,6-7,79,180,SO,2023,28,370.09381063820695,33.044090235554194,6.0,5.2,0.7,25.6,0.497,0.381,0.451,0.712,9.3,19.4,5.8,15.1,1.94,5.99,100.7,102.3,1.73,0.32,1.73,0.77,0.77,0.69,-0.08,1.67,60.0,1,1,Air Force,2023,297
Reed Sanchez,Stanford,AAC,C,6-9,81,228,FR,2022,37,507.00208069545766,34.25689734428768,6.8,5.5,0.9,13.2,0.624,0.242,0.0,0.898,9.6,20.9,7.7,12.0,3.33,1.88,103.4,97.2,-0.03,-0.01,-0.03,0.83,0.83,0.79,-0.04,1.67,60.0,1,1,Creighton,2022,298
Victor King,Air Force,OVC,W,6-4,76,253,SO,2022,22,238.53182579362172,27.10588929472974,11.9,3.0,1.6,21.6,0.544,0.367,0.548,0.866,5.7,11.0,13.5,12.7,1.67,1.54,98.8,104.4,-0.1,-0.01,-0.1,0.69,0.69,0.72,0.03,1.65,59.9,1,1,Saint Louis,2022,299
Nick Garcia,Tennessee,CAA,SG,6-3,75,223,FR,2020,28,612.3298634389512,54.67230923562064,3.6,0.9,0.9,29.0,0.501,0.292,0.649,0.52,1.9,3.0,7.2,15.8,2.49,0.89,123.1,105.7,-2.01,-0.62,-2.01,0.77,0.77,0.93,0.16,1.65,59.9,1,1,Texas,2020,300
Cade Sanchez,Virginia Tech,Ivy,C,7-1,85,176,R-JR,2022,27,587.0162597707268,54.35335738617841,5.9,4.6,0.6,22.1,0.441,0.277,0.3,0.713,9.7,15.8,4.9,14.6,1.68,5.51,120.7,98.2,-0.29,-0.08,-0.29,0.71,0.71,0.83,0.12,1.65,59.9,1,1,Gonzaga,2022,301
Omar Bell,Saint Louis,A-10,PG,6-2,74,216,R-JR,2023,21,255.5996279453257,30.428527136348297,12.6,2.8,3.0,21.6,0.555,0.428,0.604,0.646,2.9,12.8,25.4,21.6,3.85,3.0,112.9,105.2,1.94,0.25,1.94,0.86,0.86,0.74,-0.12,1.64,59.8,1,1,UCLA,2023,302
Kyle Phillips,Connecticut,SEC,SF,6-6,78,195,R-FR,2022,29,525.3506723409541,45.288851063875356,6.2,5.1,2.6,16.0,0.419,0.168,0.429,0.603,5.8,22.3,22.0,10.9,1.19,2.79,100.3,104.1,3.74,0.98,3.74,0.96,0.96,0.96,0.0,1.64,59.9,1,1,SMU,2022,303
Todd Williams,Virginia Tech,Sun Belt,F,6-8,80,221,R-FR,2020,28,275.60065106306166,24.60720098777336,11.9,5.1,1.0,26.3,0.503,0.322,0.131,0.762,13.5,14.8,8.1,9.6,2.57,3.58,119.5,97.2,0.51,0.07,0.51,0.72,0.72,0.72,0.0,1.63,59.8,1,1,Duquesne,2020,304
Jake Mitchell,Tennessee Tech,SEC,SG,6-3,75,190,FR,2020,25,318.2003685314123,31.82003685314123,6.5,0.8,2.1,10.3,0.535,0.313,0.461,0.763,2.5,2.0,17.2,20.3,1.36,1.07,117.2,103.2,0.05,0.01,0.05,0.96,0.96,0.83,-0.13,1.63,59.8,1,1,Butler,2020,305
Darius Bell,Auburn,WCC,SF,6-6,78,176,R-JR,2023,28,495.47689896221385,44.23900883591195,12.2,2.3,2.0,22.4,0.496,0.368,0.513,0.546,5.0,7.7,16.8,16.9,1.93,0.77,114.7,97.9,1.74,0.43,1.74,0.82,0.82,0.69,-0.13,1.62,59.7,1,1,Wake Forest,2023,306
Tyler Hall,Florida,MVC,W,6-6,78,205,R-FR,2021,23,225.16039448314334,24.473955922080798,11.0,3.1,1.4,23.8,0.587,0.361,0.496,0.74,2.7,14.5,12.0,16.1,1.58,0.1,108.2,96.0,2.55,0.29,2.55,0.79,0.79,1.0,0.21,1.62,59.7,1,1,Xavier,2021,307
Tyler Hernandez,Creighton,Big East,C,6-9,81,227,JR,2023,24,276.3373920759932,28.785145007915958,4.6,5.8,1.2,13.8,0.447,0.376,0.215,0.539,6.0,25.9,10.2,7.1,1.55,4.23,116.5,97.7,1.2,0.17,1.2,0.93,0.93,0.96,0.03,1.62,59.7,1,1,Saint Mary's,2023,308
Elijah Williams,Memphis,Big East,F,6-4,76,201,R-JR,2022,35,218.72947387892265,15.623533848494477,4.4,5.7,1.3,16.5,0.55,0.402,0.116,0.702,9.7,21.8,10.8,19.2,3.57,3.07,105.7,100.2,3.3,0.36,3.3,0.93,0.93,0.86,-0.07,1.62,59.7,1,1,Arizona,2022,309
Jordan Reed,Northwestern,A-10,SG,6-5,77,212,R-JR,2024,14,181.2974971156042,32.37455305635789,8.2,0.9,2.6,22.1,0.497,0.425,0.633,0.577,2.0,3.3,21.6,18.1,2.55,1.67,121.0,105.8,1.04,0.09,1.04,0.86,0.86,0.93,0.07,1.61,59.7,1,1,Georgetown,2024,310
Zach Lopez,Stanford,Sun Belt,PF,6-6,78,215,R-FR,2024,18,92.63963995449508,12.866616660346539,1.0,5.3,1.2,19.6,0.517,0.172,0.468,0.812,4.7,24.6,9.9,14.5,1.36,6.05,128.1,106.2,0.58,0.03,0.58,0.72,0.72,0.82,0.1,1.61,59.7,1,1,Fordham,2024,311
Max Stewart,Notre Dame,Big East,PF,6-7,79,188,SR,2023,32,206.76106332661223,16.153208072391582,9.8,5.9,0.4,19.0,0.495,0.291,0.106,0.602,10.2,22.6,3.7,12.9,2.45,3.64,107.1,104.8,3.66,0.38,3.66,0.93,0.93,0.72,-0.21,1.61,59.7,1,1,Michigan,2023,312
Ivan Cooper,Houston,Big Ten,SG,6-3,75,182,JR,2021,25,507.4824872258944,50.74824872258944,7.5,2.5,1.9,24.6,0.498,0.302,0.393,0.52,2.0,11.9,15.7,17.6,3.16,2.85,107.2,103.7,3.55,0.9,3.55,1.0,1.0,0.72,-0.28,1.6,59.6,1,1,Indiana,2021,313
Quinn Green,Nevada,CAA,W,6-5,77,200,JR,2020,33,127.79303279054419,9.681290362920015,7.6,2.0,1.1,27.5,0.523,0.348,0.377,0.837,1.7,9.7,9.6,5.2,3.07,0.94,117.7,101.3,0.25,0.02,0.25,0.77,0.77,0.69,-0.08,1.6,59.6,1,1,Maryland,2020,314
Tyrese Morris,Georgia,Big East,SF,6-6,78,235,R-JR,2023,28,600.5708658265411,53.6223987345126,1.0,2.3,1.4,12.9,0.595,0.335,0.224,0.689,6.8,6.0,11.3,13.2,2.39,0.1,115.2,100.9,1.32,0.4,1.32,0.93,0.93,0.93,0.0,1.58,59.5,1,1,Virginia Tech,2023,315
Omar Hernandez,North Carolina,MAC,PF,6-6,78,187,JR,2023,32,374.40522179301,29.250407952578904,10.4,3.7,0.9,25.4,0.51,0.33,0.0,0.715,4.6,15.7,7.8,15.0,2.28,3.62,127.9,94.3,-0.07,-0.01,-0.07,0.76,0.76,0.82,0.06,1.58,59.5,1,1,Miami,2023,316
Will Hernandez,Saint Mary's,CUSA,W,6-3,75,189,R-JR,2021,25,197.15201672243512,19.715201672243513,11.8,3.2,1.8,23.5,0.499,0.334,0.648,0.757,3.7,13.8,14.8,19.6,3.02,1.57,124.0,102.4,0.31,0.03,0.31,0.74,0.74,0.86,0.12,1.58,59.5,1,1,Georgetown,2021,317
Evan Morgan,Ohio State,Big Ten,F,6-7,79,210,R-FR,2021,24,326.4146415063814,34.001525156914724,5.1,4.2,0.8,13.4,0.595,0.188,0.022,0.736,9.6,13.7,6.5,11.8,1.09,2.26,124.1,96.7,-0.0,-0.0,-0.0,1.0,1.0,0.86,-0.14,1.58,59.5,1,1,Belmont,2021,318
Marcus Gonzalez,Xavier,OVC,F,6-6,78,176,JR,2020,30,551.9221824164275,45.99351520136896,2.6,5.5,1.2,25.0,0.519,0.294,0.0,0.634,13.9,16.8,9.9,6.2,2.74,2.1,128.7,104.1,1.72,0.48,1.72,0.69,0.69,0.69,0.0,1.58,59.5,1,1,Butler,2020,319
Tyrese Hernandez,Wisconsin,OVC,SF,6-6,78,198,R-JR,2020,29,319.87926794850074,27.575798961077652,7.1,2.9,0.4,22.4,0.627,0.311,0.291,0.683,3.3,12.6,3.0,13.2,2.07,0.34,109.5,106.0,2.38,0.38,2.38,0.69,0.69,0.94,0.25,1.57,59.4,1,1,Northwestern,2020,320
Darius Edwards,Illinois,ACC,SF,6-4,76,196,JR,2023,34,692.0106259085405,50.88313425798093,5.6,4.1,2.1,19.9,0.633,0.312,0.235,0.653,7.3,15.5,17.4,11.3,1.54,3.46,106.0,106.7,1.68,0.58,1.68,0.94,0.94,1.0,0.06,1.57,59.4,1,1,Memphis,2023,321
Andrej Robinson,Michigan State,Big 12,G,5-11,71,212,R-JR,2022,31,262.3624062770795,21.15825857073222,6.8,1.2,1.3,21.0,0.536,0.305,0.135,0.662,3.7,2.8,11.1,16.6,1.37,4.73,112.7,95.7,1.1,0.14,1.1,0.98,0.98,0.94,-0.04,1.57,59.4,1,1,Baylor,2022,322
Jordan Turner,Notre Dame,Sun Belt,C,6-8,80,199,JR,2023,37,498.50390457571194,33.68269625511567,9.6,4.1,1.4,22.7,0.54,0.422,0.311,0.715,4.6,18.4,11.9,8.4,3.13,4.22,109.1,93.5,0.31,0.08,0.31,0.72,0.72,0.86,0.14,1.56,59.3,1,1,San Diego State,2023,323
Kofi Lopez,Davidson,CUSA,W,6-7,79,195,R-JR,2024,28,413.5251188028587,36.921885607398096,8.2,3.4,1.1,23.1,0.56,0.309,0.216,0.686,7.4,11.4,9.5,13.8,1.05,0.97,96.8,99.9,1.28,0.26,1.28,0.74,0.74,0.74,0.0,1.56,59.3,1,1,Ohio State,2024,324
Quinn Roberts,Wisconsin,MAAC,PF,6-9,81,195,R-FR,2020,36,267.2111968789096,18.556333116590945,6.2,3.4,0.3,15.6,0.642,0.317,0.279,0.682,5.6,13.1,2.2,15.3,1.76,8.84,117.8,99.0,2.59,0.35,2.59,0.74,0.74,1.0,0.26,1.56,59.4,1,1,Nevada,2020,325
Cade Wilson,Iowa State,WAC,SF,6-7,79,224,FR,2022,25,181.0562873217131,18.10562873217131,11.2,2.6,1.3,20.8,0.501,0.337,0.188,0.562,5.2,8.9,11.0,17.5,2.86,1.13,118.2,105.7,0.92,0.08,0.92,0.7,0.7,0.76,0.06,1.56,59.4,1,1,San Diego State,2022,326
Uriah Lewis,Gonzaga,AAC,C,6-11,83,186,R-JR,2022,33,393.39421089434376,29.80259173441998,9.6,6.0,1.6,19.3,0.539,0.24,0.0,0.782,11.8,21.7,13.6,8.8,1.85,3.31,95.1,95.1,0.47,0.09,0.47,0.83,0.83,0.82,-0.01,1.56,59.3,1,1,BYU,2022,327
Todd Thompson,Florida State,Big 12,C,6-11,83,217,R-FR,2024,36,624.4390894793103,43.363825658285435,4.6,6.1,1.0,19.0,0.516,0.198,0.229,0.682,7.7,26.1,8.5,16.7,0.61,11.22,107.3,102.3,1.08,0.34,1.08,0.98,0.98,0.71,-0.27,1.55,59.3,1,1,BYU,2024,328
Henry Cook,Indiana,Sun Belt,PG,6-4,76,212,R-JR,2024,23,73.60000000000001,8.0,8.2,1.1,2.9,23.6,0.552,0.297,0.439,0.557,2.3,3.9,24.1,15.5,1.87,1.42,96.2,98.9,1.73,0.06,1.73,0.72,0.72,0.72,0.0,1.54,59.2,1,1,Kentucky,2024,329
Derek Nelson,Texas,Sun Belt,F,6-9,81,196,JR,2023,34,658.1741523596127,48.39515826173622,9.7,6.9,0.9,17.3,0.485,0.267,0.067,0.643,10.1,28.4,7.6,15.6,2.55,0.1,109.5,98.2,2.15,0.71,2.15,0.72,0.72,0.7,-0.02,1.53,59.2,1,1,Austin Peay,2023,330
Jalen White,Cincinnati,Big 12,F,6-9,81,216,SR,2024,28,560.382594770063,50.03416024732705,11.1,4.3,2.1,25.1,0.446,0.305,0.291,0.776,7.5,16.5,17.2,7.3,1.73,2.38,107.3,94.6,0.83,0.23,0.83,0.98,0.98,0.79,-0.19,1.53,59.2,1,1,Richmond,2024,331
Zion Baker,Tennessee,SEC,SF,6-3,75,215,R-JR,2020,33,362.76093425359034,27.48188895860533,7.8,3.4,2.3,23.7,0.547,0.298,0.223,0.649,3.9,15.1,18.9,13.4,3.63,2.87,112.9,93.2,3.19,0.58,3.19,0.96,0.96,0.72,-0.24,1.52,59.1,1,1,Boise State,2020,332
Jordan White,Belmont,SEC,W,6-3,75,201,JR,2023,24,281.6190092992198,29.33531346866873,10.4,3.0,1.1,19.8,0.523,0.386,0.179,0.628,7.3,9.4,9.5,11.6,2.1,1.4,108.8,92.0,0.49,0.07,0.49,0.96,0.96,0.83,-0.13,1.52,59.1,1,1,Creighton,2023,333
Omar Thomas,Syracuse,Big 12,G,6-2,74,201,R-FR,2024,28,214.19626104549027,19.12466616477592,7.5,2.2,3.2,26.0,0.508,0.351,0.336,0.647,0.2,12.1,26.4,17.5,2.31,1.39,96.0,89.6,-1.08,-0.12,-1.08,0.98,0.98,1.0,0.02,1.52,59.1,1,1,Notre Dame,2024,334
Ryan Robinson,Kansas,A-10,PG,6-3,75,245,SR,2021,31,774.4526376737487,62.455857876915225,8.2,1.8,3.4,18.6,0.567,0.397,0.174,0.678,3.6,6.1,28.4,19.5,2.41,0.78,114.6,110.2,0.28,0.11,0.28,0.86,0.86,1.0,0.14,1.51,59.1,1,1,Pittsburgh,2021,335
Nathan Rogers,Hofstra,MVC,F,6-8,80,203,R-FR,2020,35,252.78651454940672,18.056179610671908,2.9,5.4,1.0,17.6,0.611,0.272,0.136,0.837,9.1,20.7,8.4,13.7,2.74,0.9,126.4,97.6,2.18,0.28,2.18,0.79,0.79,0.96,0.17,1.5,59.0,1,1,Tennessee,2020,336
Cade King,Stanford,AAC,W,6-5,77,262,SR,2022,26,314.2430107060932,30.21567410635511,5.4,4.8,0.9,25.4,0.533,0.245,0.364,0.702,9.9,16.8,7.1,19.4,2.05,0.1,99.9,106.9,0.83,0.13,0.83,0.83,0.83,1.0,0.17,1.5,59.0,1,1,Xavier,2022,337
Luka Lee,Minnesota,Big Ten,C,6-9,81,200,FR,2021,26,648.0735674723351,62.31476610310916,11.0,6.4,1.7,31.8,0.557,0.345,0.09,0.721,10.2,25.2,13.9,4.0,1.34,4.32,103.0,80.0,-0.62,-0.2,-0.62,1.0,1.0,0.83,-0.17,1.49,58.9,1,1,Georgia,2021,338
Xavier Thompson,Wake Forest,CUSA,C,6-9,81,197,R-JR,2024,28,89.60000000000001,8.0,4.6,5.1,1.1,19.1,0.566,0.253,0.143,0.75,4.5,23.9,8.8,8.7,3.32,0.64,106.9,95.6,4.24,0.19,4.24,0.74,0.74,0.96,0.22,1.49,58.9,1,1,Oregon,2024,339
Victor Evans,Wisconsin,CUSA,SF,6-8,80,192,R-JR,2023,24,371.4988711901347,38.6977990823057,8.1,1.3,1.5,18.2,0.567,0.35,0.33,0.632,0.7,6.8,12.6,15.8,4.05,0.98,106.2,91.1,0.72,0.13,0.72,0.74,0.74,0.74,0.0,1.49,59.0,1,1,Clemson,2023,340
Victor Robinson,Creighton,Big Ten,C,6-9,81,182,R-FR,2020,25,467.9748868947843,46.79748868947843,5.8,2.7,0.8,19.6,0.52,0.315,0.0,0.704,10.1,5.0,6.8,12.0,2.7,7.84,128.5,99.1,-0.23,-0.05,-0.23,1.0,1.0,0.72,-0.28,1.48,58.9,1,1,James Madison,2020,341
Paul Reed,Belmont,Big Ten,SF,6-7,79,199,R-JR,2022,22,70.4,8.0,5.0,3.9,2.5,17.4,0.526,0.316,0.371,0.911,4.3,17.5,20.6,17.2,1.35,1.64,107.4,110.1,0.46,0.02,0.46,1.0,1.0,0.7,-0.3,1.47,58.8,1,1,Wake Forest,2022,342
Ivan Gonzalez,Saint Mary's,OVC,SG,6-3,75,202,R-JR,2020,27,325.75479379763794,30.1624809071887,10.6,2.1,1.6,28.9,0.548,0.314,0.08,0.682,2.9,8.6,13.2,20.0,2.34,1.4,104.7,88.8,0.29,0.05,0.29,0.69,0.69,0.79,0.1,1.47,58.8,1,1,Tennessee,2020,343
Kevin Lewis,Michigan State,MAAC,F,6-7,79,186,R-JR,2022,28,766.580143769721,68.44465569372508,5.7,4.1,1.0,15.9,0.562,0.263,0.275,0.563,4.5,18.4,8.3,12.8,0.52,1.16,109.2,100.2,1.11,0.42,1.11,0.74,0.74,0.72,-0.02,1.47,58.8,1,1,Georgia,2022,344
Paul Edwards,Purdue,Sun Belt,SF,6-5,77,192,R-JR,2024,22,70.4,8.0,8.6,4.3,2.7,18.6,0.526,0.358,0.274,0.708,5.7,18.3,22.9,13.4,3.05,1.66,116.7,101.4,1.24,0.04,1.24,0.72,0.72,0.83,0.11,1.47,58.8,1,1,Providence,2024,345
Patrick Rodriguez,Nevada,Big Ten,PF,6-7,79,198,FR,2023,29,800.743489599568,69.02961117237655,5.3,3.8,1.7,17.7,0.541,0.245,0.324,0.549,4.5,16.8,14.4,10.7,2.62,4.57,121.2,88.5,0.58,0.23,0.58,1.0,1.0,0.83,-0.17,1.47,58.8,1,1,Syracuse,2023,346
Wade Thomas,Dayton,Sun Belt,C,6-10,82,208,R-JR,2022,28,230.74276888865566,20.60203293648711,6.4,5.4,1.7,24.1,0.541,0.323,0.081,0.783,5.7,24.3,14.3,12.0,1.55,2.76,102.1,93.6,-0.12,-0.01,-0.12,0.72,0.72,0.83,0.11,1.46,58.8,1,1,Illinois,2022,347
Patrick Robinson,Iowa,Big Ten,W,6-5,77,237,SR,2023,21,275.718414044831,32.82362071962273,4.0,4.4,2.0,19.6,0.536,0.394,0.509,0.785,6.0,18.4,16.9,11.9,1.39,0.8,115.4,90.0,0.27,0.04,0.27,1.0,1.0,0.94,-0.06,1.46,58.8,1,1,Maryland,2023,348
Paul Evans,Indiana,MAAC,SF,6-6,78,195,R-FR,2023,32,597.6960410009689,46.69500320320069,7.7,2.6,1.6,25.0,0.575,0.185,0.301,0.673,6.2,8.5,13.5,9.0,0.2,4.19,108.1,106.7,1.35,0.4,1.35,0.74,0.74,1.0,0.26,1.46,58.8,1,1,Richmond,2023,349
Mike Baker,Marquette,AAC,C,6-10,82,218,R-SO,2020,19,404.51865255742587,53.22613849439814,6.9,4.3,0.9,26.1,0.537,0.283,0.05,0.676,5.6,18.3,7.9,10.2,2.67,8.45,113.4,106.7,2.78,0.56,2.78,0.83,0.83,0.96,0.13,1.45,58.7,1,1,Georgetown,2020,350
Reed Harris,Iowa,Big 12,SF,6-7,79,214,JR,2023,32,597.8924955144155,46.710351212063706,1.0,2.6,3.0,12.6,0.508,0.33,0.278,0.783,4.4,10.2,24.9,17.2,3.28,0.99,101.4,104.5,1.83,0.55,1.83,0.98,0.98,1.0,0.02,1.45,58.7,1,1,UNLV,2023,351
Tyrese King,Murray State,SEC,W,6-5,77,195,FR,2023,26,420.3922272763099,40.42232954579902,4.8,3.7,2.7,15.0,0.584,0.399,0.514,0.538,4.2,16.1,22.2,16.9,1.8,0.53,116.2,95.6,-1.06,-0.22,-1.06,0.96,0.96,0.79,-0.17,1.45,58.7,1,1,Oregon,2023,352
Isaiah Morgan,Gonzaga,OVC,W,6-6,78,183,FR,2020,26,147.1113315331196,14.145320339723039,9.8,3.3,1.5,23.2,0.517,0.284,0.367,0.794,5.5,12.7,12.1,14.0,2.17,1.91,100.5,98.4,-0.97,-0.07,-0.97,0.69,0.69,0.71,0.02,1.45,58.7,1,1,San Diego State,2020,353
Brandon Young,Stanford,SEC,F,6-8,80,192,R-FR,2023,29,723.7514409026688,62.39236559505766,14.0,4.2,1.3,30.6,0.504,0.224,0.264,0.588,11.1,12.3,10.9,18.8,2.29,0.1,110.4,101.0,1.29,0.47,1.29,0.96,0.96,0.7,-0.26,1.45,58.7,1,1,St. Bonaventure,2023,354
Uriah Reed,Minnesota,MAC,C,6-11,83,190,R-JR,2020,22,379.998659695047,43.181665874437165,11.6,4.9,2.1,26.0,0.531,0.38,0.123,0.501,5.4,21.8,17.4,11.8,1.59,10.5,113.9,91.6,-0.0,-0.0,-0.0,0.76,0.76,0.74,-0.02,1.44,58.6,1,1,Wisconsin,2020,355
Quinn Johnson,Arizona,Big Ten,SF,6-6,78,177,R-JR,2020,28,259.18928833070765,23.14190074381318,6.7,2.8,1.5,25.5,0.479,0.318,0.292,0.706,1.3,14.2,12.5,25.1,1.58,1.23,117.7,102.7,0.99,0.13,0.99,1.0,1.0,0.98,-0.02,1.44,58.7,1,1,Texas,2020,356
Kevin Roberts,Butler,Big 12,G,6-4,76,255,JR,2020,23,218.51290643780348,23.75140287367429,6.3,2.1,2.5,24.8,0.422,0.358,0.319,0.629,4.2,7.5,20.8,15.0,1.79,2.05,97.1,98.6,0.16,0.02,0.16,0.98,0.98,1.0,0.02,1.44,58.6,1,1,Mississippi State,2020,357
Marcus Anderson,Purdue,MAC,W,6-7,79,206,R-JR,2023,27,470.62784440205246,43.576652259449304,7.9,3.4,2.1,28.2,0.564,0.43,0.219,0.594,2.5,16.5,17.8,16.7,2.75,1.09,112.0,101.0,0.6,0.14,0.6,0.76,0.76,0.74,-0.02,1.43,58.6,1,1,Georgia,2023,358
Andrej Wright,Stanford,Big Ten,G,6-0,72,167,JR,2021,28,716.6278021139017,63.984625188741234,1.0,2.2,2.3,10.0,0.464,0.359,0.349,0.616,3.5,8.8,18.8,19.5,2.06,2.42,110.0,95.7,0.31,0.11,0.31,1.0,1.0,0.74,-0.26,1.42,58.5,1,1,Arizona,2021,359
Patrick Green,Syracuse,CUSA,C,6-7,79,206,JR,2024,29,395.6873187805213,34.1109757569415,5.1,3.9,0.8,22.0,0.533,0.367,0.0,0.69,1.4,20.0,6.4,12.5,1.43,2.45,107.2,99.5,0.58,0.11,0.58,0.74,0.74,0.86,0.12,1.41,58.5,1,1,Nevada,2024,360
Reed Wilson,Tennessee Tech,ACC,W,6-8,80,167,SR,2021,30,217.87234382261312,18.156028651884426,7.7,3.5,2.1,27.3,0.488,0.339,0.174,0.647,3.0,16.3,17.9,13.8,2.49,1.41,116.6,101.4,1.0,0.11,1.0,0.94,0.94,0.7,-0.24,1.4,58.4,1,1,UNLV,2021,361
Quinn Walker,Texas,CAA,SF,6-4,76,198,R-FR,2023,24,365.41443537413204,38.064003684805414,1.0,4.5,1.1,15.8,0.55,0.362,0.449,0.673,7.1,18.2,8.9,17.8,3.29,1.29,117.4,97.4,1.57,0.29,1.57,0.77,0.77,0.7,-0.07,1.4,58.4,1,1,Baylor,2023,362
Coleman Morris,UCLA,Horizon,SF,6-7,79,196,SO,2024,36,469.18459372019015,32.58226345279098,9.1,3.3,1.4,21.3,0.513,0.309,0.283,0.694,8.5,10.1,11.6,8.3,4.68,0.9,98.8,100.2,-0.73,-0.17,-0.73,0.71,0.71,0.72,0.01,1.4,58.4,1,1,Florida,2024,363
Kevin Scott,Northwestern,MAAC,G,6-1,73,199,R-FR,2021,34,371.94459381426316,27.348867192225228,8.1,1.9,3.3,14.1,0.642,0.354,0.366,0.519,3.1,7.6,27.8,22.5,2.37,2.43,102.8,98.6,2.41,0.45,2.41,0.74,0.74,0.77,0.03,1.4,58.4,1,1,Kansas,2021,364
Ryan Jackson,Illinois,SEC,F,6-6,78,203,R-FR,2022,29,346.2929170058544,29.852837672918486,2.1,4.7,1.1,25.0,0.502,0.308,0.158,0.683,8.1,18.2,8.8,10.0,2.96,2.33,124.3,94.5,0.51,0.09,0.51,0.96,0.96,0.94,-0.02,1.4,58.4,1,1,Murray State,2022,365
Malik Hall,Florida State,Big East,PF,6-10,82,188,R-JR,2021,21,220.12291168369774,26.20510853377354,3.1,3.6,2.1,27.3,0.481,0.115,0.066,0.775,6.0,14.1,17.1,13.3,3.13,5.74,110.9,105.9,3.25,0.36,3.25,0.93,0.93,0.74,-0.19,1.39,58.4,1,1,DePaul,2021,366
Nick Carter,BYU,Big 12,C,6-8,80,156,R-JR,2024,25,188.5660027037343,18.85660027037343,5.1,4.7,1.3,23.8,0.493,0.313,0.379,0.845,5.5,20.4,10.9,11.7,3.14,5.73,105.3,97.2,-1.27,-0.12,-1.27,0.98,0.98,0.71,-0.27,1.39,58.3,1,1,Air Force,2024,367
Cameron Hall,TCU,ACC,G,6-2,74,220,R-SO,2020,29,154.96074070357201,13.35868454341138,8.1,1.7,1.4,15.9,0.526,0.325,0.083,0.783,1.3,7.9,12.0,15.1,1.92,1.49,114.4,106.9,-0.16,-0.01,-0.16,0.94,0.94,0.69,-0.25,1.39,58.3,1,1,Butler,2020,368
Coleman King,William & Mary,OVC,W,6-8,80,198,R-SO,2021,21,318.55683937985924,37.92343325950706,2.8,2.2,1.6,21.4,0.625,0.349,0.602,0.715,6.6,5.9,13.6,8.9,1.68,1.75,94.6,101.2,1.66,0.26,1.66,0.69,0.69,0.7,0.01,1.38,58.3,1,1,Nevada,2021,369
Sean Bailey,Davidson,SEC,SF,6-4,76,194,R-FR,2021,16,113.13066517392818,17.676666433426277,5.6,4.2,1.2,22.1,0.578,0.262,0.51,0.711,8.4,14.9,10.1,16.7,2.91,2.56,119.5,110.6,1.73,0.1,1.73,0.96,0.96,0.86,-0.1,1.38,58.3,1,1,Murray State,2021,370
Cameron Jackson,Duke,Sun Belt,F,6-8,80,212,JR,2021,32,333.90306408571297,26.086176881696325,10.4,5.4,1.2,24.1,0.545,0.289,0.304,0.568,8.6,21.6,10.2,15.8,2.04,0.95,97.8,97.5,1.08,0.18,1.08,0.72,0.72,0.94,0.22,1.38,58.3,1,1,UCLA,2021,371
Andrej Brown,Houston,Sun Belt,SF,6-3,75,217,R-JR,2020,33,335.37198836363353,25.406968815426783,12.8,2.9,1.6,18.3,0.539,0.361,0.428,0.792,4.1,12.2,13.7,16.8,1.17,2.52,114.5,91.2,1.57,0.26,1.57,0.72,0.72,0.76,0.04,1.38,58.3,1,1,Gonzaga,2020,372
Damian Young,Georgia,Sun Belt,F,6-7,79,184,JR,2024,25,275.59310075037104,27.559310075037104,3.5,3.3,1.6,18.0,0.547,0.367,0.0,0.749,1.0,17.3,13.6,11.5,3.39,0.48,112.2,94.0,2.15,0.3,2.15,0.72,0.72,0.77,0.05,1.37,58.2,1,1,Georgetown,2024,373
Uriah Collins,Kentucky,A-10,PG,6-1,73,274,R-JR,2021,25,172.324587867297,17.2324587867297,8.6,1.8,3.1,15.1,0.549,0.339,0.103,0.68,3.6,6.6,25.7,8.4,1.08,2.06,116.0,109.8,0.74,0.06,0.74,0.86,0.86,0.96,0.1,1.37,58.2,1,1,Richmond,2021,374
Kyle Roberts,Northwestern,SEC,PF,6-6,78,222,R-JR,2021,23,340.1497074651853,36.97279428969405,1.0,5.7,1.5,10.8,0.593,0.264,0.408,0.878,8.2,23.5,12.1,10.3,2.67,2.35,99.4,101.2,1.31,0.22,1.31,0.96,0.96,0.98,0.02,1.36,58.2,1,1,Austin Peay,2021,375
Jaylen White,Notre Dame,MAAC,SG,6-4,76,218,R-FR,2020,23,364.9490608537892,39.6683761797597,5.6,2.1,1.0,24.3,0.552,0.421,0.249,0.68,3.6,8.2,8.4,15.7,2.78,1.59,112.8,97.5,1.85,0.34,1.85,0.74,0.74,0.94,0.2,1.35,58.1,1,1,USC,2020,376
Jordan Lee,Oregon,Horizon,G,6-2,74,224,R-JR,2021,24,76.8,8.0,6.9,2.3,2.6,27.7,0.58,0.335,0.322,0.71,5.6,7.2,22.0,12.7,1.52,1.94,118.7,101.0,2.02,0.08,2.02,0.71,0.71,0.93,0.22,1.35,58.1,1,1,Belmont,2021,377
Andrej White,Texas,SEC,SF,6-7,79,168,R-FR,2022,25,419.7618627905436,41.97618627905436,5.4,3.7,1.5,20.2,0.472,0.362,0.478,0.73,8.5,12.2,12.8,17.5,1.49,1.1,96.7,109.0,2.58,0.54,2.58,0.96,0.96,0.83,-0.13,1.35,58.1,1,1,Vanderbilt,2022,378
Wade Moore,George Mason,Big Ten,G,6-1,73,215,SR,2023,33,338.6126418662842,25.652472868657892,2.9,2.3,3.1,13.6,0.517,0.444,0.121,0.576,1.8,10.8,26.1,27.5,3.21,1.67,120.0,96.3,-0.61,-0.1,-0.61,1.0,1.0,0.74,-0.26,1.34,58.1,1,1,Cincinnati,2023,379
Ryan Anderson,Mississippi State,WCC,SG,6-4,76,223,JR,2020,21,290.22431950646904,34.5505142269606,5.2,2.6,1.2,10.0,0.515,0.355,0.301,0.845,3.8,10.4,9.7,15.5,4.17,0.75,103.7,99.1,-1.42,-0.21,-1.42,0.82,0.82,0.98,0.16,1.34,58.0,1,1,BYU,2020,380
Grant White,Houston,A-10,C,6-11,83,184,R-FR,2023,21,67.2,8.0,4.7,5.4,0.4,19.9,0.466,0.199,0.175,0.686,4.5,25.6,3.7,15.9,0.2,4.14,99.7,94.6,2.0,0.07,2.0,0.86,0.86,0.69,-0.17,1.34,58.0,1,1,Ohio State,2023,381
Nathan Lewis,Butler,SEC,SG,6-3,75,215,JR,2023,23,425.9855628778666,46.302778573681145,8.7,1.0,1.7,21.4,0.568,0.346,0.352,0.795,1.2,4.5,14.1,11.2,2.49,3.39,111.9,99.3,2.36,0.5,2.36,0.96,0.96,0.98,0.02,1.34,58.0,1,1,Virginia,2023,382
Owen Martinez,Gonzaga,WCC,SF,6-6,78,200,JR,2021,29,299.5827533240412,25.826099424486312,7.1,2.2,1.5,17.2,0.556,0.274,0.438,0.652,5.9,6.6,12.7,16.9,2.81,0.71,101.8,98.8,0.15,0.02,0.15,0.82,0.82,0.71,-0.11,1.33,58.0,1,1,Duke,2021,383
Jaylen Lewis,Georgetown,WAC,SF,6-6,78,198,R-FR,2024,28,239.70096899501303,21.401872231697592,8.1,2.2,0.6,24.5,0.545,0.286,0.193,0.78,4.2,8.1,4.7,19.6,2.48,2.05,114.4,100.5,-1.37,-0.16,-1.37,0.7,0.7,0.96,0.26,1.33,58.0,1,1,Vanderbilt,2024,384
Ben Stewart,Louisville,MVC,C,6-10,82,185,R-FR,2022,26,287.1004238667751,27.60580998718991,1.0,4.4,1.0,14.7,0.419,0.307,0.161,0.707,12.1,12.1,8.1,12.7,1.5,8.08,115.7,100.6,0.94,0.14,0.94,0.79,0.79,0.98,0.19,1.33,58.0,1,1,Miami,2022,385
Tyrese Murphy,Austin Peay,MVC,SG,6-2,74,193,R-JR,2023,33,550.2387567451722,41.68475429887668,11.9,2.3,2.0,21.5,0.593,0.31,0.402,0.669,6.3,6.4,16.4,8.0,2.33,1.21,117.3,103.1,2.8,0.77,2.8,0.79,0.79,0.93,0.14,1.33,58.0,1,1,Miami,2023,386
Cade Thompson,Oklahoma,Sun Belt,SG,6-7,79,219,R-JR,2023,32,187.3250562700547,14.634770021098024,5.1,2.5,2.7,19.9,0.617,0.417,0.242,0.697,1.5,12.1,22.2,13.6,3.37,3.15,112.1,99.9,1.87,0.17,1.87,0.72,0.72,0.94,0.22,1.33,58.0,1,1,Tennessee,2023,387
Isaiah Hall,DePaul,SEC,C,6-8,80,235,R-SO,2021,33,334.3470029963174,25.329318408811925,12.5,4.0,1.1,27.7,0.507,0.37,0.107,0.773,3.8,18.5,9.0,6.1,0.45,7.53,109.9,99.1,-1.19,-0.2,-1.19,0.96,0.96,0.83,-0.13,1.32,57.9,1,1,Air Force,2021,388
Jordan Carter,Vanderbilt,WAC,SF,6-0,72,156,R-JR,2022,17,156.66412591187904,23.038842045864563,8.2,4.7,1.0,16.9,0.491,0.239,0.448,0.76,7.0,18.8,8.4,9.6,2.17,1.38,110.9,104.2,-1.76,-0.14,-1.76,0.7,0.7,0.69,-0.01,1.31,57.8,1,1,Saint Mary's,2022,389
Max Nelson,Iowa,ACC,SF,6-2,74,195,R-JR,2021,31,496.72052801272,40.0581070978,3.7,3.6,2.2,21.8,0.562,0.4,0.432,0.617,11.5,8.7,18.2,16.0,3.26,1.41,113.9,94.5,1.29,0.32,1.29,0.94,0.94,0.72,-0.22,1.3,57.8,1,1,UCLA,2021,390
Marcus Lee,Florida State,A-10,PF,6-7,79,192,R-FR,2023,34,125.8975809367483,9.257175068878551,8.1,5.3,1.1,26.4,0.516,0.358,0.142,0.715,6.5,22.8,9.6,16.3,1.53,3.85,106.0,107.6,-0.51,-0.03,-0.51,0.86,0.86,0.77,-0.09,1.29,57.7,1,1,Dayton,2023,391
Victor Green,Houston,AAC,W,6-8,80,215,R-SO,2022,33,451.66306106566987,34.21689856558105,4.7,2.3,2.0,24.3,0.569,0.279,0.459,0.73,2.3,10.5,16.5,8.3,1.61,1.59,108.0,105.2,1.18,0.27,1.18,0.83,0.83,0.74,-0.09,1.28,57.7,1,1,Alabama,2022,392
Max Cooper,Rutgers,Big 12,PG,6-3,75,200,JR,2022,30,152.99399071287786,12.749499226073155,7.6,3.1,4.1,20.4,0.433,0.214,0.336,0.656,4.2,13.0,33.8,23.8,2.28,1.89,111.7,91.0,1.2,0.09,1.2,0.98,0.98,0.69,-0.29,1.28,57.7,1,1,Oregon,2022,393
Kyle Reed,Duquesne,Horizon,C,7-0,84,205,R-JR,2022,25,187.49973956272328,18.749973956272328,5.6,4.6,2.0,17.5,0.498,0.223,0.0,0.661,9.8,15.5,16.7,12.0,3.49,5.15,116.6,100.8,1.93,0.18,1.93,0.71,0.71,0.96,0.25,1.27,57.6,1,1,Florida,2022,394
Paul Garcia,Arizona,AAC,C,6-11,83,192,FR,2021,29,226.94840739345636,19.564517878746237,4.8,4.7,1.6,19.9,0.517,0.219,0.177,0.724,7.8,18.5,13.4,10.4,2.85,3.97,121.7,90.2,1.7,0.19,1.7,0.83,0.83,0.72,-0.11,1.27,57.6,1,1,Saint Mary's,2021,395
Henry Robinson,St. Bonaventure,OVC,G,6-3,75,187,SR,2023,21,219.95407727474583,26.1850091993745,7.5,1.8,3.7,20.3,0.575,0.366,0.05,0.671,3.9,6.1,30.6,11.4,2.09,3.14,102.3,100.9,1.32,0.14,1.32,0.69,0.69,0.72,0.03,1.26,57.6,1,1,Tennessee Tech,2023,396
Chris Sanchez,Iowa State,Sun Belt,PG,6-1,73,196,JR,2024,30,224.57241736150672,18.714368113458892,4.4,1.9,2.2,23.7,0.462,0.348,0.142,0.774,5.3,5.2,18.2,11.4,2.12,2.57,103.6,93.5,0.85,0.1,0.85,0.72,0.72,0.82,0.1,1.26,57.6,1,1,Houston,2024,397
Sean Edwards,Saint Mary's,MVC,PF,6-11,83,207,SR,2024,25,299.24097472639704,29.924097472639705,4.4,5.2,1.2,24.2,0.494,0.31,0.0,0.697,13.9,14.8,9.6,8.7,1.81,4.05,114.8,95.7,2.62,0.39,2.62,0.79,0.79,0.77,-0.02,1.26,57.5,1,1,Florida State,2024,398
Grant Stewart,DePaul,WCC,G,6-2,74,219,JR,2020,26,159.7155836928221,15.357267662771353,1.0,2.7,3.4,18.2,0.451,0.319,0.523,0.81,2.4,12.5,28.7,11.4,3.33,2.31,124.4,100.3,2.13,0.17,2.13,0.82,0.82,0.72,-0.1,1.25,57.5,1,1,Boston College,2020,399
Jaylen Lopez,Gonzaga,CUSA,C,6-6,78,170,R-FR,2021,24,219.7526888912266,22.890905092836107,4.4,4.0,0.5,16.1,0.503,0.301,0.435,0.701,5.3,17.2,3.9,22.1,4.0,7.62,116.1,98.0,-2.12,-0.23,-2.12,0.74,0.74,0.86,0.12,1.25,57.5,1,1,San Diego State,2021,400
Mike Martin,Iowa State,MVC,C,6-10,82,210,FR,2024,19,165.08672831149522,21.721937935723055,14.2,4.0,2.1,25.6,0.506,0.286,0.048,0.949,8.5,13.7,17.6,5.9,1.27,7.05,102.5,103.2,0.95,0.08,0.95,0.79,0.79,0.82,0.03,1.24,57.4,1,1,Air Force,2024,401
Reed Walker,Ohio State,MAC,C,7-0,84,208,R-JR,2022,35,607.0803241826305,43.36288029875932,4.5,4.9,1.3,14.0,0.536,0.302,0.0,0.669,7.0,20.3,10.8,9.4,1.49,4.66,114.5,103.4,-1.65,-0.5,-1.65,0.76,0.76,0.69,-0.07,1.24,57.4,1,1,Notre Dame,2022,402
Zion Adams,Baylor,Horizon,SF,6-6,78,221,R-FR,2021,35,269.8436469088147,19.274546207772477,6.0,2.5,1.5,18.7,0.461,0.234,0.418,0.819,3.2,10.9,12.9,13.1,1.15,1.54,121.8,96.2,-1.8,-0.24,-1.8,0.71,0.71,0.86,0.15,1.23,57.4,1,1,Maryland,2021,403
DeShawn Wright,Nebraska,MAAC,SG,6-3,75,200,R-JR,2021,24,449.3312857891286,46.80534226970089,2.3,2.1,2.1,20.5,0.484,0.397,0.505,0.523,3.8,8.0,17.2,13.1,2.7,1.55,105.3,94.5,-1.84,-0.41,-1.84,0.74,0.74,1.0,0.26,1.23,57.4,1,1,LSU,2021,404
Darius Campbell,Tulsa,Big East,F,6-6,78,240,R-JR,2023,27,426.0911233218826,39.452881789063206,7.7,4.3,1.6,26.0,0.493,0.23,0.015,0.586,9.3,14.5,13.4,12.3,0.9,1.35,102.8,98.0,1.87,0.4,1.87,0.93,0.93,0.83,-0.1,1.22,57.3,1,1,Minnesota,2023,405
Luke Morris,Mississippi State,ACC,PF,6-8,80,209,R-JR,2024,16,51.2,8.0,9.2,5.5,0.5,22.6,0.463,0.376,0.222,0.605,5.8,24.8,3.8,19.4,4.08,9.84,112.3,96.2,-0.36,-0.01,-0.36,0.94,0.94,0.96,0.02,1.22,57.3,1,1,Notre Dame,2024,406
Xavier Clark,Mississippi State,ACC,PF,6-8,80,222,JR,2022,35,134.55192525473737,9.610851803909812,1.0,7.0,1.6,18.8,0.482,0.244,0.169,0.818,17.2,21.7,13.4,18.0,2.45,8.43,116.0,99.1,0.35,0.02,0.35,0.94,0.94,0.71,-0.23,1.22,57.3,1,1,Boston College,2022,407
Wade Allen,Fordham,OVC,C,6-10,82,212,R-FR,2023,24,140.4916233176504,14.634544095588584,5.1,2.6,1.4,25.9,0.541,0.413,0.232,0.7,5.1,9.1,11.5,11.1,2.21,3.5,105.1,103.3,2.48,0.17,2.48,0.69,0.69,1.0,0.31,1.22,57.3,1,1,Saint Louis,2023,408
Will Turner,St. Bonaventure,Sun Belt,PG,6-2,74,216,R-FR,2023,17,250.86162591531968,36.891415575782304,6.1,2.1,3.8,23.3,0.448,0.285,0.358,0.782,2.7,9.2,31.7,25.4,2.14,2.77,101.3,100.5,-0.37,-0.05,-0.37,0.72,0.72,0.98,0.26,1.21,57.3,1,1,Austin Peay,2023,409
Jake Parker,Auburn,OVC,SF,6-4,76,231,R-FR,2022,33,274.93681720504054,20.828546757957618,9.0,3.9,2.7,21.2,0.527,0.243,0.235,0.619,6.8,14.9,22.7,10.2,3.96,1.24,111.2,98.5,-0.05,-0.01,-0.05,0.69,0.69,0.93,0.24,1.21,57.2,1,1,Minnesota,2022,410
Sean Anderson,UCLA,SEC,PG,6-1,73,200,JR,2023,24,130.94496369082296,13.640100384460727,7.4,2.2,2.7,15.3,0.519,0.307,0.196,0.715,3.1,9.2,22.1,10.3,1.58,1.09,107.2,98.6,1.76,0.12,1.76,0.96,0.96,0.96,0.0,1.2,57.2,1,1,Rutgers,2023,411
Cameron Wilson,San Diego State,Big East,F,6-9,81,210,R-SO,2023,25,80.0,8.0,9.3,3.7,0.6,21.3,0.585,0.186,0.511,0.587,7.6,12.8,4.9,10.4,2.84,2.79,108.6,92.2,0.63,0.03,0.63,0.93,0.93,0.69,-0.24,1.19,57.2,1,1,Tennessee Tech,2023,412
Isaiah Reed,Miami,CUSA,PF,6-8,80,191,JR,2021,25,266.8675190173712,26.68675190173712,5.8,5.0,1.1,24.2,0.507,0.324,0.075,0.712,13.7,13.8,9.6,11.3,2.14,0.42,121.4,94.4,1.51,0.2,1.51,0.74,0.74,0.71,-0.03,1.19,57.1,1,1,Florida,2021,413
Max Harris,Florida State,CUSA,C,6-8,80,192,R-FR,2024,24,439.06781320822995,45.736230542523955,8.0,4.2,1.2,16.9,0.539,0.214,0.468,0.61,4.0,19.1,10.1,14.3,4.2,2.56,106.2,108.7,0.79,0.17,0.79,0.74,0.74,0.71,-0.03,1.19,57.2,1,1,Air Force,2024,414
Marcus Harris,Saint Louis,Big 12,SF,6-5,77,216,R-FR,2021,36,367.38076647055686,25.512553227122005,1.0,4.1,1.6,13.8,0.452,0.289,0.369,0.746,7.0,15.8,13.5,12.4,3.83,0.1,109.6,100.7,1.68,0.31,1.68,0.98,0.98,1.0,0.02,1.19,57.1,1,1,Stanford,2021,415
DeShawn Lopez,William & Mary,Horizon,W,6-5,77,189,R-FR,2021,17,105.410209602999,15.501501412205736,1.9,2.7,2.9,17.7,0.528,0.353,0.419,0.763,2.8,12.1,24.4,15.0,3.69,2.2,103.4,113.6,1.75,0.09,1.75,0.71,0.71,0.79,0.08,1.19,57.2,1,1,Tennessee,2021,416
Derek Carter,Davidson,MAAC,SF,6-5,77,162,JR,2020,24,302.2213448533949,31.481390088895303,10.2,2.6,2.1,18.7,0.635,0.285,0.097,0.708,7.2,7.4,17.1,14.3,0.43,2.13,110.6,92.3,2.23,0.34,2.23,0.74,0.74,0.72,-0.02,1.17,57.0,1,1,Miami,2020,417
Ryan Rivera,Xavier,ACC,PG,6-2,74,200,R-FR,2020,33,522.6816372048659,39.59709372764135,3.5,2.0,3.1,14.9,0.536,0.37,0.376,0.668,1.3,9.7,25.6,13.2,1.09,3.39,117.6,98.8,0.09,0.02,0.09,0.94,0.94,0.74,-0.2,1.16,57.0,1,1,Boston College,2020,418
Xavier Moore,Florida State,Big 12,C,6-10,82,229,R-JR,2022,23,303.7820884828642,33.01979222639828,12.8,5.6,0.6,19.5,0.519,0.253,0.117,0.74,8.6,22.8,4.9,11.3,1.59,4.65,112.5,91.0,0.71,0.11,0.71,0.98,0.98,0.74,-0.24,1.15,56.9,1,1,Virginia,2022,419
Eric Anderson,Wisconsin,ACC,C,6-8,80,228,R-FR,2024,37,683.2573259696438,46.16603553848945,11.8,3.3,0.6,22.2,0.591,0.31,0.146,0.864,5.5,12.8,4.6,15.8,3.16,5.61,114.3,91.1,0.04,0.01,0.04,0.94,0.94,0.82,-0.12,1.15,56.9,1,1,Murray State,2024,420
Ivan Harris,Duke,Big 12,PF,6-9,81,258,SO,2022,31,99.2,8.0,7.7,4.8,1.5,16.6,0.589,0.375,0.284,0.683,7.6,18.9,12.5,13.4,1.52,4.06,127.6,99.6,1.71,0.08,1.71,0.98,0.98,0.77,-0.21,1.14,56.9,1,1,Florida,2022,421
Omar Gonzalez,Tennessee,SEC,W,6-10,82,192,R-FR,2022,26,108.35118431329028,10.418383107047141,7.7,3.3,1.2,29.0,0.526,0.285,0.379,0.678,6.6,11.7,9.7,14.5,3.91,1.43,123.8,97.5,1.72,0.09,1.72,0.96,0.96,0.71,-0.25,1.14,56.8,1,1,Michigan State,2022,422
Cole Moore,Florida State,WAC,PF,6-7,79,241,R-SO,2024,21,240.08895996648823,28.58201904362955,7.3,6.3,1.7,24.8,0.539,0.244,0.138,0.625,14.8,20.1,14.2,10.5,2.75,0.58,105.9,111.4,1.12,0.13,1.12,0.7,0.7,0.83,0.13,1.14,56.8,1,1,Mississippi State,2024,423
Omar Hall,Alabama,Big 12,PG,6-2,74,213,JR,2021,32,336.04323783576797,26.25337795591937,8.8,1.3,2.8,20.2,0.613,0.356,0.142,0.815,0.9,6.4,23.3,14.8,0.26,0.26,113.0,107.1,2.96,0.5,2.96,0.98,0.98,0.82,-0.16,1.14,56.9,1,1,Oregon,2021,424
Trevion Garcia,Boise State,Big East,W,6-7,79,203,SR,2022,24,286.58884952878213,29.853005159248134,12.3,3.2,2.4,29.0,0.617,0.337,0.439,0.715,5.6,12.4,19.9,9.7,1.59,2.43,113.8,106.1,1.48,0.21,1.48,0.93,0.93,0.98,0.05,1.14,56.8,1,1,SMU,2022,425
Quinn Collins,Wake Forest,CAA,G,6-2,74,211,SO,2022,26,210.18223409238726,20.20983020119108,3.1,3.3,2.3,20.0,0.529,0.347,0.151,0.76,2.5,15.7,19.3,19.6,5.03,1.69,110.0,93.0,2.27,0.24,2.27,0.77,0.77,0.83,0.06,1.14,56.9,1,1,Miami,2022,426
Elijah Cooper,Oklahoma,MAC,PG,6-2,74,218,JR,2020,37,333.426278295374,22.52880258752527,11.6,1.3,1.8,22.7,0.521,0.389,0.388,0.933,1.1,6.2,15.4,25.8,3.0,0.96,103.5,107.3,-0.52,-0.09,-0.52,0.76,0.76,0.83,0.07,1.13,56.8,1,1,Memphis,2020,427
Nick Brown,Mississippi State,Horizon,PF,6-9,81,160,R-FR,2021,29,555.0291160516136,47.847337590656345,6.0,3.8,0.5,26.4,0.513,0.42,0.151,0.633,10.0,10.9,3.8,16.6,2.77,2.35,135.0,90.9,0.04,0.01,0.04,0.71,0.71,0.79,0.08,1.13,56.8,1,1,SMU,2021,428
Eric Murphy,Vanderbilt,OVC,W,6-4,76,235,R-FR,2024,37,343.7101850778336,23.223661153907678,8.1,1.6,1.7,16.6,0.576,0.309,0.188,0.763,4.9,4.1,14.5,15.8,3.16,1.43,108.5,111.2,-1.2,-0.21,-1.2,0.69,0.69,0.71,0.02,1.13,56.8,1,1,Utah State,2024,429
Marcus Thompson,Duke,CUSA,SF,6-5,77,233,JR,2020,24,212.7405747290317,22.160476534274135,15.7,1.2,1.8,25.9,0.494,0.418,0.285,0.661,1.3,5.6,14.7,12.7,1.84,1.0,112.4,99.8,0.64,0.07,0.64,0.74,0.74,0.86,0.12,1.13,56.8,1,1,Florida State,2020,430
Max Gonzalez,Davidson,AAC,SG,6-0,72,239,JR,2022,23,378.06490889194356,41.094011836080824,10.1,1.6,0.8,24.3,0.543,0.261,0.288,0.563,1.3,7.7,6.8,18.4,3.33,1.37,105.6,98.4,1.81,0.34,1.81,0.83,0.83,0.69,-0.14,1.13,56.8,1,1,Wake Forest,2022,431
Damian Gonzalez,Gonzaga,Big Ten,SG,6-3,75,215,R-FR,2024,32,422.52342932915826,33.00964291634049,5.3,3.0,2.3,19.8,0.586,0.297,0.365,0.787,4.9,11.5,19.4,19.4,2.27,1.78,120.2,101.1,1.56,0.33,1.56,1.0,1.0,0.77,-0.23,1.13,56.8,1,1,Eastern Kentucky,2024,432
Sean Garcia,Utah State,WAC,PF,6-8,80,194,FR,2022,26,380.74608397410384,36.61020038212537,13.0,3.8,1.2,37.3,0.487,0.182,0.167,0.685,8.2,12.9,9.9,8.1,2.48,4.89,107.8,98.8,2.47,0.47,2.47,0.7,0.7,0.98,0.28,1.12,56.7,1,1,Notre Dame,2022,433
Coleman Evans,Pittsburgh,OVC,SG,6-4,76,227,JR,2020,31,525.5827373051076,42.385704621379645,9.2,2.9,1.4,22.9,0.568,0.322,0.355,0.662,6.5,9.7,11.7,15.9,1.19,3.0,106.1,102.2,1.72,0.45,1.72,0.69,0.69,0.83,0.14,1.11,56.7,1,1,Illinois,2020,434
Eric Wilson,Michigan,Big 12,W,6-7,79,180,JR,2023,22,388.46079707329017,44.14327239469206,5.4,2.9,0.6,16.4,0.583,0.372,0.376,0.527,3.3,12.7,4.8,15.2,0.78,2.04,100.8,100.7,0.87,0.17,0.87,0.98,0.98,0.93,-0.05,1.11,56.7,1,1,Boise State,2023,435
Sean Carter,UCLA,Big 12,G,6-1,73,193,R-FR,2021,31,353.14439741508136,28.479386888313012,1.0,2.7,3.8,23.0,0.581,0.45,0.271,0.634,3.1,11.8,32.1,7.8,2.31,2.45,119.0,101.5,0.21,0.04,0.21,0.98,0.98,0.74,-0.24,1.11,56.7,1,1,Baylor,2021,436
Nathan Rodriguez,Xavier,WAC,C,6-10,82,200,R-JR,2020,36,115.19999999999999,8.0,13.2,3.7,0.3,25.2,0.558,0.228,0.0,0.835,6.8,13.8,2.6,5.8,2.2,6.82,113.6,98.3,2.3,0.13,2.3,0.7,0.7,1.0,0.3,1.1,56.6,1,1,Marquette,2020,437
Eric Morris,Michigan State,Horizon,F,6-8,80,202,R-FR,2023,20,64.0,8.0,7.0,5.2,0.6,16.3,0.547,0.348,0.0,0.691,8.4,20.4,4.9,5.1,2.37,2.03,119.0,97.0,0.59,0.02,0.59,0.71,0.71,0.71,0.0,1.1,56.6,1,1,Davidson,2023,438
Tyler Rogers,Houston,WAC,PF,6-10,82,221,JR,2024,33,619.3738159736298,46.92225878588104,7.5,3.0,0.9,26.1,0.454,0.262,0.095,0.74,8.1,8.8,7.4,7.0,0.42,2.84,108.1,90.9,-1.64,-0.51,-1.64,0.7,0.7,0.77,0.07,1.1,56.6,1,1,Florida,2024,439
Derek Campbell,Northwestern,Ivy,G,6-3,75,155,SR,2024,25,269.9148192585827,26.991481925858274,6.9,2.9,3.2,32.7,0.535,0.491,0.355,0.742,4.0,11.9,26.8,23.8,2.66,0.92,119.9,100.3,1.34,0.18,1.34,0.71,0.71,0.7,-0.01,1.1,56.6,1,1,North Carolina,2024,440
Sam Campbell,Hofstra,Ivy,SF,6-4,76,190,R-JR,2023,25,80.0,8.0,1.0,4.0,1.7,20.9,0.549,0.347,0.234,0.445,6.4,16.0,14.5,15.0,2.56,0.65,109.7,92.0,1.81,0.07,1.81,0.71,0.71,0.76,0.05,1.1,56.6,1,1,Saint Louis,2023,441
Mike Hill,Louisville,Big Ten,SF,6-6,78,162,JR,2023,34,312.7996118103524,22.99997145664356,5.2,3.5,1.4,16.3,0.465,0.328,0.537,0.595,7.7,11.8,11.8,18.4,1.4,3.79,107.9,98.9,1.37,0.21,1.37,1.0,1.0,0.79,-0.21,1.1,56.6,1,1,St. Bonaventure,2023,442
Grant Sanchez,Iowa State,OVC,C,6-8,80,207,R-JR,2020,25,285.2578125528355,28.52578125528355,1.2,4.5,2.1,13.7,0.437,0.287,0.364,0.8,9.3,15.6,17.3,14.4,2.79,1.17,110.8,91.8,2.38,0.34,2.38,0.69,0.69,0.98,0.29,1.1,56.6,1,1,Penn State,2020,443
Tanner Scott,Wisconsin,Big 12,C,6-11,83,208,JR,2020,27,254.63192408487654,23.577030007858937,9.1,3.6,1.2,16.2,0.419,0.336,0.072,0.915,6.8,13.4,10.3,13.3,3.57,3.86,101.3,94.6,0.1,0.01,0.1,0.98,0.98,0.72,-0.26,1.1,56.6,1,1,SMU,2020,444
Alex Williams,Georgia,CUSA,W,6-5,77,196,R-JR,2022,32,102.4,8.0,2.9,3.1,1.6,10.0,0.562,0.262,0.235,0.767,3.6,13.6,13.1,14.3,2.7,1.77,111.1,101.0,-0.6,-0.03,-0.6,0.74,0.74,0.94,0.2,1.09,56.5,1,1,Duke,2022,445
Vince Phillips,SMU,MVC,PF,6-5,77,191,FR,2024,25,381.6413584035763,38.16413584035763,5.0,4.3,0.6,18.7,0.526,0.137,0.15,0.663,11.3,12.5,5.0,15.7,1.28,2.78,114.5,103.1,1.44,0.27,1.44,0.79,0.79,0.69,-0.1,1.08,56.5,1,1,Richmond,2024,446
Tanner Murphy,Alabama,MAC,PG,6-1,73,211,R-JR,2023,26,325.55318279744574,31.303190653600556,11.5,2.1,0.6,24.3,0.539,0.348,0.435,0.668,5.0,6.6,5.0,15.0,4.58,0.32,114.6,94.2,-0.11,-0.02,-0.11,0.76,0.76,0.72,-0.04,1.08,56.5,1,1,Stanford,2023,447
Chris Johnson,Pittsburgh,ACC,G,6-1,73,232,JR,2022,25,564.370833701919,56.4370833701919,9.7,2.0,2.2,17.2,0.59,0.302,0.352,0.714,3.6,7.7,18.4,13.7,2.79,1.54,114.2,100.6,2.46,0.69,2.46,0.94,0.94,0.72,-0.22,1.08,56.5,1,1,Arizona,2022,448
Kevin Evans,Air Force,MVC,SF,6-7,79,216,R-JR,2022,25,283.2812626610792,28.328126266107923,13.2,3.0,1.2,31.8,0.562,0.35,0.75,0.695,8.0,8.6,9.8,15.1,3.49,0.97,118.5,101.0,-0.45,-0.06,-0.45,0.79,0.79,0.72,-0.07,1.08,56.5,1,1,LSU,2022,449
Cade Garcia,North Carolina,OVC,F,6-8,80,200,R-SO,2024,20,318.550888616803,39.81886107710037,12.5,4.4,0.7,29.0,0.646,0.227,0.404,0.596,6.1,18.0,5.5,14.1,3.34,0.1,113.9,93.3,1.51,0.24,1.51,0.69,0.69,0.94,0.25,1.07,56.4,1,1,Iowa State,2024,450
Cade Clark,Oklahoma,Horizon,PG,6-2,74,196,FR,2022,23,365.6551545529049,39.74512549488096,2.6,1.9,3.0,22.4,0.448,0.373,0.458,0.712,2.0,8.6,24.7,20.2,4.81,0.58,134.8,91.6,-1.22,-0.22,-1.22,0.71,0.71,0.86,0.15,1.06,56.4,1,1,Creighton,2022,451
Kyle Wilson,James Madison,WAC,F,6-7,79,226,R-JR,2024,27,469.466211026772,43.46909361359,7.0,5.4,1.5,25.1,0.536,0.186,0.011,0.752,11.4,18.7,12.7,10.7,3.47,1.43,104.5,107.7,1.83,0.43,1.83,0.7,0.7,1.0,0.3,1.05,56.3,1,1,Seton Hall,2024,452
Jaylen Bell,Oregon,A-10,PG,6-2,74,231,R-JR,2021,31,484.2308113390427,39.05087188218086,6.6,1.7,0.9,27.2,0.634,0.352,0.347,0.783,3.0,6.7,7.8,29.7,3.3,2.18,113.4,110.2,2.19,0.53,2.19,0.86,0.86,0.93,0.07,1.05,56.3,1,1,Arizona,2021,453
Marcus Hill,Creighton,ACC,C,6-11,83,204,JR,2021,23,99.49366370622161,10.814528663719742,3.2,6.0,1.6,22.1,0.503,0.369,0.252,0.753,11.1,22.1,13.1,20.8,3.0,5.22,106.3,100.1,2.1,0.1,2.1,0.94,0.94,0.83,-0.11,1.04,56.2,1,1,Georgia,2021,454
Henry Hill,Florida State,MAAC,SF,6-6,78,238,R-FR,2023,23,224.95102105505308,24.451197940766637,11.7,3.5,2.9,23.5,0.561,0.303,0.601,0.782,7.8,11.9,24.1,10.8,0.2,2.41,119.0,104.2,2.47,0.28,2.47,0.74,0.74,0.86,0.12,1.04,56.2,1,1,TCU,2023,455
DeShawn Garcia,Murray State,CAA,G,6-1,73,217,R-JR,2023,26,286.18236940053924,27.51753551928262,5.1,1.0,3.9,29.0,0.409,0.33,0.255,0.711,0.4,5.2,32.8,15.4,2.18,1.6,106.8,95.7,3.03,0.43,3.03,0.77,0.77,0.94,0.17,1.03,56.2,1,1,Duke,2023,456
Grant Taylor,Tennessee Tech,MAAC,PF,6-6,78,222,JR,2021,24,364.9184385230386,38.012337346149856,4.5,2.5,0.8,15.0,0.591,0.297,0.122,0.718,4.1,9.7,6.6,14.4,2.39,1.11,119.6,100.4,0.6,0.11,0.6,0.74,0.74,1.0,0.26,1.03,56.2,1,1,Wake Forest,2021,457
Ivan Morgan,Virginia Tech,MAAC,SF,6-7,79,210,JR,2021,23,167.94822244606422,18.255241570224374,6.8,1.7,2.5,25.0,0.493,0.347,0.365,0.571,2.6,6.9,20.5,16.1,1.34,0.94,103.3,93.7,-0.21,-0.02,-0.21,0.74,0.74,0.74,0.0,1.03,56.2,1,1,Illinois,2021,458
Xavier Thomas,TCU,Big East,PF,6-8,80,205,R-FR,2021,33,387.7241488806485,29.373041581867312,2.5,4.1,1.2,18.8,0.574,0.327,0.146,0.819,10.7,12.0,9.6,17.8,2.02,5.62,115.9,92.1,0.54,0.11,0.54,0.93,0.93,0.96,0.03,1.03,56.2,1,1,UCLA,2021,459
Jordan Scott,Connecticut,ACC,PF,6-7,79,177,R-JR,2024,26,440.0024421651173,42.30792713126128,6.1,2.6,0.2,18.7,0.544,0.277,0.296,0.521,4.0,10.6,1.0,9.6,2.95,3.79,112.5,104.8,1.41,0.31,1.41,0.94,0.94,0.74,-0.2,1.03,56.2,1,1,Purdue,2024,460
Tyler Murphy,Creighton,Ivy,G,6-2,74,204,R-JR,2022,26,83.2,8.0,4.8,3.1,3.0,17.4,0.527,0.281,0.477,0.697,3.5,13.7,25.3,20.4,1.49,1.48,100.7,93.2,0.05,0.0,0.05,0.71,0.71,0.83,0.12,1.03,56.2,1,1,Memphis,2022,461
Andre Robinson,UNLV,MAC,SG,6-4,76,240,JR,2024,27,321.267573540532,29.746997550049254,5.1,2.4,1.0,17.6,0.576,0.313,0.688,0.84,1.2,12.4,8.4,12.3,1.88,1.42,116.5,99.6,0.37,0.06,0.37,0.76,0.76,0.86,0.1,1.02,56.1,1,1,Air Force,2024,462
Omar Davis,Memphis,MAAC,PG,6-3,75,228,R-JR,2020,24,188.32981367622716,19.617688924606995,1.0,2.2,4.8,23.9,0.595,0.314,0.364,0.691,2.5,9.4,39.7,18.9,2.86,0.1,108.0,106.4,1.8,0.17,1.8,0.74,0.74,0.76,0.02,1.02,56.1,1,1,Utah State,2020,463
Trevion Morris,Georgia,AAC,PF,6-8,80,215,R-JR,2023,34,377.84047860005103,27.782388132356694,11.4,3.8,1.3,27.9,0.536,0.258,0.044,0.867,12.5,8.7,10.8,14.5,1.98,1.29,109.2,99.8,-1.52,-0.29,-1.52,0.83,0.83,0.69,-0.14,1.02,56.1,1,1,Saint Louis,2023,464
Darius Stewart,Nebraska,A-10,SF,6-5,77,173,JR,2024,23,406.48880960462117,44.183566261371865,11.0,2.9,2.0,19.3,0.559,0.321,0.439,0.732,7.7,8.6,16.8,9.4,2.02,1.39,118.9,98.6,-0.96,-0.19,-0.96,0.86,0.86,0.86,0.0,1.0,56.0,1,1,Austin Peay,2024,465
Xavier Rivera,Seton Hall,ACC,W,6-8,80,196,R-JR,2020,31,384.55271128706494,31.012315426376205,2.5,4.4,1.7,14.5,0.509,0.329,0.271,0.754,8.2,16.0,13.9,18.5,1.18,3.28,102.0,86.1,1.82,0.35,1.82,0.94,0.94,0.96,0.02,1.0,56.0,1,1,Indiana,2020,466
Luke Hernandez,Duquesne,MAAC,PF,6-8,80,220,R-JR,2020,21,293.4665202419535,34.93649050499447,8.0,5.3,0.2,21.9,0.544,0.282,0.0,0.787,9.3,20.0,1.0,10.1,0.77,7.73,102.0,107.9,1.5,0.22,1.5,0.74,0.74,0.96,0.22,0.99,55.9,1,1,UCLA,2020,467
Eric Baker,Nevada,CAA,G,6-4,76,195,R-JR,2021,20,76.54009124568644,9.567511405710805,7.1,2.6,3.5,19.7,0.512,0.329,0.563,0.727,2.5,12.0,28.8,14.4,3.03,3.27,124.5,104.8,0.24,0.01,0.24,0.77,0.77,0.96,0.19,0.99,55.9,1,1,St. Bonaventure,2021,468
Owen Rogers,Wichita State,CUSA,G,6-3,75,217,R-FR,2022,29,92.8,8.0,8.3,1.3,3.9,22.2,0.524,0.362,0.345,0.713,4.5,2.8,32.2,29.1,3.08,1.29,110.6,105.3,0.74,0.03,0.74,0.74,0.74,0.74,0.0,0.98,55.9,1,1,Baylor,2022,469
Kyle Mitchell,Boise State,MVC,PG,6-1,73,199,R-FR,2023,26,283.9086271060415,27.29890645250399,6.7,1.6,1.7,22.8,0.551,0.304,0.236,0.768,2.8,6.1,14.0,14.6,2.59,3.19,109.3,93.8,3.2,0.45,3.2,0.79,0.79,0.83,0.04,0.98,55.9,1,1,Georgia,2023,470
Wade Lewis,Memphis,MVC,SF,6-7,79,200,JR,2023,24,419.507419622979,43.69868954406031,8.0,4.0,1.2,17.2,0.581,0.325,0.378,0.806,5.0,17.4,9.7,23.2,0.82,2.07,108.4,84.9,0.56,0.12,0.56,0.79,0.79,0.86,0.07,0.98,55.9,1,1,James Madison,2023,471
Wade Brown,Memphis,AAC,F,6-9,81,163,R-JR,2024,35,661.3326589108141,47.23804706505815,8.7,4.7,1.5,27.5,0.472,0.182,0.284,0.656,5.2,21.1,12.8,15.2,2.41,1.63,113.7,100.5,0.51,0.17,0.51,0.83,0.83,0.7,-0.13,0.97,55.8,1,1,Ohio State,2024,472
Patrick Sanchez,Wichita State,OVC,C,6-9,81,212,FR,2022,35,363.7280203714515,25.98057288367511,5.8,5.6,1.2,22.7,0.558,0.32,0.342,0.792,8.1,23.0,9.7,18.7,3.3,2.94,129.8,86.6,1.04,0.19,1.04,0.69,0.69,0.76,0.07,0.97,55.8,1,1,Iowa State,2022,473
Ben Robinson,Florida State,Big Ten,C,6-8,80,220,R-JR,2022,26,288.8425905319482,27.773326012687328,8.5,5.0,0.7,29.7,0.541,0.313,0.174,0.746,5.8,21.7,6.2,13.0,1.93,3.71,123.2,92.3,1.13,0.16,1.13,1.0,1.0,0.86,-0.14,0.96,55.7,1,1,Georgetown,2022,474
Kofi Scott,Villanova,OVC,SF,6-4,76,236,R-JR,2024,27,712.3329077541529,65.95675071797712,1.0,2.9,1.8,13.5,0.501,0.373,0.398,0.759,2.7,13.4,15.0,14.6,1.52,2.69,126.4,92.6,-0.12,-0.04,-0.12,0.69,0.69,0.82,0.13,0.96,55.8,1,1,Belmont,2024,475
Xavier Allen,Xavier,OVC,F,6-7,79,197,JR,2021,32,187.94265814380526,14.683020167484788,9.6,3.8,1.8,26.0,0.488,0.24,0.233,0.582,8.4,12.9,15.4,16.0,2.49,2.6,106.4,103.4,-0.79,-0.07,-0.79,0.69,0.69,0.76,0.07,0.96,55.7,1,1,Nevada,2021,476
Henry Thompson,Murray State,Horizon,G,6-2,74,209,SR,2023,25,240.29318459874116,24.029318459874116,8.6,1.9,3.5,20.9,0.487,0.315,0.605,0.941,1.6,8.9,29.3,16.7,1.21,3.24,115.2,101.1,2.01,0.24,2.01,0.71,0.71,0.74,0.03,0.96,55.8,1,1,UCLA,2023,477
Derek Turner,Creighton,MVC,C,6-9,81,181,SO,2023,26,83.2,8.0,12.2,4.5,1.5,21.5,0.525,0.259,0.0,0.73,14.5,10.3,12.5,10.9,2.14,1.87,107.8,106.6,0.49,0.02,0.49,0.79,0.79,0.98,0.19,0.96,55.8,1,1,Virginia Tech,2023,478
Evan Allen,Dayton,A-10,SF,6-5,77,203,JR,2020,27,331.2037907212589,30.667017659375823,8.8,2.6,2.0,15.0,0.581,0.293,0.42,0.656,4.4,10.2,16.6,18.5,2.12,1.23,116.9,99.8,-0.2,-0.03,-0.2,0.86,0.86,1.0,0.14,0.96,55.8,1,1,Memphis,2020,479
Jalen Murphy,George Mason,CUSA,C,7-0,84,187,R-JR,2023,22,70.4,8.0,14.0,3.7,1.4,23.3,0.616,0.308,0.104,0.609,6.0,14.5,11.8,13.1,1.32,6.82,89.8,82.2,2.06,0.07,2.06,0.74,0.74,0.82,0.08,0.95,55.7,1,1,Butler,2023,480
Todd Gonzalez,Northwestern,Big 12,PF,6-8,80,246,SR,2023,23,190.24293958099506,20.678580389238594,9.5,5.3,1.9,16.0,0.512,0.342,0.169,0.545,9.1,20.1,15.5,15.2,1.3,8.06,99.2,98.2,1.14,0.11,1.14,0.98,0.98,0.72,-0.26,0.95,55.7,1,1,SMU,2023,481
Coleman Baker,Boston College,A-10,PG,6-4,76,222,SR,2024,26,274.158552477127,26.36139927664682,5.8,1.8,4.4,21.9,0.491,0.218,0.36,0.779,1.7,8.6,36.8,19.7,0.2,0.1,107.8,93.7,-0.21,-0.03,-0.21,0.86,0.86,1.0,0.14,0.95,55.7,1,1,Creighton,2024,482
Cade Collins,Dayton,WCC,C,6-9,81,234,R-FR,2022,25,357.85537289528463,35.78553728952846,5.3,4.8,1.0,18.9,0.466,0.148,0.122,0.676,4.7,21.7,8.1,9.8,1.87,5.39,109.9,94.5,-1.46,-0.26,-1.46,0.82,0.82,0.82,0.0,0.95,55.7,1,1,North Carolina,2022,483
Grant Reed,Syracuse,AAC,SF,6-4,76,239,JR,2022,24,489.96396610183,51.0379131356073,6.7,3.7,0.4,17.6,0.473,0.336,0.138,0.766,5.1,15.4,3.4,17.4,3.54,1.94,109.7,103.9,0.63,0.15,0.63,0.83,0.83,0.71,-0.12,0.94,55.6,1,1,Rutgers,2022,484
Jake White,Nevada,SEC,G,6-1,73,207,JR,2024,28,202.61932093290704,18.091010797580985,1.0,2.1,2.4,15.9,0.538,0.339,0.463,0.783,2.9,8.5,20.3,16.0,2.38,1.6,114.1,93.6,0.33,0.03,0.33,0.96,0.96,0.76,-0.2,0.93,55.6,1,1,Hofstra,2024,485
Coleman Davis,USC,Big East,SF,6-5,77,200,JR,2021,26,83.2,8.0,8.1,3.2,1.4,22.9,0.58,0.392,0.473,0.917,4.0,13.6,11.8,17.8,2.14,3.22,107.4,106.7,1.12,0.05,1.12,0.93,0.93,0.94,0.01,0.93,55.6,1,1,San Diego State,2021,486
Cameron Evans,Iowa State,AAC,PF,6-7,79,208,R-FR,2024,27,349.44186792614585,32.35572851168017,1.0,5.7,0.8,11.6,0.458,0.251,0.172,0.859,9.0,22.9,7.0,7.9,1.23,2.69,126.2,93.8,-0.33,-0.06,-0.33,0.83,0.83,0.74,-0.09,0.93,55.6,1,1,DePaul,2024,487
Xavier Davis,Virginia Tech,CAA,SF,6-8,80,218,SO,2021,25,238.06661467451357,23.806661467451356,4.5,4.1,2.8,21.4,0.504,0.258,0.633,0.697,6.9,15.8,23.2,14.7,1.3,0.24,113.7,96.8,2.65,0.32,2.65,0.77,0.77,1.0,0.23,0.92,55.5,1,1,Providence,2021,488
Max Taylor,Hofstra,A-10,PG,6-1,73,199,R-JR,2021,27,575.271359509708,53.26586662126926,4.5,2.5,3.1,15.5,0.612,0.362,0.414,0.779,2.9,11.0,25.9,12.5,2.93,1.4,106.0,102.7,2.15,0.62,2.15,0.86,0.86,0.71,-0.15,0.92,55.5,1,1,Tennessee Tech,2021,489
Isaiah Morris,Connecticut,Big East,SF,6-8,80,182,R-FR,2021,33,385.30583676617437,29.189836118649573,11.7,2.9,2.0,22.3,0.555,0.297,0.351,0.852,3.8,12.3,16.6,12.4,1.51,1.32,109.5,89.3,0.0,0.0,0.0,0.93,0.93,0.82,-0.11,0.92,55.5,1,1,Oregon,2021,490
Jalen Young,Cincinnati,AAC,C,6-10,82,216,JR,2022,36,388.9320248180598,27.00916839014304,6.1,4.1,1.1,17.4,0.487,0.32,0.0,0.715,8.8,13.7,8.9,12.9,2.16,6.54,111.9,97.7,-0.03,-0.01,-0.03,0.83,0.83,0.96,0.13,0.91,55.5,1,1,Tennessee,2022,491
Tyrese Harris,BYU,A-10,W,6-8,80,198,JR,2022,21,223.74993341337716,26.636896834925857,6.0,1.9,1.1,16.7,0.503,0.292,0.344,0.743,3.9,6.5,9.2,20.8,2.75,0.54,120.4,97.1,2.69,0.3,2.69,0.86,0.86,0.74,-0.12,0.9,55.4,1,1,DePaul,2022,492
Jalen Taylor,Saint Louis,AAC,PG,6-3,75,261,R-JR,2020,23,241.20553017765326,26.21799241061448,1.0,2.7,2.1,11.8,0.587,0.36,0.463,0.673,5.6,9.6,17.6,21.6,1.82,1.19,121.5,102.5,1.84,0.22,1.84,0.83,0.83,0.86,0.03,0.9,55.4,1,1,Kentucky,2020,493
Jalen Baker,Memphis,CUSA,SF,6-7,79,210,R-JR,2024,25,119.31305190616477,11.931305190616477,4.4,3.7,1.3,18.3,0.538,0.228,0.366,0.547,5.3,15.3,10.9,18.0,2.85,2.31,97.1,97.2,0.49,0.03,0.49,0.74,0.74,0.82,0.08,0.9,55.4,1,1,Illinois,2024,494
Zion Davis,Louisville,ACC,W,6-6,78,202,R-JR,2024,20,64.0,8.0,5.4,3.0,2.0,15.9,0.63,0.339,0.449,0.698,5.1,11.3,16.4,9.8,1.76,0.1,97.7,90.5,2.03,0.06,2.03,0.94,0.94,0.74,-0.2,0.89,55.3,1,1,Marquette,2024,495
Ryan Johnson,Wisconsin,MAC,F,6-5,77,206,JR,2024,34,544.4259579913928,40.03132044054359,5.6,6.3,1.2,18.4,0.566,0.338,0.25,0.788,9.2,26.0,10.2,6.9,2.4,0.77,108.9,99.0,1.42,0.39,1.42,0.76,0.76,0.77,0.01,0.89,55.4,1,1,Syracuse,2024,496
Todd Perez,Indiana,A-10,PF,6-10,82,238,R-JR,2021,33,310.42125681818044,23.516761880165184,7.8,4.7,0.6,17.0,0.508,0.258,0.192,0.635,10.6,15.4,4.7,11.9,1.51,3.68,109.7,90.5,1.82,0.28,1.82,0.86,0.86,0.71,-0.15,0.89,55.3,1,1,Richmond,2021,497
Vince Williams,Arizona,CUSA,F,6-7,79,207,R-JR,2023,23,346.36423047541655,37.648285921240934,1.8,5.7,0.6,24.2,0.49,0.197,0.0,0.509,9.5,22.2,4.7,15.7,2.13,1.53,117.1,88.3,0.62,0.11,0.62,0.74,0.74,0.71,-0.03,0.88,55.3,1,1,Nebraska,2023,498
Brandon Reed,Virginia Tech,Big East,SG,6-3,75,191,R-JR,2024,27,806.9783729092586,74.72021971382024,4.7,2.5,1.1,17.8,0.47,0.252,0.356,0.867,3.0,10.7,9.5,13.2,2.4,0.77,112.6,102.0,-0.81,-0.33,-0.81,0.93,0.93,0.94,0.01,0.88,55.3,1,1,USC,2024,499
DeShawn Wilson,Duquesne,A-10,W,6-5,77,210,R-JR,2022,22,261.0561491889358,29.665471498742708,6.1,0.9,2.4,20.8,0.617,0.394,0.384,0.708,1.7,3.4,20.3,14.3,2.41,0.25,105.1,104.9,3.5,0.46,3.5,0.86,0.86,0.96,0.1,0.87,55.2,1,1,Alabama,2022,500
Flynn Adams,Florida,A-10,PF,6-9,81,206,R-FR,2024,23,345.3607743606057,37.539214604413665,1.0,5.5,1.1,11.3,0.446,0.177,0.0,0.608,7.0,23.3,9.2,12.9,3.48,0.3,112.0,100.4,-0.51,-0.09,-0.51,0.86,0.86,0.77,-0.09,0.87,55.2,1,1,Boston College,2024,501
Patrick Adams,Baylor,Big 12,SG,6-5,77,221,JR,2023,30,244.15874392123467,20.34656199343622,8.3,1.7,2.0,19.9,0.501,0.27,0.189,0.704,1.7,8.0,16.7,20.6,2.18,3.31,113.3,102.2,0.73,0.09,0.73,0.98,0.98,0.74,-0.24,0.86,55.1,1,1,Pittsburgh,2023,502
Sean Lewis,Arizona,A-10,W,6-8,80,213,R-JR,2020,24,664.5469247404319,69.22363799379498,8.2,2.9,2.3,20.1,0.594,0.267,0.362,0.7,2.9,13.2,18.8,15.0,1.66,1.35,111.8,99.9,2.41,0.8,2.41,0.86,0.86,0.74,-0.12,0.86,55.1,1,1,Murray State,2020,503
Will Parker,Nebraska,A-10,SG,6-1,73,229,R-JR,2024,26,493.47334086041656,47.44935969811698,10.9,2.2,1.6,29.5,0.545,0.412,0.453,0.731,2.4,9.7,13.0,18.2,1.17,0.89,107.7,106.0,1.34,0.33,1.34,0.86,0.86,0.93,0.07,0.85,55.1,1,1,Oklahoma,2024,504
Flynn Phillips,James Madison,Big Ten,PF,6-6,78,195,R-FR,2024,33,146.82586306232966,11.123171444115885,1.0,4.1,0.9,16.1,0.532,0.261,0.336,0.837,8.5,14.6,7.9,16.7,3.52,4.99,106.4,104.5,2.08,0.15,2.08,1.0,1.0,0.77,-0.23,0.85,55.1,1,1,Notre Dame,2024,505
Evan Williams,Stanford,Ivy,F,6-8,80,228,JR,2024,25,395.1439495752817,39.51439495752817,10.7,5.3,1.0,21.1,0.558,0.2,0.298,0.747,6.8,22.9,7.9,9.2,2.01,1.13,99.3,83.3,3.2,0.63,3.2,0.71,0.71,0.7,-0.01,0.84,55.0,1,1,BYU,2024,506
Vince Bell,Iowa State,Big East,G,6-1,73,189,R-JR,2024,18,91.30866230734037,12.681758653797273,5.6,1.5,2.4,26.7,0.57,0.349,0.399,0.759,3.7,4.5,20.3,22.9,1.66,1.66,121.1,112.6,1.97,0.09,1.97,0.93,0.93,0.76,-0.17,0.84,55.1,1,1,Northwestern,2024,507
Mike Mitchell,Pittsburgh,AAC,C,6-9,81,227,R-JR,2022,25,295.3259970834723,29.532599708347234,11.7,5.4,1.1,24.8,0.567,0.349,0.368,0.529,11.4,18.4,9.5,10.2,1.78,3.89,112.4,85.5,1.9,0.28,1.9,0.83,0.83,0.96,0.13,0.84,55.1,1,1,Murray State,2022,508
Marcus Garcia,Iowa,Big Ten,SF,6-7,79,235,R-FR,2020,29,516.0835183476102,44.48995847824226,14.3,3.6,2.0,26.9,0.577,0.349,0.428,0.65,3.0,17.1,17.0,16.7,1.61,3.12,109.7,93.2,-0.91,-0.23,-0.91,1.0,1.0,0.83,-0.17,0.83,55.0,1,1,Virginia Tech,2020,509
Darius Phillips,Fordham,AAC,F,6-8,80,209,JR,2023,31,205.41228294304761,16.565506688955452,2.5,3.6,0.5,14.9,0.472,0.22,0.117,0.794,5.3,15.0,4.3,15.2,2.15,0.1,101.0,101.1,0.09,0.01,0.09,0.83,0.83,0.74,-0.09,0.82,54.9,1,1,Wake Forest,2023,510
Xavier Williams,Providence,WAC,W,6-6,78,215,JR,2024,26,456.72504071986543,43.915869299987065,7.0,3.1,1.5,25.8,0.508,0.292,0.475,0.64,6.9,10.4,12.8,17.3,2.95,1.33,106.4,108.8,0.33,0.08,0.33,0.7,0.7,0.98,0.28,0.82,54.9,1,1,Belmont,2024,511
Nathan Hill,St. Bonaventure,WCC,F,6-8,80,237,JR,2024,25,402.4223157450898,40.24223157450898,9.7,6.3,1.6,23.1,0.502,0.231,0.1,0.717,13.2,22.0,13.3,12.2,3.7,0.1,126.2,111.6,0.81,0.16,0.81,0.82,0.82,0.77,-0.05,0.82,54.9,1,1,Dayton,2024,512
Malik Evans,Providence,WAC,SG,6-3,75,206,JR,2020,36,645.630282298416,44.83543627072333,6.1,2.3,1.1,15.1,0.576,0.337,0.493,0.697,3.2,9.5,9.1,19.0,2.29,1.46,104.3,97.7,0.82,0.26,0.82,0.7,0.7,0.72,0.02,0.82,54.9,1,1,Nevada,2020,513
Cole Hall,North Carolina,WAC,PG,6-2,74,206,JR,2023,24,210.98532292507525,21.977637804695338,1.5,2.8,2.5,17.5,0.447,0.307,0.258,0.645,5.2,10.2,21.1,9.5,2.74,3.33,122.8,98.4,-1.15,-0.12,-1.15,0.7,0.7,0.74,0.04,0.82,54.9,1,1,James Madison,2023,514
Isaiah Allen,North Carolina,AAC,SF,6-2,74,229,R-SO,2020,31,190.9906651963015,15.402472999701732,8.6,3.8,0.8,19.4,0.53,0.333,0.219,0.609,9.8,11.4,6.9,17.7,1.18,2.08,122.4,97.4,1.29,0.12,1.29,0.83,0.83,0.93,0.1,0.82,54.9,1,1,Michigan State,2020,515
Trevion Collins,Virginia,Big Ten,PG,6-3,75,190,JR,2024,28,282.97017691477686,25.26519436739079,12.7,2.3,3.1,26.3,0.48,0.419,0.587,0.663,1.1,11.8,25.8,19.6,1.57,1.93,100.9,101.8,2.06,0.29,2.06,1.0,1.0,0.82,-0.18,0.82,54.9,1,1,Oklahoma,2024,516
Cameron Thompson,Florida,CUSA,C,6-10,82,205,SO,2020,25,531.1714766042259,53.117147660422596,6.9,3.0,2.1,23.2,0.558,0.372,0.448,0.73,2.4,14.5,17.7,7.1,2.7,0.3,100.4,104.4,-0.31,-0.08,-0.31,0.74,0.74,0.74,0.0,0.81,54.9,1,1,Davidson,2020,517
Zion Scott,Maryland,Big 12,C,6-10,82,196,R-JR,2022,31,522.5462513017796,42.14082671788546,5.7,4.5,0.6,14.8,0.597,0.442,0.297,0.84,8.8,16.3,5.4,16.1,2.01,4.05,120.3,102.6,-0.65,-0.17,-0.65,0.98,0.98,0.7,-0.28,0.81,54.9,1,1,Belmont,2022,518
Isaiah Mitchell,Ohio State,Horizon,SG,6-6,78,180,SR,2023,26,203.0822867261919,19.52714295444153,10.0,3.3,0.9,17.5,0.557,0.293,0.427,0.594,4.3,13.8,7.1,16.5,3.7,1.03,106.4,95.5,1.71,0.17,1.71,0.71,0.71,0.74,0.03,0.81,54.8,1,1,Michigan State,2023,519
Evan Davis,Florida State,WCC,SF,6-6,78,244,FR,2020,33,1067.0017062163702,80.83346259214926,3.9,2.8,0.9,19.9,0.57,0.399,0.396,0.61,5.4,10.2,7.7,18.0,2.36,1.42,125.3,99.7,1.41,0.75,1.41,0.82,0.82,0.74,-0.08,0.8,54.8,1,1,Boise State,2020,520
Uriah Scott,Tennessee Tech,A-10,SF,6-5,77,228,R-JR,2024,32,319.65032526863916,24.972681661612437,11.9,3.3,1.0,22.3,0.549,0.324,0.715,0.593,4.9,13.4,8.6,12.8,0.76,1.16,122.8,99.6,3.34,0.53,3.34,0.86,0.86,0.86,0.0,0.8,54.8,1,1,Illinois,2024,521
Cade Morgan,Indiana,AAC,SF,6-6,78,176,R-SO,2023,28,365.94775608537674,32.67390679333721,1.0,4.3,1.3,16.8,0.55,0.499,0.404,0.683,7.6,16.4,10.6,7.2,1.87,1.78,105.1,98.5,-0.92,-0.17,-0.92,0.83,0.83,0.72,-0.11,0.79,54.8,1,1,Houston,2023,522
Nick Williams,Georgetown,MAC,PF,6-9,81,201,R-FR,2020,33,170.1383070602716,12.88926568638421,5.4,5.3,0.8,18.0,0.588,0.408,0.32,0.7,7.3,21.9,6.4,17.1,1.64,10.66,114.1,91.0,2.36,0.2,2.36,0.76,0.76,0.83,0.07,0.79,54.8,1,1,Pittsburgh,2020,523
Darius Moore,Hofstra,OVC,C,6-11,83,228,FR,2024,32,365.8895022785971,28.585117365515398,11.1,5.6,1.0,24.8,0.525,0.312,0.271,0.802,7.4,23.5,8.4,7.1,1.87,2.69,113.5,97.5,-0.31,-0.06,-0.31,0.69,0.69,0.74,0.05,0.78,54.7,1,1,Cincinnati,2024,524
Sean Murphy,Creighton,ACC,SG,6-3,75,187,R-FR,2021,21,184.78946330252083,21.99874563125248,9.9,2.5,2.5,25.9,0.484,0.34,0.269,0.811,1.6,12.3,21.0,14.2,0.7,3.79,112.8,96.3,0.78,0.07,0.78,0.94,0.94,0.71,-0.23,0.78,54.7,1,1,Purdue,2021,525
Tanner Carter,Creighton,WCC,PF,6-10,82,206,FR,2022,35,437.5743911757513,31.255313655410813,1.0,4.8,0.6,16.1,0.517,0.382,0.222,0.711,8.2,18.4,5.3,11.5,1.91,5.21,118.7,104.1,-0.57,-0.13,-0.57,0.82,0.82,1.0,0.18,0.78,54.7,1,1,Oregon,2022,526
Zach Lee,Houston,AAC,C,6-9,81,227,JR,2024,31,333.01808810248525,26.85629742761978,2.2,5.2,1.1,20.2,0.557,0.304,0.099,0.808,17.9,10.7,9.3,11.0,2.65,0.47,102.7,109.0,2.83,0.47,2.83,0.83,0.83,1.0,0.17,0.77,54.6,1,1,St. John's,2024,527
Sam Cooper,Cincinnati,Sun Belt,C,6-10,82,177,R-JR,2021,28,311.7416149175886,27.834072760498987,7.9,3.3,1.2,21.5,0.588,0.291,0.284,0.818,3.8,14.7,9.8,12.0,1.58,0.3,109.5,101.4,2.78,0.43,2.78,0.72,0.72,0.98,0.26,0.77,54.6,1,1,Belmont,2021,528
Cade Turner,St. Bonaventure,OVC,PG,6-0,72,238,JR,2022,33,357.8101639417616,27.106830601648603,7.3,2.5,3.3,27.1,0.571,0.355,0.583,0.663,2.2,11.6,27.9,16.5,1.15,1.3,105.9,109.6,1.93,0.35,1.93,0.69,0.69,1.0,0.31,0.77,54.6,1,1,Nevada,2022,529
Kofi Walker,Villanova,OVC,PF,6-8,80,224,R-SO,2022,30,514.0144157781226,42.834534648176884,6.9,2.1,1.4,13.9,0.533,0.475,0.205,0.654,3.8,7.9,11.8,9.1,1.93,2.99,115.0,101.6,-0.17,-0.04,-0.17,0.69,0.69,0.71,0.02,0.76,54.5,1,1,Oregon,2022,530
Ryan Collins,Arizona,AAC,G,6-5,77,194,R-FR,2021,31,884.1653621152407,71.30365823510006,4.7,2.2,2.5,18.5,0.577,0.28,0.333,0.764,3.1,9.2,20.5,16.1,2.02,2.22,118.3,92.6,0.92,0.41,0.92,0.83,0.83,0.76,-0.07,0.76,54.5,1,1,Duke,2021,531
Cameron Young,Hofstra,Big 12,PF,6-8,80,232,R-JR,2023,37,459.56430296122755,31.051642091974834,7.8,4.5,0.2,23.4,0.545,0.236,0.332,0.75,13.8,11.2,1.0,12.3,2.92,6.89,111.5,111.2,-0.66,-0.15,-0.66,0.98,0.98,0.74,-0.24,0.76,54.6,1,1,UNLV,2023,532
Wade Carter,Fordham,MVC,G,6-3,75,193,JR,2021,25,80.0,8.0,10.3,1.5,1.8,22.2,0.434,0.292,0.112,0.778,1.6,6.7,15.2,23.7,2.47,0.89,93.4,113.9,1.7,0.07,1.7,0.79,0.79,0.93,0.14,0.76,54.6,1,1,Indiana,2021,533
DeShawn Allen,Ohio State,Big East,C,6-7,79,201,JR,2022,35,529.4146218304026,37.815330130743035,7.6,7.3,0.8,10.0,0.552,0.235,0.285,0.664,13.5,27.3,6.6,8.4,1.84,3.45,123.3,92.1,1.26,0.33,1.26,0.93,0.93,0.71,-0.22,0.76,54.6,1,1,Seton Hall,2022,534
Andrej Rogers,James Madison,Big 12,C,6-9,81,209,R-JR,2021,22,70.4,8.0,11.5,5.0,0.9,25.8,0.6,0.353,0.386,0.532,8.3,19.2,7.5,5.5,3.08,6.04,107.0,103.2,1.03,0.04,1.03,0.98,0.98,0.74,-0.24,0.75,54.5,1,1,DePaul,2021,535
Ryan Hall,Ohio State,CUSA,PF,6-10,82,225,R-JR,2021,35,334.0956663174452,23.8639761655318,4.1,5.4,0.5,10.3,0.495,0.261,0.187,0.405,12.7,17.5,4.4,8.6,2.96,6.71,104.7,90.9,-1.26,-0.21,-1.26,0.74,0.74,0.71,-0.03,0.75,54.5,1,1,Boston College,2021,536
Jaylen Thomas,Clemson,Big 12,SG,6-2,74,193,R-JR,2020,24,408.5476841961324,42.557050437097125,5.5,2.5,1.4,19.2,0.476,0.369,0.388,0.671,4.1,9.8,11.7,9.8,2.02,0.88,103.3,102.6,0.64,0.13,0.64,0.98,0.98,0.94,-0.04,0.75,54.5,1,1,UCLA,2020,537
Eric Martin,Dayton,Horizon,C,6-8,80,227,JR,2023,26,223.91996910187055,21.530766259795243,10.8,5.3,0.8,23.4,0.524,0.32,0.029,0.769,11.2,18.4,6.5,13.0,1.92,4.38,110.7,93.9,-0.35,-0.04,-0.35,0.71,0.71,0.71,0.0,0.75,54.5,1,1,Butler,2023,538
Kofi Parker,Illinois,Big Ten,PF,6-8,80,181,R-JR,2023,15,326.49021139556737,54.41503523259457,6.7,4.7,1.0,20.1,0.542,0.138,0.178,0.589,6.7,19.5,8.5,13.2,2.36,10.39,112.9,98.7,0.57,0.09,0.57,1.0,1.0,0.74,-0.26,0.74,54.5,1,1,Belmont,2023,539
Elijah Jackson,Creighton,CUSA,G,6-3,75,210,FR,2020,29,246.92199604957187,21.28637896979068,6.8,3.1,3.4,20.5,0.434,0.303,0.285,0.885,4.6,12.4,28.0,20.0,3.67,1.83,113.6,107.4,-0.17,-0.02,-0.17,0.74,0.74,0.82,0.08,0.74,54.4,1,1,Illinois,2020,540
Elijah Parker,Illinois,WAC,F,6-7,79,238,JR,2023,37,249.66631108837632,16.86934534380921,9.2,5.0,1.5,19.0,0.539,0.356,0.232,0.731,6.4,21.5,12.8,9.9,0.31,2.45,115.8,104.3,-0.27,-0.03,-0.27,0.7,0.7,0.79,0.09,0.74,54.4,1,1,LSU,2023,541
Jalen Brown,Vanderbilt,MVC,C,6-10,82,215,SR,2021,25,648.9694139117308,64.89694139117309,11.0,6.5,1.1,21.4,0.55,0.389,0.37,0.606,7.3,28.6,9.4,14.8,1.13,3.89,105.3,104.4,1.89,0.61,1.89,0.79,0.79,0.71,-0.08,0.72,54.3,1,1,Notre Dame,2021,542
Cade Stewart,Clemson,A-10,SF,6-6,78,192,FR,2023,25,307.0775724514315,30.70775724514315,5.2,2.9,0.9,20.0,0.492,0.242,0.337,0.639,2.3,14.0,7.6,16.2,3.08,1.39,118.6,112.5,-0.78,-0.12,-0.78,0.86,0.86,0.7,-0.16,0.72,54.3,1,1,Baylor,2023,543
Vince Harris,Tennessee,Horizon,PF,6-7,79,217,R-JR,2024,21,240.05412151686144,28.577871609150172,7.4,3.5,0.2,25.8,0.601,0.283,0.018,0.838,7.2,12.5,2.0,9.7,0.75,2.94,118.0,96.9,0.75,0.09,0.75,0.71,0.71,0.72,0.01,0.71,54.3,1,1,Xavier,2024,544
Andrej Bell,Providence,MAAC,C,6-10,82,214,R-FR,2023,35,162.6677221114873,11.619123007963378,5.8,3.2,1.2,16.2,0.537,0.273,0.182,0.766,3.7,13.8,10.1,11.7,2.77,1.43,113.6,105.6,-0.45,-0.04,-0.45,0.74,0.74,0.93,0.19,0.71,54.2,1,1,Iowa State,2023,545
Nathan Phillips,Vanderbilt,MAAC,PF,6-8,80,215,JR,2022,24,447.3869154052859,46.60280368805062,8.6,3.1,0.9,22.2,0.531,0.328,0.205,0.598,8.0,9.0,7.5,13.8,3.07,2.6,126.0,89.1,-0.31,-0.07,-0.31,0.74,0.74,0.76,0.02,0.71,54.2,1,1,Houston,2022,546
Mike Anderson,Michigan,Sun Belt,G,6-4,76,218,R-FR,2023,28,364.43774629879647,32.53908449096397,7.5,2.7,2.3,29.9,0.511,0.323,0.317,0.806,2.7,12.2,19.1,18.9,3.99,1.0,118.0,89.8,0.78,0.14,0.78,0.72,0.72,0.74,0.02,0.71,54.3,1,1,Tulsa,2023,547
Omar Wright,Davidson,Big 12,SF,6-5,77,177,FR,2023,27,203.7769542569832,18.868236505276222,5.5,2.8,2.4,19.9,0.521,0.243,0.195,0.772,8.7,6.7,20.1,5.0,2.46,1.16,113.2,89.9,0.53,0.05,0.53,0.98,0.98,0.72,-0.26,0.71,54.2,1,1,Ohio State,2023,548
Ryan Murphy,Houston,AAC,PG,6-3,75,173,R-JR,2022,23,168.1129482968007,18.27314655400008,5.5,2.6,3.4,22.2,0.557,0.36,0.422,0.704,3.5,10.8,28.4,17.5,3.59,1.73,116.2,100.4,0.65,0.05,0.65,0.83,0.83,0.82,-0.01,0.71,54.2,1,1,Memphis,2022,549
Jaylen Hill,Oklahoma,Big 12,G,6-5,77,175,R-JR,2023,29,797.0611953933999,68.71217201667241,7.5,2.0,3.3,21.2,0.478,0.397,0.129,0.512,0.8,10.3,27.7,20.2,3.31,1.32,107.4,100.4,2.46,0.98,2.46,0.98,0.98,0.98,0.0,0.7,54.2,1,1,Penn State,2023,550
Max Reed,Vanderbilt,CAA,G,6-4,76,199,JR,2020,23,302.6360453946414,32.895222325504506,6.3,2.7,2.7,15.7,0.511,0.26,0.134,0.709,4.1,10.9,22.2,25.1,1.66,2.32,106.3,94.6,0.49,0.07,0.49,0.77,0.77,0.77,0.0,0.69,54.2,1,1,Michigan,2020,551
Tyler Sanchez,Vanderbilt,ACC,F,6-7,79,228,SR,2024,19,341.24970995858143,44.901277626129136,5.3,3.3,1.4,13.3,0.563,0.316,0.338,0.78,2.8,15.8,11.9,14.4,2.48,0.1,120.8,106.5,-0.29,-0.05,-0.29,0.94,0.94,0.74,-0.2,0.69,54.1,1,1,TCU,2024,552
Elijah Lopez,William & Mary,AAC,F,6-7,79,215,R-FR,2023,28,255.86785897668926,22.84534455149011,11.1,6.1,0.2,20.6,0.551,0.31,0.154,0.735,5.9,27.9,1.0,14.0,2.52,1.87,101.6,88.6,0.72,0.09,0.72,0.83,0.83,0.82,-0.01,0.68,54.1,1,1,North Carolina,2023,553
Henry Cooper,Villanova,Big 12,F,6-9,81,178,R-JR,2023,23,273.41112559953905,29.71860060864555,8.3,5.9,1.7,18.8,0.53,0.268,0.108,0.783,9.4,23.2,14.3,13.6,1.69,2.54,114.3,113.7,0.67,0.09,0.67,0.98,0.98,0.74,-0.24,0.68,54.1,1,1,Michigan,2023,554
Cameron Perez,St. Bonaventure,Horizon,G,6-4,76,185,R-JR,2023,24,76.8,8.0,8.2,1.6,3.1,18.5,0.565,0.364,0.321,0.717,2.6,6.1,26.0,25.7,2.58,1.6,104.5,104.8,-1.44,-0.06,-1.44,0.71,0.71,1.0,0.29,0.68,54.1,1,1,Air Force,2023,555
Jordan King,Florida State,WCC,F,6-8,80,211,R-JR,2024,28,332.0070087343931,29.643482922713673,9.8,5.4,1.7,20.2,0.46,0.225,0.198,0.67,6.0,24.0,14.1,13.7,0.4,0.44,101.1,110.0,1.2,0.2,1.2,0.82,0.82,0.76,-0.06,0.66,54.0,1,1,Xavier,2024,556
Kofi Green,Virginia,Ivy,C,6-7,79,186,R-JR,2020,25,100.06051020009117,10.006051020009117,8.9,5.0,2.1,14.3,0.564,0.135,0.369,0.777,9.8,17.8,17.4,13.1,2.29,4.06,114.8,94.8,2.16,0.11,2.16,0.71,0.71,0.72,0.01,0.66,54.0,1,1,Tulsa,2020,557
Patrick King,Vanderbilt,AAC,W,6-4,76,228,JR,2020,25,437.0446781640874,43.70446781640874,11.4,5.0,1.2,24.8,0.473,0.38,0.45,0.842,10.7,16.9,10.3,17.3,2.31,0.94,103.5,100.3,0.79,0.17,0.79,0.83,0.83,0.82,-0.01,0.66,53.9,1,1,Boston College,2020,558
Grant Wilson,Davidson,Big Ten,C,7-0,84,198,R-JR,2024,33,708.682433587286,53.68806315055198,7.0,6.4,0.9,17.9,0.573,0.278,0.137,0.564,13.7,21.7,7.6,16.6,1.57,0.3,119.5,90.3,0.01,0.0,0.01,1.0,1.0,0.86,-0.14,0.66,54.0,1,1,Stanford,2024,559
Sam Clark,Xavier,WAC,SF,6-5,77,203,R-JR,2020,28,430.1650994620332,38.40759816625297,3.0,2.7,2.4,21.0,0.536,0.316,0.513,0.467,7.0,7.9,19.8,6.7,1.67,1.9,109.6,94.9,1.64,0.35,1.64,0.7,0.7,0.74,0.04,0.65,53.9,1,1,San Diego State,2020,560
Coleman Robinson,Hofstra,OVC,G,6-3,75,225,R-FR,2020,29,387.9449289515802,33.44352835789485,3.4,2.3,2.2,15.8,0.555,0.381,0.232,0.776,0.3,12.7,18.3,21.0,2.88,0.23,117.8,95.9,-1.76,-0.34,-1.76,0.69,0.69,0.77,0.08,0.65,53.9,1,1,Nebraska,2020,561
Sean Morris,Murray State,Sun Belt,SF,6-8,80,157,R-FR,2023,30,261.08946318268687,21.757455265223903,11.0,2.3,1.4,24.6,0.543,0.335,0.2,0.8,3.7,9.0,11.3,7.0,1.98,2.12,107.4,107.1,1.5,0.2,1.5,0.72,0.72,0.74,0.02,0.65,53.9,1,1,UCLA,2023,562
Vince Bailey,Air Force,MAC,PG,6-2,74,190,JR,2023,22,394.51558375418296,44.83131633570261,2.6,2.0,2.0,14.8,0.491,0.35,0.184,0.783,1.7,9.5,16.8,22.0,3.39,2.26,102.8,107.7,-0.45,-0.09,-0.45,0.76,0.76,0.79,0.03,0.65,53.9,1,1,Notre Dame,2023,563
Xavier Perez,William & Mary,Big 12,W,6-6,78,177,R-SO,2023,32,264.62603457070287,20.67390895083616,5.1,2.7,1.9,19.9,0.509,0.33,0.321,0.628,1.3,13.5,15.5,18.6,2.6,1.05,108.9,101.5,1.04,0.14,1.04,0.98,0.98,0.71,-0.27,0.65,53.9,1,1,UCLA,2023,564
Nick Taylor,Belmont,MVC,PF,6-7,79,168,R-FR,2022,22,70.4,8.0,9.3,3.6,1.7,21.3,0.593,0.321,0.481,0.791,8.3,11.5,13.8,16.3,2.33,9.14,114.1,99.2,2.25,0.08,2.25,0.79,0.79,0.82,0.03,0.64,53.8,1,1,Michigan,2022,565
Ryan Hernandez,Notre Dame,Big East,PG,6-1,73,214,R-SO,2023,33,708.8854283069805,53.70344153840762,8.1,2.1,2.9,19.6,0.576,0.263,0.577,0.768,5.0,6.6,24.5,18.3,1.56,0.1,108.9,93.6,2.33,0.83,2.33,0.93,0.93,0.83,-0.1,0.63,53.8,1,1,Wichita State,2023,566
Damian Morgan,Kentucky,ACC,SG,6-5,77,216,R-FR,2024,24,284.0363472707872,29.587119507373664,5.2,2.6,0.7,14.4,0.496,0.355,0.05,0.648,3.9,10.6,5.9,16.3,1.06,1.12,116.1,92.4,0.62,0.09,0.62,0.94,0.94,0.79,-0.15,0.63,53.8,1,1,Richmond,2024,567
Nick Johnson,Virginia,CUSA,G,6-3,75,201,R-JR,2022,28,428.8500451980585,38.290182606969516,6.8,2.3,3.1,14.2,0.589,0.236,0.434,0.775,2.9,10.0,25.7,10.6,2.48,2.82,113.2,91.2,-0.84,-0.18,-0.84,0.74,0.74,0.82,0.08,0.63,53.8,1,1,Iowa,2022,568
Darius Martinez,Northwestern,MAC,PG,6-2,74,239,R-FR,2022,26,83.2,8.0,7.0,2.0,1.6,22.3,0.588,0.446,0.407,0.92,2.8,8.1,13.0,23.6,1.7,0.85,122.0,105.9,1.61,0.07,1.61,0.76,0.76,1.0,0.24,0.62,53.7,1,1,Rutgers,2022,569
Ben Green,Nebraska,CAA,G,6-0,72,218,R-FR,2020,30,139.82450003246126,11.652041669371773,7.7,3.0,1.9,16.3,0.617,0.322,0.139,0.689,2.7,13.9,15.5,22.8,2.5,3.73,113.7,98.6,1.42,0.1,1.42,0.77,0.77,0.98,0.21,0.62,53.7,1,1,Marquette,2020,570
Zach Young,Connecticut,CAA,SG,6-3,75,218,R-JR,2022,23,94.90741654479842,10.31602353747809,6.1,1.4,1.5,20.4,0.562,0.343,0.533,0.629,1.7,6.1,12.3,19.4,0.5,0.31,100.3,107.3,-2.12,-0.1,-2.12,0.77,0.77,0.74,-0.03,0.62,53.7,1,1,Gonzaga,2022,571
Cameron Sanchez,Richmond,CAA,C,6-11,83,209,R-JR,2024,35,311.16123310308234,22.22580236450588,1.0,4.6,1.6,16.5,0.55,0.214,0.185,0.591,6.2,19.6,13.6,14.1,0.2,5.26,111.6,101.4,2.91,0.45,2.91,0.77,0.77,0.94,0.17,0.62,53.7,1,1,Xavier,2024,572
Marcus Hernandez,Murray State,WCC,SF,6-5,77,196,SR,2021,36,622.1141251459575,43.2023698018026,5.7,2.9,2.3,22.7,0.519,0.355,0.523,0.679,7.1,9.2,19.6,9.7,1.73,0.86,113.4,103.3,0.62,0.19,0.62,0.82,0.82,0.82,0.0,0.61,53.6,1,1,Wichita State,2021,573
Luka Wilson,Boise State,Horizon,G,6-5,77,197,R-FR,2023,35,610.445275672902,43.603233976635856,3.5,2.5,1.7,19.8,0.468,0.236,0.298,0.877,4.3,9.9,13.9,14.5,1.68,2.52,119.8,99.2,-0.26,-0.08,-0.26,0.71,0.71,0.86,0.15,0.61,53.7,1,1,Mississippi State,2023,574
Zach Turner,Louisville,MAC,C,6-7,79,155,FR,2021,35,557.6042945624638,39.82887818303313,10.7,5.7,1.2,25.5,0.528,0.37,0.204,0.681,12.0,19.8,10.3,12.0,2.51,3.47,107.2,112.4,-0.37,-0.1,-0.37,0.76,0.76,0.74,-0.02,0.6,53.6,1,1,Georgia,2021,575
Vince Roberts,Iowa State,Horizon,PG,6-3,75,227,R-JR,2021,27,366.6971245845939,33.95343746153647,13.0,2.3,4.1,24.7,0.604,0.308,0.636,0.717,3.4,9.2,34.0,7.0,2.74,3.77,102.0,93.3,1.42,0.26,1.42,0.71,0.71,0.74,0.03,0.59,53.5,1,1,Florida,2021,576
Trevion Lopez,Vanderbilt,Big 12,PF,6-8,80,211,JR,2021,34,231.2126070963917,17.000926992381743,5.5,6.0,1.2,21.4,0.574,0.343,0.073,0.804,12.9,20.4,10.2,9.2,3.15,4.54,110.4,103.7,-0.06,-0.01,-0.06,0.98,0.98,0.96,-0.02,0.59,53.5,1,1,Florida State,2021,577
Derek Scott,Virginia,Big East,C,6-7,79,201,JR,2022,25,458.93740600321877,45.89374060032188,3.1,5.5,1.0,15.5,0.446,0.254,0.35,0.817,9.1,21.3,8.2,8.9,0.7,5.31,116.1,95.2,0.74,0.17,0.74,0.93,0.93,0.86,-0.07,0.58,53.5,1,1,UNLV,2022,578
Isaiah Cook,Illinois,MAC,SG,6-1,73,238,R-JR,2024,24,292.792855296502,30.499255760052293,6.1,2.3,1.5,21.9,0.563,0.189,0.396,0.768,2.8,9.7,12.7,13.7,2.16,1.68,106.6,105.5,2.3,0.34,2.3,0.76,0.76,0.96,0.2,0.58,53.5,1,1,Austin Peay,2024,579
Omar Anderson,Wake Forest,Sun Belt,PG,6-2,74,195,R-JR,2024,25,141.37116657569257,14.137116657569257,7.4,3.2,2.5,23.6,0.544,0.254,0.51,0.687,6.0,11.6,20.6,12.0,1.14,0.94,125.0,97.1,0.25,0.02,0.25,0.72,0.72,0.83,0.11,0.57,53.4,1,1,Nebraska,2024,580
Derek Cooper,Wichita State,Horizon,F,6-7,79,221,R-SO,2020,32,342.72158012364685,26.77512344715991,5.7,5.7,0.6,21.4,0.541,0.275,0.132,0.783,7.3,24.2,4.8,17.0,2.67,0.53,114.9,95.3,-0.34,-0.06,-0.34,0.71,0.71,0.69,-0.02,0.57,53.4,1,1,Richmond,2020,581
Elijah Robinson,Duke,SEC,SG,6-4,76,223,JR,2020,26,489.8479850037614,47.10076778882321,3.4,2.2,0.9,21.7,0.546,0.325,0.396,0.8,4.9,7.2,7.4,20.6,3.86,1.9,125.3,100.1,-2.8,-0.69,-2.8,0.96,0.96,0.96,0.0,0.57,53.4,1,1,Fordham,2020,582
Nick Harris,Kentucky,Big East,C,7-2,86,201,R-JR,2021,37,215.66974199491364,14.572279864521189,3.7,4.1,0.6,18.3,0.545,0.239,0.353,0.625,2.5,20.4,5.3,7.5,1.11,5.54,110.1,92.4,0.27,0.03,0.27,0.93,0.93,0.76,-0.17,0.55,53.3,1,1,Auburn,2021,583
Tyrese White,Fordham,ACC,C,6-10,82,184,SO,2022,18,249.2735922589593,34.621332258188794,7.1,5.1,0.7,16.8,0.509,0.327,0.28,0.824,8.8,19.6,5.6,9.9,1.68,4.18,126.4,99.1,1.54,0.19,1.54,0.94,0.94,0.86,-0.08,0.55,53.3,1,1,Florida,2022,584
Tyrese Hall,Vanderbilt,Ivy,W,6-7,79,174,JR,2023,28,469.941790276439,41.9590884175392,10.9,2.7,0.4,20.8,0.69,0.346,0.123,0.651,8.4,6.7,3.2,14.1,3.57,1.54,111.1,88.0,1.44,0.34,1.44,0.71,0.71,0.94,0.23,0.55,53.3,1,1,Indiana,2023,585
Tyrese Young,SMU,Ivy,PG,6-2,74,189,JR,2020,35,602.0983670557486,43.007026218267754,8.0,1.8,3.0,21.6,0.463,0.345,0.541,0.625,3.0,7.2,25.0,24.1,3.68,2.73,101.3,96.3,0.51,0.15,0.51,0.71,0.71,0.72,0.01,0.54,53.3,1,1,Florida,2020,586
Kevin Martinez,Georgia,AAC,SF,6-6,78,182,JR,2024,26,161.79929984223998,15.557624984830765,10.1,2.6,1.3,19.6,0.496,0.371,0.466,0.646,1.7,12.7,10.7,11.9,2.42,1.06,112.4,113.8,-0.15,-0.01,-0.15,0.83,0.83,0.96,0.13,0.54,53.3,1,1,Florida State,2024,587
Reed Lee,Indiana,SEC,SF,6-3,75,202,JR,2022,37,764.9663003229284,51.68691218398165,8.6,2.7,2.3,21.6,0.534,0.357,0.445,0.641,5.9,9.3,19.3,26.9,2.58,2.42,121.0,92.3,1.19,0.45,1.19,0.96,0.96,0.74,-0.22,0.53,53.2,1,1,Baylor,2022,588
Max Hernandez,Baylor,ACC,SF,6-6,78,178,R-JR,2022,32,149.40709550466931,11.67242933630229,11.1,3.8,1.1,16.7,0.566,0.226,0.219,0.646,9.4,11.5,9.0,14.6,0.9,2.01,103.5,93.2,0.29,0.02,0.29,0.94,0.94,0.94,0.0,0.53,53.2,1,1,Florida State,2022,589
Will Martin,Oregon,Horizon,C,6-9,81,211,R-FR,2022,27,86.4,8.0,8.8,4.7,1.0,18.5,0.542,0.266,0.118,0.756,5.6,20.7,7.9,16.4,1.71,1.72,115.8,102.1,-0.07,-0.0,-0.07,0.71,0.71,0.74,0.03,0.53,53.2,1,1,Nevada,2022,590
Cole Parker,Minnesota,OVC,PG,6-0,72,190,JR,2022,29,92.8,8.0,7.0,0.6,1.0,16.2,0.59,0.233,0.469,0.542,0.2,3.1,8.0,23.3,2.34,3.56,117.7,111.6,-2.62,-0.12,-2.62,0.69,0.69,0.83,0.14,0.52,53.1,1,1,SMU,2022,591
Andrej Walker,Duquesne,Big 12,W,6-5,77,198,R-JR,2021,19,185.54474077645642,24.413781681112688,4.8,2.0,2.2,19.3,0.52,0.334,0.328,0.608,1.9,9.2,18.3,14.9,2.13,0.46,107.4,102.5,0.05,0.0,0.05,0.98,0.98,0.93,-0.05,0.51,53.0,1,1,Murray State,2021,592
Kofi Martinez,Kansas,Big Ten,SF,6-5,77,203,R-SO,2020,29,516.2160367882683,44.501382481747264,5.7,3.9,1.3,10.0,0.561,0.267,0.325,0.797,10.2,11.3,10.9,6.2,3.06,0.95,134.9,93.6,3.24,0.84,3.24,1.0,1.0,0.98,-0.02,0.51,53.1,1,1,Baylor,2020,593
Luke Gonzalez,Stanford,Sun Belt,PG,6-1,73,196,R-FR,2023,23,633.2582052379001,68.83241361281523,6.7,1.6,2.8,21.7,0.474,0.279,0.156,0.761,0.2,8.6,23.6,22.7,2.68,4.29,106.5,91.2,3.75,1.19,3.75,0.72,0.72,0.79,0.07,0.51,53.0,1,1,St. Bonaventure,2023,594
Henry Parker,Penn State,WAC,G,6-2,74,189,R-JR,2020,30,285.3124610656969,23.776038422141404,5.4,2.3,1.7,24.3,0.478,0.421,0.218,0.756,2.1,10.8,14.4,24.0,1.83,1.28,107.8,92.5,0.21,0.03,0.21,0.7,0.7,0.94,0.24,0.51,53.0,1,1,Auburn,2020,595
Nathan Williams,Stanford,SEC,PG,6-2,74,211,SR,2024,25,337.8659355622449,33.78659355622449,4.9,2.4,1.2,15.0,0.575,0.313,0.223,0.677,4.6,8.6,9.9,16.1,2.47,1.79,110.1,102.8,0.46,0.08,0.46,0.96,0.96,0.98,0.02,0.5,53.0,1,1,Florida,2024,596
Flynn Bailey,Auburn,MVC,F,6-6,78,191,JR,2023,30,141.65359466423266,11.80446622201939,12.7,5.2,0.9,25.5,0.47,0.194,0.198,0.804,1.0,28.1,7.3,12.5,2.77,2.23,111.6,104.8,0.13,0.01,0.13,0.79,0.79,0.94,0.15,0.49,52.9,1,1,St. Bonaventure,2023,597
Nathan Scott,Nebraska,CUSA,PG,6-1,73,222,SO,2020,17,196.5504106409617,28.904472153082608,5.7,1.7,2.7,21.2,0.496,0.34,0.318,0.692,1.3,8.0,22.4,13.5,2.47,1.76,108.6,113.6,-1.72,-0.17,-1.72,0.74,0.74,0.71,-0.03,0.49,53.0,1,1,Maryland,2020,598
Andre Wilson,Tennessee,MAC,SF,6-9,81,194,R-JR,2021,31,299.0106806265429,24.113764566656688,1.0,2.8,2.0,14.3,0.497,0.257,0.155,0.721,7.2,8.1,16.4,15.9,2.55,2.18,111.7,107.0,-0.26,-0.04,-0.26,0.76,0.76,0.76,0.0,0.49,53.0,1,1,James Madison,2021,599
Victor Jackson,Butler,MVC,SG,6-5,77,200,JR,2023,26,316.0786773933024,30.392180518586777,3.5,2.0,1.8,21.0,0.531,0.327,0.089,0.63,2.3,8.7,15.2,10.0,1.89,0.1,113.4,104.4,1.52,0.24,1.52,0.79,0.79,0.86,0.07,0.48,52.9,1,1,Duke,2023,600
Owen Harris,Boise State,WCC,F,6-4,76,209,R-FR,2022,22,83.26173393298531,9.461560674202875,7.8,5.4,0.3,23.9,0.493,0.326,0.124,0.626,6.4,23.8,2.9,12.1,1.65,2.14,107.9,90.9,1.96,0.08,1.96,0.82,0.82,0.74,-0.08,0.48,52.9,1,1,Georgetown,2022,601
Derek Lee,Austin Peay,WAC,PF,6-10,82,231,FR,2022,35,393.5842407763969,28.113160055456923,2.4,4.1,1.1,20.6,0.547,0.226,0.362,0.682,5.6,17.2,8.8,15.1,0.32,10.46,114.6,99.1,-0.05,-0.01,-0.05,0.7,0.7,0.77,0.07,0.48,52.9,1,1,Ohio State,2022,602
Kofi Campbell,Murray State,WAC,PF,6-8,80,195,FR,2024,35,189.37900303486066,13.52707164534719,2.7,4.3,1.8,24.0,0.48,0.209,0.178,0.66,7.5,16.3,14.8,18.7,2.44,3.47,99.0,90.8,1.65,0.16,1.65,0.7,0.7,0.69,-0.01,0.47,52.8,1,1,Butler,2024,603
Sean Jackson,Eastern Kentucky,Big Ten,G,6-2,74,200,R-JR,2022,25,294.0046366272999,29.40046366272999,7.4,3.2,4.3,18.0,0.466,0.309,0.289,0.725,5.8,12.0,35.6,15.2,3.87,1.73,117.2,100.7,-1.33,-0.2,-1.33,1.0,1.0,0.69,-0.31,0.47,52.8,1,1,Connecticut,2022,604
Mike Clark,Boise State,MAAC,PF,6-8,80,188,R-FR,2022,34,568.2633872460739,41.78407259162308,7.0,4.7,1.9,20.0,0.588,0.251,0.164,0.611,8.3,18.0,15.8,14.1,4.56,0.3,102.0,96.9,3.07,0.87,3.07,0.74,0.74,0.82,0.08,0.47,52.8,1,1,Stanford,2022,605
Paul Williams,Minnesota,OVC,SF,6-4,76,188,JR,2023,23,217.5614016178514,23.64797843672298,1.0,4.0,1.6,15.5,0.545,0.317,0.396,0.642,4.3,18.1,13.0,12.6,2.02,1.95,102.6,101.8,-0.26,-0.03,-0.26,0.69,0.69,0.86,0.17,0.46,52.8,1,1,Alabama,2023,606
Grant Thomas,Houston,Horizon,PF,6-6,78,197,R-FR,2024,24,210.16919179484862,21.892624145296733,8.5,5.6,1.4,22.0,0.426,0.319,0.312,0.759,9.9,21.0,11.8,15.2,0.67,3.35,95.5,101.2,1.57,0.17,1.57,0.71,0.71,0.86,0.15,0.45,52.7,1,1,Oregon,2024,607
Coleman Sanchez,SMU,MVC,SF,6-6,78,197,JR,2024,25,199.86199487307357,19.986199487307356,5.2,3.7,0.7,12.3,0.532,0.347,0.267,0.777,6.9,13.7,6.0,13.6,1.02,1.46,92.1,89.6,0.94,0.09,0.94,0.79,0.79,0.74,-0.05,0.45,52.7,1,1,Wake Forest,2024,608
Reed Robinson,DePaul,AAC,PG,6-2,74,169,JR,2023,30,415.29723640196767,34.6081030334973,4.3,2.9,2.8,19.6,0.519,0.385,0.36,0.786,3.7,12.4,23.5,25.2,1.9,1.85,116.5,92.6,-1.44,-0.3,-1.44,0.83,0.83,0.86,0.03,0.45,52.7,1,1,USC,2023,609
Eric Scott,William & Mary,AAC,W,6-8,80,211,R-JR,2020,28,193.22309755088622,17.252062281329124,8.6,3.6,1.6,21.6,0.513,0.246,0.21,0.783,4.9,15.4,13.3,14.7,2.73,0.94,104.9,94.6,-0.88,-0.08,-0.88,0.83,0.83,0.96,0.13,0.44,52.6,1,1,Georgetown,2020,610
Victor Wright,Vanderbilt,Sun Belt,SG,6-5,77,218,R-FR,2024,31,703.8640113848214,56.76322672458237,5.2,1.9,2.0,13.8,0.534,0.312,0.465,0.576,1.4,9.1,16.9,11.9,3.18,2.45,96.3,108.9,0.65,0.23,0.65,0.72,0.72,0.79,0.07,0.44,52.6,1,1,William & Mary,2024,611
Cole Phillips,Tennessee Tech,Horizon,G,6-1,73,191,R-FR,2023,30,397.16141966357355,33.09678497196446,10.4,0.7,2.4,22.2,0.524,0.315,0.538,0.653,1.1,2.9,20.3,24.3,1.74,0.12,112.8,95.3,1.59,0.32,1.59,0.71,0.71,0.74,0.03,0.44,52.6,1,1,Davidson,2023,612
Chris Hall,St. Bonaventure,AAC,PG,6-2,74,193,JR,2023,26,83.2,8.0,1.0,2.4,4.0,10.5,0.476,0.229,0.521,0.629,3.8,9.8,33.4,19.2,1.54,2.13,92.1,104.2,2.17,0.09,2.17,0.83,0.83,1.0,0.17,0.44,52.7,1,1,James Madison,2023,613
Blake Morgan,Eastern Kentucky,Sun Belt,C,6-10,82,199,JR,2022,22,137.73676656660902,15.651905291660114,7.3,2.6,1.8,18.3,0.526,0.295,0.17,0.654,7.6,7.1,15.0,9.8,2.64,0.3,103.4,100.6,2.49,0.17,2.49,0.72,0.72,1.0,0.28,0.44,52.6,1,1,Michigan State,2022,614
Blake Perez,Northwestern,CUSA,SF,6-6,78,188,JR,2022,27,428.2289911344926,39.650832512453015,4.6,3.7,1.4,17.7,0.52,0.32,0.246,0.628,2.8,18.1,12.0,5.0,2.46,0.7,110.0,97.4,1.95,0.42,1.95,0.74,0.74,0.98,0.24,0.44,52.7,1,1,Iowa,2022,615
Xavier Reed,Eastern Kentucky,Big 12,C,6-9,81,236,R-FR,2020,19,166.73687943707705,21.93906308382593,16.0,4.6,1.0,23.8,0.518,0.411,0.165,0.669,12.4,13.4,8.1,12.0,2.13,7.7,114.6,94.8,-1.22,-0.1,-1.22,0.98,0.98,0.94,-0.04,0.43,52.6,1,1,Xavier,2020,616
Derek Edwards,Butler,MAC,SF,6-8,80,194,R-FR,2023,26,559.6711213040733,53.81453089462242,1.0,2.9,1.8,10.1,0.547,0.3,0.552,0.778,7.2,8.7,15.1,12.4,2.54,2.38,112.5,105.2,0.68,0.19,0.68,0.76,0.76,0.76,0.0,0.43,52.6,1,1,Boise State,2023,617
Sam Wright,Texas,OVC,SF,6-5,77,207,SR,2024,23,390.30674699213114,42.42464641218817,5.4,3.5,0.9,19.6,0.513,0.332,0.29,0.799,10.9,8.6,7.5,12.2,3.61,1.24,113.2,93.8,2.48,0.48,2.48,0.69,0.69,0.96,0.27,0.42,52.5,1,1,Houston,2024,618
Will Hall,Butler,A-10,SG,6-3,75,204,JR,2022,24,85.25330942493078,8.880553065096954,5.4,1.9,1.9,18.0,0.553,0.357,0.27,0.741,3.8,6.8,16.2,12.2,0.97,2.05,114.4,102.1,1.01,0.04,1.01,0.86,0.86,0.71,-0.15,0.41,52.5,1,1,Baylor,2022,619
Trevion Baker,Oregon,WAC,W,6-3,75,267,R-FR,2023,24,359.4303469371703,37.44066113928857,8.3,3.7,1.6,12.5,0.6,0.278,0.545,0.847,10.5,9.9,13.6,15.3,2.65,2.57,115.6,114.8,1.62,0.29,1.62,0.7,0.7,0.98,0.28,0.41,52.5,1,1,James Madison,2023,620
Xavier Morris,Michigan State,Big 12,G,6-2,74,250,R-FR,2024,29,193.00868430563068,16.638679681519886,2.6,2.5,3.1,13.7,0.512,0.365,0.358,0.729,2.8,11.0,26.0,20.0,0.3,1.06,89.1,89.1,0.79,0.08,0.79,0.98,0.98,0.76,-0.22,0.4,52.4,1,1,Gonzaga,2024,621
Malik Robinson,Kansas,CUSA,C,6-10,82,240,SO,2022,30,285.2886303892576,23.774052532438137,6.6,3.2,0.9,14.8,0.614,0.261,0.094,0.564,3.2,14.3,7.4,17.0,3.19,2.45,118.5,94.2,-0.78,-0.11,-0.78,0.74,0.74,0.96,0.22,0.4,52.4,1,1,BYU,2022,622
Kyle Martin,Louisville,ACC,G,6-2,74,243,R-FR,2024,30,591.0399900353217,49.25333250294347,3.7,2.1,3.9,14.7,0.523,0.404,0.317,0.709,3.1,8.5,32.4,20.9,2.54,1.41,113.9,97.0,-0.61,-0.18,-0.61,0.94,0.94,0.72,-0.22,0.4,52.4,1,1,Richmond,2024,623
Mike Turner,Vanderbilt,MAC,SF,6-4,76,208,JR,2023,27,201.8874702964345,18.693284286706895,2.2,3.7,1.4,21.9,0.553,0.371,0.202,0.636,10.3,10.4,11.7,14.5,2.42,0.5,91.2,97.0,-0.42,-0.04,-0.42,0.76,0.76,0.71,-0.05,0.4,52.4,1,1,Duke,2023,624
Sam Harris,Murray State,Ivy,W,6-6,78,187,R-JR,2024,35,452.62321126745235,32.33022937624659,12.7,4.3,1.7,23.5,0.554,0.332,0.319,0.894,8.6,15.4,14.1,11.7,3.28,1.19,111.7,102.9,0.47,0.11,0.47,0.71,0.71,0.69,-0.02,0.4,52.4,1,1,Maryland,2024,625
Jaylen Davis,UNLV,Ivy,SF,6-7,79,223,SO,2020,32,165.00147494492114,12.890740230071964,1.8,4.2,1.3,15.1,0.417,0.295,0.413,0.629,9.3,14.0,10.6,18.0,1.81,0.91,115.5,84.4,-1.07,-0.09,-1.07,0.71,0.71,0.72,0.01,0.39,52.3,1,1,George Mason,2020,626
Elijah Green,St. John's,A-10,W,6-8,80,203,R-FR,2023,31,357.55003686332003,28.834680392203225,8.8,4.9,1.1,25.1,0.543,0.224,0.26,0.692,6.7,20.4,9.1,11.2,1.78,0.75,103.8,98.8,1.65,0.29,1.65,0.86,0.86,0.72,-0.14,0.39,52.3,1,1,George Mason,2023,627
Jalen Allen,Iowa,Ivy,G,6-2,74,190,R-SO,2023,23,230.5511654288677,25.05990928574649,5.2,1.7,1.6,24.7,0.555,0.353,0.391,0.63,3.2,6.1,13.1,23.6,1.17,0.1,121.6,88.7,-1.6,-0.18,-1.6,0.71,0.71,0.83,0.12,0.39,52.4,1,1,William & Mary,2023,628
Patrick Scott,Baylor,Big 12,C,6-8,80,192,SR,2021,27,86.4,8.0,4.4,5.1,1.3,23.0,0.523,0.367,0.299,0.79,5.0,23.6,10.5,7.5,3.28,2.32,102.2,107.4,0.45,0.02,0.45,0.98,0.98,0.72,-0.26,0.38,52.3,1,1,Saint Mary's,2021,629
Reed Allen,Mississippi State,Big 12,W,6-6,78,186,SO,2022,28,192.2715559113593,17.167103206371365,1.0,2.7,1.4,10.4,0.61,0.35,0.174,0.643,4.6,10.3,11.3,14.0,1.66,0.1,118.4,102.6,0.92,0.09,0.92,0.98,0.98,0.96,-0.02,0.38,52.3,1,1,James Madison,2022,630
Sean Allen,Villanova,OVC,PG,6-1,73,192,R-FR,2022,24,303.6432933067894,31.629509719457232,11.8,2.5,2.6,19.1,0.525,0.374,0.414,0.734,4.0,9.7,22.0,7.6,2.71,0.59,109.8,101.5,1.53,0.23,1.53,0.69,0.69,0.76,0.07,0.38,52.3,1,1,Stanford,2022,631
Jalen Anderson,Notre Dame,Big Ten,G,6-4,76,186,R-JR,2022,25,231.25264657889832,23.125264657889833,8.3,2.0,1.5,28.4,0.482,0.309,0.551,0.661,1.7,9.2,12.9,21.3,2.06,0.95,103.5,109.8,-1.15,-0.13,-1.15,1.0,1.0,0.98,-0.02,0.38,52.3,1,1,Murray State,2022,632
Vince Stewart,Creighton,SEC,PF,6-8,80,211,JR,2020,35,693.334277345622,49.52387695325872,2.9,4.8,0.8,14.4,0.545,0.317,0.111,0.679,11.5,15.2,6.5,15.4,1.38,3.73,110.2,101.6,0.72,0.25,0.72,0.96,0.96,0.83,-0.13,0.37,52.2,1,1,Georgia,2020,633
Evan Anderson,Virginia,Big 12,G,6-4,76,214,R-FR,2021,26,116.16893167540141,11.170089584173212,2.0,2.2,1.7,21.9,0.493,0.332,0.521,0.723,3.4,8.7,14.0,16.1,1.53,2.26,116.7,97.6,-1.31,-0.08,-1.31,0.98,0.98,0.71,-0.27,0.37,52.2,1,1,Tulsa,2021,634
Malik Cook,Murray State,CAA,W,6-8,80,219,JR,2020,28,196.44832292096865,17.540028832229343,6.7,2.8,1.6,21.5,0.456,0.37,0.197,0.643,4.2,11.1,13.2,17.6,3.18,0.69,114.7,107.2,0.64,0.06,0.64,0.77,0.77,0.72,-0.05,0.36,52.1,1,1,Florida,2020,635
Ivan Lopez,Baylor,MAC,C,7-0,84,202,R-FR,2022,25,175.2027075154773,17.52027075154773,6.1,3.8,1.2,15.8,0.522,0.399,0.162,0.77,5.4,15.9,10.1,13.4,3.06,1.19,131.3,108.4,-1.02,-0.09,-1.02,0.76,0.76,0.74,-0.02,0.36,52.2,1,1,Purdue,2022,636
Coleman Martin,Syracuse,CUSA,W,6-5,77,206,JR,2020,36,221.96045859156115,15.41392073552508,7.7,2.6,1.8,17.3,0.502,0.346,0.416,0.694,2.6,12.0,14.7,15.3,2.46,1.69,101.4,114.3,-0.56,-0.06,-0.56,0.74,0.74,0.74,0.0,0.36,52.1,1,1,Cincinnati,2020,637
DeShawn Johnson,Virginia,Big Ten,PG,6-0,72,205,R-SO,2023,21,186.81753894832443,22.24018320813386,4.6,2.7,1.3,12.2,0.528,0.291,0.388,0.484,2.1,12.7,10.7,14.6,2.79,2.32,111.0,96.9,1.73,0.16,1.73,1.0,1.0,1.0,0.0,0.36,52.2,1,1,Syracuse,2023,638
Uriah Campbell,Seton Hall,Big Ten,F,6-7,79,176,R-FR,2024,27,474.8565855729473,43.968202367865494,1.9,6.7,0.6,10.0,0.548,0.267,0.283,0.694,12.9,24.1,5.2,14.9,1.21,1.55,116.2,93.0,0.82,0.19,0.82,1.0,1.0,1.0,0.0,0.36,52.1,1,1,Minnesota,2024,639
Mike Rivera,LSU,Horizon,G,6-1,73,216,R-JR,2021,26,397.0306249170813,38.17602162664243,3.6,0.9,2.6,15.8,0.58,0.385,0.16,0.73,1.3,4.0,21.6,11.9,2.97,1.14,112.4,98.8,0.4,0.08,0.4,0.71,0.71,0.74,0.03,0.35,52.1,1,1,Oregon,2021,640
Flynn Moore,Villanova,Big East,C,6-11,83,186,R-JR,2024,28,315.61986451820894,28.180345046268656,1.0,4.2,1.0,16.4,0.456,0.21,0.198,0.669,9.8,13.5,8.3,8.7,2.39,0.42,110.3,96.6,-1.34,-0.21,-1.34,0.93,0.93,0.82,-0.11,0.35,52.1,1,1,Wisconsin,2024,641
Ben Nelson,Houston,MAAC,SF,6-7,79,171,R-JR,2021,28,260.30724027574433,23.241717881762884,2.6,5.1,2.5,17.9,0.536,0.401,0.744,0.604,7.8,20.4,21.2,11.2,1.87,0.1,106.2,95.8,0.92,0.12,0.92,0.74,0.74,0.98,0.24,0.34,52.0,1,1,Eastern Kentucky,2021,642
Nathan Taylor,Iowa State,ACC,F,6-5,77,183,R-JR,2020,33,308.1875197051816,23.347539371604668,16.6,3.5,2.0,26.4,0.532,0.231,0.084,0.749,8.7,10.8,16.5,18.1,2.39,0.81,105.3,100.6,2.82,0.43,2.82,0.94,0.94,0.74,-0.2,0.33,52.0,1,1,UNLV,2020,643
Jalen Jackson,St. John's,CAA,C,6-11,83,199,R-JR,2020,35,180.8325910827676,12.916613648769115,4.4,3.2,0.6,14.9,0.531,0.233,0.0,0.728,7.2,10.4,5.1,9.8,1.33,10.87,118.5,91.2,-0.17,-0.02,-0.17,0.77,0.77,0.71,-0.06,0.33,52.0,1,1,Louisville,2020,644
Jaylen Taylor,Virginia,WAC,W,6-7,79,198,R-JR,2022,29,176.91416720154393,15.251221310477924,4.7,2.7,2.0,24.4,0.524,0.361,0.434,0.77,5.2,9.9,16.3,11.9,2.07,0.1,110.9,93.6,-0.69,-0.06,-0.69,0.7,0.7,0.83,0.13,0.33,52.0,1,1,Seton Hall,2022,645
Victor Roberts,USC,Horizon,SG,6-1,73,219,R-JR,2024,19,207.75901877812845,27.336712997122163,3.9,1.3,1.6,18.6,0.555,0.333,0.294,0.766,2.8,4.6,13.4,9.9,2.22,2.18,112.6,101.8,1.02,0.11,1.02,0.71,0.71,0.94,0.23,0.32,51.9,1,1,LSU,2024,646
Kofi Clark,Dayton,A-10,PG,5-10,70,177,SO,2020,33,262.129579288163,19.858301461224467,3.2,1.3,2.9,13.1,0.554,0.379,0.396,0.603,1.7,5.5,24.4,27.6,2.18,0.96,110.9,97.9,-0.1,-0.01,-0.1,0.86,0.86,0.71,-0.15,0.32,51.9,1,1,Utah State,2020,647
Sean Adams,Notre Dame,Sun Belt,C,6-9,81,218,SR,2024,25,422.44985744553185,42.24498574455318,5.6,4.5,0.6,18.9,0.427,0.229,0.09,0.478,2.8,22.0,5.3,16.0,1.48,5.72,106.5,103.0,-2.48,-0.52,-2.48,0.72,0.72,1.0,0.28,0.32,51.9,1,1,Miami,2024,648
Reed Edwards,Louisville,Big Ten,W,6-6,78,191,SR,2022,29,175.7091298142954,15.147338777094433,13.3,2.4,2.1,25.0,0.501,0.476,0.337,0.579,4.3,9.0,17.4,16.3,2.77,1.4,107.5,103.7,1.55,0.14,1.55,1.0,1.0,0.86,-0.14,0.32,51.9,1,1,Duke,2022,649
Cade Moore,Maryland,OVC,W,6-9,81,165,SR,2023,23,456.68336996990126,49.639496735858835,9.8,1.6,2.0,17.0,0.49,0.436,0.352,0.651,0.5,8.4,16.6,16.1,1.55,0.9,124.7,115.4,0.61,0.14,0.61,0.69,0.69,0.7,0.01,0.32,51.9,1,1,Duquesne,2023,650
Blake Morris,Tennessee,CUSA,SF,6-5,77,241,R-JR,2023,35,112.00000000000001,8.0,3.5,3.2,2.2,14.1,0.587,0.419,0.179,0.586,5.0,12.7,18.4,13.6,1.14,2.57,110.4,102.9,1.66,0.09,1.66,0.74,0.74,0.72,-0.02,0.31,51.9,1,1,Duquesne,2023,651
Sean Davis,Davidson,SEC,PG,5-11,71,219,JR,2020,30,96.0,8.0,11.8,2.0,2.0,22.6,0.431,0.394,0.224,0.634,4.0,7.1,16.5,14.4,4.62,1.0,112.7,102.1,1.13,0.05,1.13,0.96,0.96,0.96,0.0,0.31,51.9,1,1,Mississippi State,2020,652
Luka Green,TCU,Sun Belt,C,6-8,80,182,R-JR,2024,32,340.5887929227856,26.608499447092626,6.0,5.3,1.7,22.2,0.501,0.187,0.111,0.706,11.5,18.2,14.5,10.7,1.27,9.18,97.9,94.7,-0.37,-0.06,-0.37,0.72,0.72,0.98,0.26,0.3,51.8,1,1,Clemson,2024,653
Andrej Morris,Murray State,WCC,W,6-5,77,218,R-FR,2023,32,438.6231074501253,34.26743026954104,7.9,4.0,0.4,25.6,0.583,0.29,0.125,0.743,8.4,13.9,3.5,22.1,1.66,2.34,96.3,107.0,1.68,0.37,1.68,0.82,0.82,0.77,-0.05,0.3,51.8,1,1,Notre Dame,2023,654
Ivan White,Boston College,OVC,W,6-8,80,230,SR,2024,27,169.5171561760015,15.696032979259396,2.3,2.9,2.0,10.0,0.507,0.276,0.412,0.69,1.1,15.2,17.0,23.3,3.96,0.65,109.1,99.4,1.04,0.09,1.04,0.69,0.69,0.76,0.07,0.29,51.7,1,1,Michigan,2024,655
Sean Baker,LSU,WCC,F,6-6,78,214,JR,2023,24,480.47168337952684,50.04913368536737,9.6,6.9,2.0,22.3,0.518,0.197,0.062,0.643,11.2,27.2,16.4,16.5,0.96,0.62,121.5,107.9,1.91,0.46,1.91,0.82,0.82,0.72,-0.1,0.29,51.7,1,1,James Madison,2023,656
Xavier Parker,Cincinnati,SEC,SF,6-7,79,205,SO,2023,33,387.08788155632715,29.32483951184297,4.8,3.0,1.4,22.6,0.523,0.281,0.319,0.621,5.3,11.2,11.4,16.5,1.13,0.1,105.9,111.1,0.01,0.0,0.01,0.96,0.96,0.77,-0.19,0.28,51.7,1,1,Connecticut,2023,657
Ben Roberts,UNLV,Horizon,C,6-10,82,205,JR,2023,33,414.5620130717848,31.40621311149885,13.3,5.1,1.2,20.5,0.487,0.18,0.01,0.529,11.9,16.4,9.9,13.8,3.01,9.51,109.4,94.9,0.42,0.09,0.42,0.71,0.71,1.0,0.29,0.28,51.7,1,1,James Madison,2023,658
Todd Evans,Ohio State,CAA,SG,6-3,75,193,R-JR,2022,25,118.63927149853592,11.863927149853591,1.0,2.8,1.7,13.1,0.501,0.332,0.203,0.825,4.4,11.2,14.3,15.0,1.93,1.95,122.4,92.5,-0.9,-0.05,-0.9,0.77,0.77,0.72,-0.05,0.28,51.7,1,1,Saint Mary's,2022,659
Isaiah Taylor,Syracuse,Sun Belt,SG,6-5,77,237,R-FR,2024,32,485.43776744091633,37.924825581321585,6.2,2.3,2.0,23.1,0.582,0.479,0.381,0.564,2.4,10.4,16.3,9.9,1.86,0.69,106.3,98.6,0.47,0.11,0.47,0.72,0.72,0.7,-0.02,0.28,51.7,1,1,Fordham,2024,660
Brandon Bell,James Madison,Big Ten,SG,6-6,78,238,R-JR,2021,29,369.5566695973013,31.858333585974254,6.6,3.4,1.7,17.7,0.552,0.354,0.204,0.555,1.8,17.3,13.9,17.4,3.39,1.19,122.9,101.0,1.75,0.32,1.75,1.0,1.0,0.94,-0.06,0.27,51.6,1,1,Stanford,2021,661
Henry Hernandez,Iowa State,A-10,PF,6-7,79,205,R-JR,2024,21,275.08753908996016,32.74851655832859,8.0,4.7,0.7,28.3,0.44,0.406,0.155,0.666,13.6,12.5,5.4,14.3,1.81,4.49,107.5,100.6,1.61,0.22,1.61,0.86,0.86,0.77,-0.09,0.26,51.6,1,1,Rutgers,2024,662
Max Evans,Tulsa,CAA,G,6-4,76,183,R-FR,2023,20,153.13520466528738,19.141900583160922,12.0,2.4,2.7,27.7,0.544,0.338,0.365,0.689,1.7,11.5,22.7,7.1,3.4,2.45,115.7,82.4,-0.35,-0.03,-0.35,0.77,0.77,0.96,0.19,0.26,51.6,1,1,Virginia Tech,2023,663
Ivan Walker,St. John's,CUSA,F,6-8,80,230,JR,2024,25,108.68965498999319,10.86896549899932,4.3,4.0,1.3,20.8,0.512,0.374,0.089,0.584,7.1,15.0,11.2,17.3,3.64,2.59,105.7,98.1,-0.06,-0.0,-0.06,0.74,0.74,0.76,0.02,0.26,51.6,1,1,Oklahoma,2024,664
Chris Gonzalez,Villanova,MVC,PF,6-5,77,202,R-JR,2021,17,343.5639413078227,50.524109015856276,10.9,4.8,1.5,23.3,0.455,0.223,0.049,0.658,5.8,21.2,12.6,12.3,3.25,1.03,109.7,106.9,0.93,0.16,0.93,0.79,0.79,0.74,-0.05,0.26,51.6,1,1,Tennessee Tech,2021,665
Todd Adams,Ohio State,WAC,SF,6-5,77,223,R-FR,2024,17,281.92078027120215,41.45893827517679,8.5,4.6,1.4,21.2,0.519,0.393,0.468,0.764,7.7,17.8,11.6,9.9,1.24,2.11,107.9,95.5,1.21,0.17,1.21,0.7,0.7,0.79,0.09,0.25,51.5,1,1,Minnesota,2024,666
Sean Mitchell,James Madison,A-10,F,6-6,78,217,R-JR,2023,21,255.74540579006197,30.445881641674045,7.4,4.7,1.7,24.6,0.484,0.226,0.143,0.713,11.0,15.3,14.0,10.4,2.68,1.31,115.6,110.7,-1.09,-0.14,-1.09,0.86,0.86,0.98,0.12,0.24,51.5,1,1,Boise State,2023,667
Sean Thompson,Utah State,CUSA,SG,6-5,77,194,FR,2021,37,566.4494197586338,38.27360944315093,3.5,1.5,1.1,27.7,0.459,0.236,0.411,0.643,1.8,6.5,9.4,9.0,1.76,1.62,118.5,100.8,0.08,0.02,0.08,0.74,0.74,1.0,0.26,0.24,51.5,1,1,St. Bonaventure,2021,668
Sean Green,Saint Louis,CAA,SF,6-2,74,184,SR,2023,29,655.6201580787957,56.518979144723765,3.6,1.9,2.9,22.5,0.533,0.383,0.448,0.725,7.3,3.0,24.4,20.4,2.42,0.1,120.4,94.8,0.65,0.21,0.65,0.77,0.77,0.94,0.17,0.23,51.4,1,1,Creighton,2023,669
Tyrese Gonzalez,Oregon,MAC,PG,6-1,73,173,R-FR,2024,29,180.03742591888152,15.520467751627718,6.4,2.1,3.5,24.3,0.543,0.276,0.202,0.658,3.5,8.0,29.6,13.8,1.95,1.42,109.8,102.5,2.1,0.19,2.1,0.76,0.76,0.74,-0.02,0.22,51.3,1,1,Alabama,2024,670
Andrej Lee,Houston,Sun Belt,SG,6-3,75,199,R-JR,2024,27,397.6283816309855,36.81744274360977,7.5,1.1,0.6,23.9,0.5,0.397,0.37,0.887,2.2,3.8,5.4,7.2,1.79,1.27,115.5,98.9,-0.14,-0.03,-0.14,0.72,0.72,0.86,0.14,0.22,51.3,1,1,St. Bonaventure,2024,671
Patrick Morgan,Eastern Kentucky,Sun Belt,C,6-9,81,215,SR,2024,25,594.0050199412597,59.40050199412596,9.9,5.2,0.9,20.8,0.543,0.199,0.003,0.693,1.7,27.2,7.6,10.4,3.42,4.15,116.1,95.7,-0.09,-0.03,-0.09,0.72,0.72,0.71,-0.01,0.22,51.3,1,1,Duke,2024,672
Derek Harris,Gonzaga,Ivy,W,6-7,79,194,R-FR,2024,26,83.2,8.0,11.7,2.3,2.1,22.5,0.456,0.379,0.054,0.63,6.4,6.4,17.9,18.2,2.04,0.73,90.6,104.0,2.05,0.09,2.05,0.71,0.71,1.0,0.29,0.22,51.3,1,1,Ohio State,2024,673
Cameron Anderson,LSU,MVC,C,6-8,80,221,FR,2023,25,333.29695932315065,33.32969593231506,5.2,5.6,0.6,18.7,0.626,0.325,0.086,0.784,11.1,20.1,4.9,9.4,3.89,2.59,117.7,93.2,2.22,0.37,2.22,0.79,0.79,0.7,-0.09,0.21,51.3,1,1,North Carolina,2023,674
Isaiah Parker,Gonzaga,OVC,G,6-4,76,232,R-JR,2024,32,164.27452106045973,12.833946957848415,2.0,1.7,2.4,21.4,0.489,0.302,0.572,0.647,4.6,4.9,19.9,25.0,2.37,3.77,107.6,100.8,2.45,0.2,2.45,0.69,0.69,0.94,0.25,0.2,51.2,1,1,Eastern Kentucky,2024,675
Isaiah Campbell,Wake Forest,AAC,C,6-11,83,196,JR,2020,24,139.92679415903478,14.575707724899456,9.9,4.1,1.9,20.8,0.713,0.347,0.019,0.766,7.6,15.3,16.0,17.4,2.17,5.12,111.2,91.8,1.97,0.14,1.97,0.83,0.83,0.93,0.1,0.19,51.2,1,1,Saint Louis,2020,676
Evan Phillips,Virginia,Big Ten,C,6-10,82,176,JR,2020,30,457.01362191548935,38.08446849295745,1.0,4.8,1.5,17.7,0.533,0.262,0.045,0.664,9.5,17.0,12.2,12.9,2.39,2.33,100.8,91.2,1.73,0.4,1.73,1.0,1.0,0.98,-0.02,0.18,51.1,1,1,Saint Mary's,2020,677
Darius Turner,Xavier,MAAC,C,6-9,81,211,R-JR,2021,18,57.599999999999994,8.0,8.3,5.7,1.8,16.8,0.49,0.248,0.353,0.711,11.2,20.6,15.0,9.7,2.77,3.95,100.9,91.7,-1.13,-0.03,-1.13,0.74,0.74,0.83,0.09,0.18,51.1,1,1,DePaul,2021,678
Sam Collins,USC,ACC,C,6-10,82,212,FR,2020,34,108.80000000000001,8.0,10.3,5.1,0.2,22.8,0.589,0.35,0.247,0.759,6.5,22.0,1.0,11.4,3.11,8.16,115.1,105.4,-0.31,-0.02,-0.31,0.94,0.94,0.82,-0.12,0.18,51.1,1,1,Creighton,2020,679
Cole Nelson,Minnesota,Big 12,SF,6-6,78,231,R-JR,2023,32,568.3555921461352,44.402780636416814,3.8,3.6,0.7,15.9,0.504,0.364,0.503,0.742,5.3,14.7,5.8,16.9,1.99,2.61,111.4,101.7,-0.24,-0.07,-0.24,0.98,0.98,0.74,-0.24,0.18,51.1,1,1,Belmont,2023,680
Malik Parker,Eastern Kentucky,MAAC,SF,6-3,75,199,SO,2023,16,155.76509216642228,24.338295651003484,5.0,2.7,2.7,19.0,0.546,0.306,0.58,0.701,3.2,11.9,22.6,13.5,3.01,0.78,114.9,100.3,-0.68,-0.05,-0.68,0.74,0.74,0.71,-0.03,0.17,51.0,1,1,George Mason,2023,681
Patrick Martin,Wichita State,ACC,PF,6-7,79,219,FR,2023,23,131.65259960151158,14.310065174077348,3.9,4.0,1.2,24.2,0.497,0.3,0.0,0.58,2.5,19.6,9.6,12.4,2.32,2.6,111.3,106.8,-0.07,-0.0,-0.07,0.94,0.94,0.94,0.0,0.17,51.0,1,1,Air Force,2023,682
Todd Rivera,Indiana,WAC,G,6-2,74,229,JR,2021,18,255.17860121230993,35.4414723905986,5.1,1.7,1.5,18.6,0.418,0.362,0.461,0.842,2.6,6.9,12.8,16.1,2.91,2.25,110.5,102.5,-0.19,-0.02,-0.19,0.7,0.7,0.77,0.07,0.17,51.0,1,1,Stanford,2021,683
Vince Rogers,Belmont,Big East,C,6-10,82,162,R-FR,2020,22,240.81071874748133,27.36485440312288,2.7,3.4,1.0,14.7,0.593,0.422,0.169,0.623,2.3,16.6,8.5,10.9,2.21,7.96,116.8,99.4,1.54,0.19,1.54,0.93,0.93,0.83,-0.1,0.17,51.0,1,1,Notre Dame,2020,684
Grant Morgan,St. John's,A-10,C,6-10,82,163,JR,2021,25,80.0,8.0,2.7,3.6,1.1,19.4,0.499,0.384,0.261,0.577,3.3,16.7,9.5,15.5,3.93,8.96,106.4,104.2,-0.41,-0.02,-0.41,0.86,0.86,0.94,0.08,0.16,50.9,1,1,Eastern Kentucky,2021,685
Ivan Wright,Indiana,Big East,PF,6-9,81,251,JR,2024,29,410.68554281871343,35.4039261050615,4.5,3.2,1.1,19.5,0.548,0.184,0.215,0.698,5.5,12.6,8.8,7.2,2.06,3.84,110.0,100.7,0.49,0.1,0.49,0.93,0.93,0.93,0.0,0.16,51.0,1,1,Maryland,2024,686
Sam Perez,Austin Peay,MAAC,G,6-4,76,217,SR,2022,30,432.53092498913196,36.04424374909433,6.6,0.5,4.2,24.8,0.533,0.407,0.337,0.774,0.6,2.0,34.8,16.3,2.45,0.27,100.5,94.8,1.02,0.22,1.02,0.74,0.74,0.71,-0.03,0.15,50.9,1,1,Mississippi State,2022,687
Nathan Morgan,Indiana,A-10,C,7-0,84,204,R-FR,2021,27,99.31687658441399,9.196007091149443,7.1,5.6,0.7,18.6,0.563,0.277,0.071,0.653,14.0,17.3,5.9,17.8,1.92,4.06,109.2,88.8,-1.24,-0.06,-1.24,0.86,0.86,0.86,0.0,0.15,50.9,1,1,Vanderbilt,2021,688
Jordan Garcia,Auburn,Big Ten,PG,6-4,76,174,JR,2022,26,374.8522751219809,36.043487992498164,7.5,0.8,2.8,24.3,0.602,0.388,0.659,0.766,2.3,2.0,23.7,26.7,3.09,0.99,112.5,94.7,0.74,0.14,0.74,1.0,1.0,1.0,0.0,0.15,50.9,1,1,San Diego State,2022,689
Will Mitchell,Virginia,Sun Belt,PG,6-1,73,194,R-JR,2021,33,316.4143993301814,23.970787828044045,2.7,2.0,1.8,22.3,0.525,0.348,0.051,0.604,2.1,8.9,15.1,12.9,1.89,2.83,93.3,83.2,2.5,0.4,2.5,0.72,0.72,0.74,0.02,0.14,50.8,1,1,Fordham,2021,690
Brandon Martin,Penn State,A-10,PG,6-4,76,179,R-JR,2021,20,64.0,8.0,2.2,3.0,3.3,19.7,0.541,0.318,0.106,0.621,4.7,11.9,27.5,13.9,1.87,1.1,105.4,95.3,-0.29,-0.01,-0.29,0.86,0.86,0.86,0.0,0.13,50.8,1,1,Michigan State,2021,691
Alex Perez,DePaul,MAAC,SF,6-3,75,201,R-FR,2020,19,236.99089906056645,31.183013034285064,4.6,2.7,0.6,17.0,0.688,0.368,0.604,0.726,2.4,12.4,4.8,12.7,3.88,0.1,107.2,110.2,-0.26,-0.03,-0.26,0.74,0.74,0.82,0.08,0.13,50.8,1,1,Auburn,2020,692
Henry Martin,Kentucky,Sun Belt,G,6-3,75,236,R-JR,2020,30,415.43878642952507,34.61989886912709,3.4,0.5,2.2,22.2,0.556,0.351,0.247,0.602,0.9,2.0,18.0,20.4,3.25,0.71,109.8,95.7,-0.59,-0.12,-0.59,0.72,0.72,0.82,0.1,0.13,50.8,1,1,Wichita State,2020,693
Tyrese Bell,LSU,Big Ten,PF,6-9,81,196,R-JR,2020,25,477.11314625662317,47.71131462566232,11.7,6.6,1.0,27.0,0.62,0.285,0.0,0.669,16.5,20.1,8.3,9.9,3.09,5.42,114.7,104.8,3.76,0.9,3.76,1.0,1.0,0.94,-0.06,0.13,50.8,1,1,Utah State,2020,694
Nathan Evans,Florida,Big Ten,F,6-6,78,222,JR,2024,29,133.50351750020207,11.508923922431213,3.8,5.6,1.0,17.3,0.555,0.249,0.291,0.854,11.8,19.1,8.0,11.9,0.87,1.35,120.1,98.2,-1.4,-0.09,-1.4,1.0,1.0,0.77,-0.23,0.12,50.7,1,1,Eastern Kentucky,2024,695
Alex Wright,Minnesota,ACC,F,6-4,76,192,R-FR,2022,26,472.04584574946216,45.38902362975598,6.4,5.8,1.7,21.8,0.502,0.291,0.106,0.779,12.4,19.6,14.5,17.2,1.6,1.51,113.0,88.6,-0.31,-0.07,-0.31,0.94,0.94,0.72,-0.22,0.12,50.7,1,1,Maryland,2022,696
Luke Adams,Oklahoma,ACC,PG,6-2,74,195,R-JR,2023,32,240.53191040420242,18.791555500328315,7.0,2.5,3.4,12.5,0.545,0.364,0.31,0.743,2.9,11.1,28.7,14.1,1.69,1.26,119.5,95.9,0.14,0.02,0.14,0.94,0.94,0.7,-0.24,0.12,50.7,1,1,Tennessee Tech,2023,697
Zion Evans,Penn State,WCC,PG,6-3,75,225,FR,2024,29,681.2578312032047,58.729123379586596,5.8,2.4,2.3,19.2,0.62,0.346,0.364,0.61,4.7,8.5,19.1,14.4,4.09,1.36,111.2,104.9,2.94,1.0,2.94,0.82,0.82,0.76,-0.06,0.11,50.7,1,1,Gonzaga,2024,698
Jaylen Green,Illinois,Big 12,C,6-11,83,203,R-JR,2023,28,450.00365328555176,40.178897614781405,8.3,7.3,1.0,17.9,0.462,0.283,0.015,0.683,13.6,27.0,8.1,11.7,1.99,0.3,112.8,99.6,1.37,0.31,1.37,0.98,0.98,0.83,-0.15,0.1,50.6,1,1,Creighton,2023,699
Ben Turner,Notre Dame,MAAC,PF,6-8,80,199,R-JR,2022,22,296.7751886922217,33.72445326047974,7.4,6.8,1.3,30.5,0.574,0.296,0.118,0.97,12.5,25.5,10.6,8.4,1.99,4.71,111.2,92.5,1.23,0.18,1.23,0.74,0.74,0.69,-0.05,0.1,50.6,1,1,Iowa State,2022,700
Sam Nelson,UCLA,MAC,G,6-3,75,197,R-JR,2023,24,329.17339535481585,34.288895349459985,7.0,1.6,1.8,16.5,0.483,0.33,0.487,0.774,4.6,4.1,14.7,13.4,2.2,0.42,104.1,103.1,0.19,0.03,0.19,0.76,0.76,0.86,0.1,0.08,50.5,1,1,Eastern Kentucky,2023,701
Max Bailey,Butler,AAC,G,6-1,73,233,JR,2020,18,317.1395619462395,44.04716138142215,1.0,1.7,2.8,14.8,0.432,0.263,0.162,0.7,2.4,6.9,23.4,17.6,1.44,1.06,110.3,91.4,-1.74,-0.28,-1.74,0.83,0.83,0.71,-0.12,0.08,50.5,1,1,Memphis,2020,702
Tanner Cook,Eastern Kentucky,AAC,G,6-3,75,228,R-FR,2020,30,805.6576053194304,67.1381337766192,8.4,2.5,2.8,19.6,0.377,0.269,0.34,0.679,0.2,13.6,23.3,23.4,1.56,1.5,113.6,91.6,2.51,1.01,2.51,0.83,0.83,0.82,-0.01,0.08,50.5,1,1,Penn State,2020,703
Xavier Baker,North Carolina,Horizon,PF,6-7,79,226,R-JR,2020,21,188.99558015507773,22.499473827985444,6.6,4.9,0.8,20.8,0.608,0.184,0.205,0.837,11.9,15.4,7.0,8.7,1.46,2.85,100.4,96.5,1.1,0.1,1.1,0.71,0.71,0.96,0.25,0.08,50.5,1,1,Florida State,2020,704
Patrick Morris,Tennessee Tech,OVC,PF,6-8,80,217,R-JR,2024,32,102.4,8.0,10.5,3.8,1.1,26.8,0.58,0.236,0.208,0.73,2.5,18.8,9.6,14.6,1.63,7.63,112.2,109.5,1.72,0.09,1.72,0.69,0.69,0.74,0.05,0.08,50.5,1,1,Hofstra,2024,705
Vince Young,Minnesota,MAAC,W,6-5,77,217,FR,2020,35,113.17307599636558,8.083791142597542,7.5,4.8,1.1,27.2,0.584,0.333,0.262,0.62,8.4,18.4,9.4,5.0,2.18,0.6,106.0,97.6,0.96,0.05,0.96,0.74,0.74,0.77,0.03,0.08,50.5,1,1,James Madison,2020,706
Flynn Cook,Kansas,MAC,W,6-5,77,239,SO,2022,37,395.65557327138487,26.733484680498975,7.5,3.4,0.9,12.8,0.609,0.366,0.5,0.67,5.9,13.1,7.3,9.9,2.37,1.6,106.5,94.2,-0.87,-0.17,-0.87,0.76,0.76,1.0,0.24,0.06,50.4,1,1,Memphis,2022,707
Max Cook,Michigan,CUSA,SG,6-4,76,199,R-JR,2022,25,287.252539390393,28.7252539390393,3.9,2.8,1.4,17.6,0.458,0.321,0.597,0.608,3.7,11.8,11.4,15.0,2.78,1.91,109.8,95.0,-0.65,-0.09,-0.65,0.74,0.74,0.69,-0.05,0.06,50.4,1,1,Saint Louis,2022,708
Xavier Wilson,Kentucky,Big East,G,6-3,75,226,R-JR,2022,22,309.49880108894894,35.17031830556238,3.7,1.4,3.8,15.0,0.569,0.244,0.38,0.768,4.7,3.2,32.0,18.9,1.58,2.18,122.2,88.2,-1.12,-0.17,-1.12,0.93,0.93,0.94,0.01,0.06,50.3,1,1,Tennessee,2022,709
Andrej Reed,Minnesota,Big 12,SF,6-6,78,193,R-FR,2024,37,719.0348835343356,48.5834380766443,5.1,3.1,0.6,22.4,0.513,0.296,0.05,0.696,2.6,14.6,4.6,11.0,2.47,1.87,109.9,109.3,1.68,0.61,1.68,0.98,0.98,0.98,0.0,0.05,50.3,1,1,TCU,2024,710
Andre Scott,Georgia,Big Ten,PF,6-7,79,212,R-JR,2020,30,309.09339671219175,25.757783059349308,6.1,4.3,1.3,28.3,0.468,0.321,0.114,0.764,5.4,18.8,10.7,14.3,2.05,1.8,109.2,105.3,-2.03,-0.31,-2.03,1.0,1.0,0.69,-0.31,0.05,50.3,1,1,Duke,2020,711
Uriah Johnson,Wisconsin,A-10,C,6-9,81,218,FR,2024,30,439.2351055554484,36.60292546295403,1.0,4.5,0.6,14.3,0.526,0.23,0.504,0.587,3.5,21.4,4.8,18.3,4.93,3.9,113.0,87.6,0.52,0.12,0.52,0.86,0.86,0.98,0.12,0.05,50.3,1,1,Murray State,2024,712
Ryan Carter,Houston,A-10,SG,6-5,77,203,R-JR,2021,25,80.0,8.0,3.4,2.0,1.4,22.6,0.505,0.335,0.12,0.643,1.1,10.2,11.3,11.8,1.94,0.64,122.2,105.3,1.08,0.04,1.08,0.86,0.86,0.71,-0.15,0.05,50.3,1,1,Virginia,2021,713
Wade Taylor,Tennessee Tech,Big 12,G,6-1,73,229,SO,2021,21,435.57785521032565,51.85450657265781,11.8,1.0,2.1,15.3,0.534,0.443,0.393,0.586,2.2,3.6,17.6,21.1,3.56,2.58,109.8,101.5,0.02,0.0,0.02,0.98,0.98,0.74,-0.24,0.04,50.2,1,1,Miami,2021,714
Malik Wright,Stanford,Sun Belt,W,6-4,76,213,JR,2022,25,276.7064494131915,27.67064494131915,3.0,3.0,1.4,13.9,0.43,0.352,0.512,0.662,8.5,8.2,12.0,12.8,3.73,1.63,94.2,104.8,1.14,0.16,1.14,0.72,0.72,0.79,0.07,0.04,50.2,1,1,Utah State,2022,715
Cole Turner,Murray State,Horizon,PF,6-8,80,217,FR,2021,23,211.88817478618975,23.03132334632497,3.4,6.3,1.7,22.1,0.548,0.243,0.0,0.801,11.2,23.8,13.8,12.1,1.78,0.3,112.1,96.5,-1.58,-0.17,-1.58,0.71,0.71,0.71,0.0,0.04,50.2,1,1,Michigan,2021,716
Andrej Moore,James Madison,CUSA,PG,6-2,74,184,R-JR,2022,27,614.9534905583969,56.940138014666374,4.2,2.0,4.3,22.9,0.505,0.283,0.498,0.777,2.5,8.8,35.5,21.3,1.42,2.25,105.8,94.7,0.69,0.21,0.69,0.74,0.74,0.79,0.05,0.03,50.2,1,1,Boise State,2022,717
Sam Lewis,Iowa,Big Ten,W,6-7,79,195,R-SO,2021,22,78.60363818055424,8.93223161142662,10.0,2.4,1.5,21.8,0.502,0.41,0.39,0.853,3.7,9.8,12.5,10.7,3.36,0.1,106.0,104.9,-1.92,-0.08,-1.92,1.0,1.0,0.94,-0.06,0.03,50.2,1,1,Ohio State,2021,718
Luke Nelson,Illinois,AAC,G,6-3,75,201,FR,2024,24,369.64377498005615,38.504559893755854,7.1,0.6,2.3,24.4,0.654,0.407,0.499,0.867,1.3,2.0,18.9,20.8,2.35,1.78,123.6,101.0,1.66,0.31,1.66,0.83,0.83,0.76,-0.07,0.03,50.2,1,1,Miami,2024,719
Patrick Davis,Wisconsin,SEC,SG,6-3,75,180,R-FR,2023,15,327.0985114151071,54.51641856918452,8.2,1.2,1.7,22.7,0.56,0.256,0.458,0.79,0.7,5.9,14.1,17.9,1.66,1.46,105.9,98.3,1.07,0.17,1.07,0.96,0.96,0.74,-0.22,0.03,50.2,1,1,Davidson,2023,720
Chris Hill,Ohio State,CUSA,PF,6-8,80,210,R-JR,2021,25,255.57816117136596,25.557816117136593,6.7,6.3,1.2,22.1,0.528,0.299,0.015,0.61,9.9,25.4,9.6,10.6,2.42,1.66,121.0,100.2,-1.3,-0.17,-1.3,0.74,0.74,0.82,0.08,0.02,50.1,1,1,Michigan,2021,721
Coleman Lopez,Indiana,MVC,W,6-7,79,215,JR,2023,27,536.9922059066577,49.72150054691275,7.3,3.7,1.2,21.1,0.541,0.349,0.432,0.763,3.6,16.7,10.3,15.0,1.02,1.33,105.5,99.0,0.83,0.22,0.83,0.79,0.79,0.76,-0.03,0.02,50.1,1,1,Tulsa,2023,722
Kyle Allen,Virginia,OVC,C,6-11,83,224,R-FR,2024,24,381.59235518741775,39.74920366535601,5.1,4.9,1.0,14.8,0.543,0.229,0.167,0.626,12.2,15.1,8.1,8.9,3.24,2.83,120.0,105.7,-1.95,-0.37,-1.95,0.69,0.69,0.72,0.03,0.02,50.1,1,1,BYU,2024,723
Patrick Hernandez,Nebraska,OVC,SG,6-3,75,190,R-SO,2024,19,192.33123331078735,25.306741225103604,5.6,1.9,1.1,22.7,0.59,0.314,0.475,0.801,3.8,7.0,9.3,11.8,2.56,0.21,126.2,101.2,1.54,0.15,1.54,0.69,0.69,0.74,0.05,-0.0,50.0,0,1,Virginia,2024,724
Sean Walker,Xavier,SEC,SG,6-5,77,198,R-JR,2020,25,156.191307167374,15.619130716737397,1.0,1.9,3.1,20.0,0.542,0.331,0.346,0.794,1.1,9.7,26.2,16.4,2.76,0.89,127.5,93.7,-0.43,-0.03,-0.43,0.96,0.96,0.71,-0.25,0.0,50.0,1,1,Wichita State,2020,725
Trevion Thomas,Cincinnati,AAC,SG,6-3,75,210,R-JR,2021,24,640.8507499772714,66.75528645596577,7.5,1.7,2.5,17.9,0.582,0.33,0.583,0.749,2.3,6.9,21.0,12.6,1.84,0.82,126.1,91.1,0.23,0.07,0.23,0.83,0.83,0.79,-0.04,0.0,50.0,1,1,St. Bonaventure,2021,726
Damian Lewis,Creighton,CUSA,PG,6-2,74,209,JR,2022,23,218.49951534270286,23.749947319859004,10.5,2.3,2.8,21.2,0.519,0.34,0.353,0.603,3.1,9.4,23.4,18.6,3.88,0.88,120.6,94.6,1.44,0.16,1.44,0.74,0.74,0.94,0.2,-0.0,50.0,0,1,Georgetown,2022,727
Kevin Cooper,Clemson,Sun Belt,SG,6-4,76,228,R-FR,2021,33,184.40955052705533,13.970420494473888,14.4,2.2,3.5,24.0,0.501,0.324,0.301,0.638,5.1,7.1,29.4,14.6,1.35,0.1,119.9,98.0,0.76,0.07,0.76,0.72,0.72,0.74,0.02,-0.01,49.9,0,1,Wisconsin,2021,728
Sean Rivera,Michigan State,Big Ten,SF,6-6,78,220,R-JR,2020,27,388.84287411977016,36.00396982590464,1.5,2.6,2.1,18.5,0.406,0.287,0.198,0.688,4.2,10.1,17.7,15.0,1.7,0.88,104.5,96.5,-1.06,-0.21,-1.06,1.0,1.0,0.7,-0.3,-0.01,50.0,0,1,Tennessee,2020,729
Luke White,TCU,MAC,C,6-9,81,198,FR,2020,25,234.6578025645209,23.46578025645209,6.7,6.4,0.8,18.7,0.547,0.353,0.381,0.799,13.3,22.1,6.8,16.0,2.9,2.96,107.0,98.4,1.76,0.21,1.76,0.76,0.76,0.98,0.22,-0.01,49.9,0,1,Michigan State,2020,730
Tanner Young,Fordham,Big Ten,C,6-10,82,195,R-FR,2023,23,399.450796635837,43.41856485172141,1.0,4.3,1.1,19.7,0.476,0.163,0.296,0.613,6.8,16.9,9.2,10.8,2.13,4.35,105.9,93.4,0.62,0.12,0.62,1.0,1.0,0.74,-0.26,-0.02,49.9,0,1,Vanderbilt,2023,731
Kofi Johnson,Michigan,WAC,C,6-11,83,207,JR,2023,20,245.59386011470096,30.699232514337623,4.0,5.9,1.6,17.8,0.575,0.259,0.0,0.609,17.8,15.0,13.2,7.6,0.88,4.48,112.1,95.6,0.27,0.03,0.27,0.7,0.7,0.71,0.01,-0.02,49.9,0,1,Georgetown,2023,732
Kyle Anderson,Dayton,Horizon,C,6-11,83,198,R-JR,2023,31,416.76932135587015,33.61042914160243,11.8,6.7,1.7,26.5,0.485,0.172,0.12,0.702,11.9,25.1,14.6,12.6,3.33,6.16,110.8,96.2,0.54,0.11,0.54,0.71,0.71,0.74,0.03,-0.02,49.9,0,1,Duke,2023,733
Sam Robinson,Michigan State,WCC,G,6-3,75,201,R-SO,2020,27,384.10941957245916,35.56568699744992,10.7,2.4,0.6,26.6,0.522,0.336,0.432,0.844,0.2,13.1,5.0,13.9,1.64,0.1,109.1,98.4,0.3,0.06,0.3,0.82,0.82,0.83,0.01,-0.03,49.8,0,1,Villanova,2020,734
Kyle Young,Saint Mary's,Big Ten,PF,6-7,79,210,FR,2022,36,295.0612076787239,20.490361644355826,8.0,5.4,1.4,18.0,0.508,0.356,0.137,0.857,5.9,24.3,11.4,11.4,1.22,2.03,103.4,104.6,-0.84,-0.12,-0.84,1.0,1.0,0.96,-0.04,-0.03,49.8,0,1,Creighton,2022,735
Xavier Hall,SMU,Big East,C,6-11,83,201,JR,2020,36,231.184525866455,16.054480962948265,6.2,3.9,1.1,25.5,0.508,0.161,0.346,0.77,11.6,10.0,9.1,9.1,1.03,0.3,101.5,91.4,0.89,0.1,0.89,0.93,0.93,0.96,0.03,-0.03,49.8,0,1,Pittsburgh,2020,736
Tyrese Stewart,Virginia,CUSA,C,7-1,85,189,R-FR,2022,30,272.9863416187705,22.748861801564207,6.5,4.2,1.8,19.4,0.563,0.374,0.189,0.712,2.4,20.9,15.1,8.5,1.76,0.96,115.0,98.1,1.2,0.16,1.2,0.74,0.74,0.72,-0.02,-0.04,49.8,0,1,Air Force,2022,737
Quinn Bell,Virginia Tech,MVC,F,6-6,78,180,R-FR,2020,27,454.46087461118566,42.07971061214682,14.5,4.8,1.6,17.7,0.569,0.292,0.046,0.642,8.9,18.0,12.9,13.2,2.08,1.03,112.6,104.5,-1.7,-0.39,-1.7,0.79,0.79,0.79,0.0,-0.05,49.7,0,1,Purdue,2020,738
Ryan Stewart,Richmond,SEC,F,6-6,78,191,R-FR,2023,21,207.70832236598545,24.727181234045887,4.1,4.6,0.9,24.5,0.613,0.457,0.194,0.669,5.5,20.3,7.2,8.6,3.52,1.54,114.4,99.5,1.22,0.13,1.22,0.96,0.96,0.83,-0.13,-0.05,49.7,0,1,Murray State,2023,739
Eric Rogers,Penn State,OVC,PF,6-8,80,217,JR,2020,34,134.02766333177738,9.854975244983631,1.8,4.3,0.8,21.4,0.512,0.441,0.0,0.682,4.2,19.7,6.8,7.9,2.93,4.53,100.2,92.1,-0.56,-0.04,-0.56,0.69,0.69,1.0,0.31,-0.05,49.7,0,1,Vanderbilt,2020,740
Blake Sanchez,Texas,OVC,C,6-11,83,216,FR,2023,32,102.4,8.0,11.9,6.0,1.2,16.4,0.523,0.353,0.091,0.648,5.8,27.5,9.9,12.7,2.67,0.3,105.7,102.0,-0.92,-0.05,-0.92,0.69,0.69,0.83,0.14,-0.05,49.7,0,1,Saint Mary's,2023,741
Cameron Thomas,Illinois,SEC,SG,6-3,75,202,R-JR,2024,27,539.6442798099973,49.967062945370124,8.1,2.0,1.3,26.4,0.509,0.233,0.517,0.628,2.7,8.2,11.0,15.2,1.84,2.51,104.0,91.9,-0.76,-0.2,-0.76,0.96,0.96,1.0,0.04,-0.06,49.6,0,1,Rutgers,2024,742
Omar Phillips,UCLA,Horizon,C,6-9,81,199,R-FR,2020,29,683.4482940745839,58.91795638573999,5.4,3.8,1.5,10.5,0.499,0.219,0.209,0.594,3.0,18.3,12.1,11.1,3.1,6.04,119.2,112.2,3.26,1.11,3.26,0.71,0.71,0.82,0.11,-0.06,49.6,0,1,Kansas,2020,743
Eric Lopez,Pittsburgh,A-10,SF,6-5,77,212,R-JR,2020,28,89.60000000000001,8.0,7.7,4.0,1.5,26.3,0.525,0.314,0.418,0.79,9.0,13.5,12.2,18.8,3.43,0.1,113.3,104.4,1.23,0.06,1.23,0.86,0.86,0.96,0.1,-0.06,49.6,0,1,Oregon,2020,744
Cameron Johnson,North Carolina,OVC,C,6-10,82,198,JR,2023,27,417.0025998414579,38.61135183717202,3.9,5.5,0.6,14.4,0.386,0.264,0.0,0.787,9.2,21.4,4.9,13.4,1.54,4.02,110.5,98.8,-1.04,-0.22,-1.04,0.69,0.69,0.83,0.14,-0.06,49.6,0,1,Northwestern,2023,745
Blake Bell,USC,WCC,W,6-7,79,218,R-JR,2023,30,626.0172967042837,52.168108058690315,8.8,3.5,0.9,16.5,0.568,0.455,0.68,0.739,8.4,10.8,7.7,17.2,1.28,2.81,119.7,100.1,-0.29,-0.09,-0.29,0.82,0.82,0.82,0.0,-0.07,49.6,0,1,Auburn,2023,746
Trevion Edwards,Nebraska,ACC,SF,6-3,75,209,R-JR,2024,32,459.21279114277525,35.875999308029314,2.7,3.6,1.3,18.8,0.488,0.353,0.453,0.734,7.3,12.9,10.9,12.2,1.42,1.04,114.2,93.6,0.91,0.21,0.91,0.94,0.94,0.79,-0.15,-0.07,49.6,0,1,St. John's,2024,747
Henry Scott,Florida,Horizon,SF,6-5,77,213,R-JR,2023,37,283.11313929432725,19.129266168535626,6.4,4.4,1.3,18.1,0.627,0.344,0.519,0.523,8.4,16.1,11.2,5.2,2.53,0.37,99.8,101.4,3.14,0.44,3.14,0.71,0.71,0.94,0.23,-0.08,49.5,0,1,DePaul,2023,748
Isaiah Hill,Minnesota,CAA,F,6-6,78,208,R-FR,2021,31,134.09708231672735,10.814280831994141,7.0,6.3,1.5,29.0,0.43,0.355,0.276,0.56,12.2,22.8,12.6,15.3,3.94,0.77,107.0,93.6,0.6,0.04,0.6,0.77,0.77,0.76,-0.01,-0.08,49.5,0,1,Kentucky,2021,749
Grant Perez,Xavier,ACC,W,6-2,74,193,JR,2020,30,368.4695306081176,30.705794217343133,11.8,2.9,2.4,30.0,0.468,0.229,0.467,0.733,7.1,9.2,19.8,13.6,1.01,0.41,110.3,88.7,2.87,0.53,2.87,0.94,0.94,0.77,-0.17,-0.09,49.5,0,1,Indiana,2020,750
Ryan Rogers,Tulsa,Horizon,W,6-6,78,211,R-JR,2023,19,354.57382466882854,46.65445061431955,8.3,3.5,1.1,20.1,0.56,0.388,0.263,0.708,5.7,13.7,8.8,16.5,0.35,0.83,98.7,104.1,0.27,0.05,0.27,0.71,0.71,0.74,0.03,-0.09,49.5,0,1,Alabama,2023,751
Kevin Cook,USC,WCC,W,6-5,77,183,R-FR,2022,24,481.87378881479873,50.19518633487486,1.1,3.4,2.0,19.4,0.407,0.345,0.087,0.705,0.5,18.2,16.4,10.7,2.33,1.75,112.0,99.1,-0.56,-0.13,-0.56,0.82,0.82,0.72,-0.1,-0.09,49.5,0,1,Fordham,2022,752
Cole Adams,Iowa State,A-10,F,6-3,75,216,R-JR,2021,25,207.83531664421832,20.783531664421833,8.3,4.3,1.0,16.3,0.499,0.199,0.433,0.663,7.3,16.4,8.7,13.5,1.73,2.64,114.8,97.4,-2.54,-0.26,-2.54,0.86,0.86,0.94,0.08,-0.09,49.5,0,1,Richmond,2021,753
Andrej Allen,Utah State,MAAC,PF,6-8,80,197,R-SO,2024,35,520.616085772248,37.186863269446285,8.3,5.1,1.0,22.8,0.513,0.184,0.214,0.695,12.8,15.3,8.0,15.7,2.11,1.73,130.7,92.6,-0.82,-0.21,-0.82,0.74,0.74,0.71,-0.03,-0.1,49.4,0,1,James Madison,2024,754
Kevin Rogers,Fordham,Ivy,C,6-8,80,237,R-FR,2024,27,142.24559626621917,13.170888543168441,6.4,7.1,1.5,23.0,0.465,0.405,0.229,0.565,6.1,33.3,12.3,9.3,3.12,4.81,130.3,99.6,-1.23,-0.09,-1.23,0.71,0.71,0.83,0.12,-0.1,49.4,0,1,Virginia Tech,2024,755
Todd Hernandez,Iowa,A-10,PG,6-3,75,189,R-JR,2022,20,517.1188819953255,64.63986024941569,6.3,1.5,2.8,20.3,0.493,0.238,0.458,0.781,0.4,7.8,23.3,20.9,4.87,0.76,114.2,97.8,-1.83,-0.47,-1.83,0.86,0.86,0.72,-0.14,-0.11,49.3,0,1,Michigan State,2022,756
Paul Rodriguez,Eastern Kentucky,WAC,PG,6-2,74,177,R-FR,2023,24,457.4259138664024,47.64853269441692,7.3,1.6,3.4,23.4,0.554,0.392,0.171,0.734,0.9,8.2,28.0,9.4,1.76,0.55,112.4,92.5,0.85,0.19,0.85,0.7,0.7,0.76,0.06,-0.11,49.4,0,1,Boise State,2023,757
Kevin Brown,Rutgers,Big East,SF,6-6,78,214,R-JR,2023,25,632.3445118220792,63.23445118220791,7.8,3.7,1.9,20.6,0.538,0.336,0.456,0.792,5.5,14.9,15.9,8.5,2.14,1.2,115.0,102.0,-0.22,-0.07,-0.22,0.93,0.93,0.72,-0.21,-0.11,49.3,0,1,Auburn,2023,758
Andrej Williams,Fordham,MAC,C,6-9,81,157,FR,2021,32,477.3418195346656,37.29232965114575,6.5,4.7,1.2,21.9,0.596,0.35,0.138,0.657,10.2,16.1,10.1,8.3,1.32,6.09,119.0,93.0,1.32,0.32,1.32,0.76,0.76,0.71,-0.05,-0.11,49.3,0,1,Saint Mary's,2021,759
Isaiah Stewart,Alabama,Big Ten,F,6-6,78,220,R-FR,2024,22,284.49512360218296,32.32899131842988,2.8,4.4,1.3,17.5,0.538,0.299,0.087,0.795,11.8,12.8,11.1,17.1,1.25,0.63,116.6,90.2,-2.36,-0.34,-2.36,1.0,1.0,0.83,-0.17,-0.12,49.3,0,1,Minnesota,2024,760
Evan Bailey,Pittsburgh,SEC,PF,6-8,80,215,JR,2023,30,172.19695306804925,14.349746089004107,1.0,3.8,0.8,22.3,0.581,0.282,0.088,0.739,5.2,15.9,6.8,13.7,3.52,3.2,108.2,105.7,-1.25,-0.11,-1.25,0.96,0.96,0.86,-0.1,-0.12,49.3,0,1,Virginia,2023,761
Darius Taylor,Penn State,WAC,C,6-7,79,227,R-JR,2024,30,360.03927151025664,30.00327262585472,9.2,5.8,0.5,13.0,0.527,0.27,0.0,0.757,9.3,22.8,4.4,12.3,2.33,9.53,109.0,95.9,-0.83,-0.15,-0.83,0.7,0.7,0.98,0.28,-0.12,49.3,0,1,James Madison,2024,762
Paul Collins,Iowa,MAAC,W,6-8,80,223,R-JR,2020,33,262.93245279499433,19.919125211741996,9.4,2.2,1.4,22.5,0.521,0.347,0.34,0.839,7.4,5.0,11.7,17.1,0.2,0.66,118.9,100.9,-2.15,-0.28,-2.15,0.74,0.74,0.74,0.0,-0.12,49.3,0,1,Utah State,2020,763
Cade Gonzalez,William & Mary,MAC,PF,6-8,80,216,R-FR,2024,27,371.2510798425148,34.37509998541803,6.3,4.0,1.8,18.8,0.441,0.283,0.013,0.761,6.1,16.2,14.8,9.7,0.2,3.87,109.7,97.5,-0.26,-0.05,-0.26,0.76,0.76,0.93,0.17,-0.12,49.3,0,1,Illinois,2024,764
Zion Williams,James Madison,ACC,PF,6-8,80,216,JR,2021,27,664.1343849913148,61.49392453623285,11.9,5.7,1.4,16.7,0.5,0.183,0.328,0.629,11.7,20.0,11.6,8.7,2.54,4.51,111.5,83.2,0.34,0.11,0.34,0.94,0.94,0.69,-0.25,-0.12,49.3,0,1,North Carolina,2021,765
Sam Moore,Indiana,Big East,C,6-11,83,192,R-JR,2024,33,350.35370485319174,26.541947337363013,6.7,6.4,0.5,15.6,0.533,0.278,0.38,0.854,13.7,21.9,4.0,13.7,0.96,0.78,112.6,101.4,1.41,0.25,1.41,0.93,0.93,0.96,0.03,-0.13,49.2,0,1,Wake Forest,2024,766
Jalen Rodriguez,UCLA,MAC,PG,6-2,74,204,R-JR,2022,22,253.87971765803482,28.849967915685774,12.8,2.0,2.4,27.4,0.469,0.314,0.664,0.573,0.9,10.3,19.6,19.5,2.09,1.36,107.0,100.0,0.15,0.02,0.15,0.76,0.76,0.7,-0.06,-0.13,49.2,0,1,San Diego State,2022,767
Xavier Edwards,Iowa State,WAC,W,6-7,79,175,JR,2024,30,327.6107841810049,27.300898681750407,4.0,2.9,1.5,16.5,0.46,0.316,0.166,0.662,5.8,10.4,12.6,13.9,1.54,2.19,120.7,96.4,-1.08,-0.18,-1.08,0.7,0.7,0.82,0.12,-0.13,49.2,0,1,Kentucky,2024,768
Mike Stewart,Boise State,CAA,W,6-6,78,218,R-JR,2023,24,362.68058470983505,37.77922757394115,3.3,1.9,2.9,14.8,0.499,0.293,0.344,0.656,3.6,6.8,23.8,12.0,2.53,0.1,120.8,99.9,-2.29,-0.41,-2.29,0.77,0.77,0.93,0.16,-0.14,49.1,0,1,Iowa State,2023,769
Jaylen Carter,William & Mary,Big East,SG,6-2,74,216,SO,2021,27,343.9933259198607,31.851233881468577,3.6,0.6,1.6,15.5,0.536,0.418,0.335,0.851,0.2,2.9,13.6,18.0,2.43,1.39,113.0,98.2,2.05,0.35,2.05,0.93,0.93,0.94,0.01,-0.14,49.1,0,1,Connecticut,2021,770
Jalen Lewis,Baylor,A-10,SG,6-4,76,208,JR,2023,20,83.75232166159968,10.469040207699958,7.7,2.3,2.9,18.7,0.51,0.395,0.477,0.703,3.3,9.4,24.5,15.0,1.52,1.7,89.3,98.4,1.26,0.05,1.26,0.86,0.86,1.0,0.14,-0.15,49.1,0,1,North Carolina,2023,771
Kyle King,Miami,Big 12,F,6-7,79,212,JR,2021,20,319.62983966203427,39.953729957754284,6.3,3.1,1.2,23.4,0.448,0.294,0.0,0.942,1.0,16.4,9.6,10.1,3.2,2.16,111.2,98.5,-0.33,-0.05,-0.33,0.98,0.98,0.72,-0.26,-0.15,49.1,0,1,Iowa,2021,772
Darius Mitchell,LSU,Sun Belt,W,6-8,80,226,R-FR,2024,29,152.41379936267305,13.139120634713194,1.7,4.6,0.9,12.0,0.573,0.411,0.37,0.659,9.0,16.5,7.2,16.9,2.88,0.1,115.9,96.6,1.29,0.1,1.29,0.72,0.72,0.82,0.1,-0.15,49.1,0,1,Pittsburgh,2024,773
Ben Collins,Syracuse,WAC,G,6-3,75,204,R-JR,2021,22,451.2353934275852,51.276749253134675,1.0,1.7,2.2,12.4,0.463,0.28,0.404,0.563,7.4,2.0,18.2,19.2,3.48,0.48,94.5,93.0,1.38,0.31,1.38,0.7,0.7,0.71,0.01,-0.15,49.1,0,1,Butler,2021,774
Will Carter,Wake Forest,WCC,SF,6-5,77,265,R-FR,2022,21,285.6947911614076,34.01128466207233,8.5,4.4,2.1,22.1,0.385,0.275,0.512,0.722,7.3,17.3,17.6,18.3,1.55,2.61,112.0,101.6,-0.15,-0.02,-0.15,0.82,0.82,0.83,0.01,-0.15,49.1,0,1,Boise State,2022,775
Mike Wright,Nebraska,ACC,PF,6-9,81,193,FR,2020,28,455.08401569046976,40.6325014009348,3.8,5.0,1.5,20.4,0.535,0.173,0.119,0.824,10.6,17.0,12.3,15.6,3.6,6.52,122.6,98.7,1.31,0.3,1.31,0.94,0.94,0.93,-0.01,-0.15,49.1,0,1,Utah State,2020,776
Chris Campbell,Connecticut,ACC,C,6-11,83,214,FR,2021,29,292.4745711799469,25.213325101719565,15.2,5.0,1.0,32.3,0.528,0.305,0.268,0.805,10.4,17.6,8.7,10.8,2.64,4.07,115.6,92.2,0.2,0.03,0.2,0.94,0.94,0.72,-0.22,-0.16,49.1,0,1,TCU,2021,777
Wade Martinez,Dayton,A-10,W,6-3,75,169,JR,2022,30,505.2847880742522,42.107065672854354,8.6,2.8,1.0,23.8,0.52,0.293,0.235,0.739,1.4,14.0,8.4,20.1,1.8,2.95,108.7,97.0,0.72,0.18,0.72,0.86,0.86,0.83,-0.03,-0.16,49.1,0,1,Cincinnati,2022,778
Isaiah Garcia,Maryland,MAAC,C,6-9,81,164,R-FR,2020,35,374.32306660764004,26.737361900545718,1.0,5.5,0.6,14.6,0.551,0.265,0.162,0.614,5.1,25.5,5.1,15.8,1.76,4.44,115.5,95.4,0.23,0.04,0.23,0.74,0.74,0.83,0.09,-0.16,49.0,0,1,Air Force,2020,779
Nathan Johnson,Marquette,A-10,SF,6-5,77,228,JR,2023,28,377.7225244320934,33.725225395722624,1.0,3.5,2.8,15.4,0.509,0.293,0.438,0.877,6.0,13.4,23.4,13.8,1.24,1.85,123.2,103.8,-0.46,-0.09,-0.46,0.86,0.86,0.74,-0.12,-0.16,49.0,0,1,Fordham,2023,780
Mike Lewis,San Diego State,CAA,G,6-4,76,193,R-JR,2021,25,477.91890664221734,47.79189066422173,4.0,1.9,2.9,19.9,0.461,0.316,0.325,0.622,0.6,9.8,23.8,14.0,3.02,0.1,105.9,100.2,0.67,0.16,0.67,0.77,0.77,0.94,0.17,-0.16,49.1,0,1,LSU,2021,781
Zach Bailey,Dayton,Horizon,PF,7-0,84,194,JR,2024,32,193.5210244588847,15.118830035850367,1.1,3.1,0.8,10.0,0.515,0.252,0.394,0.686,6.6,10.5,6.7,7.9,2.63,4.62,107.4,94.6,1.09,0.11,1.09,0.71,0.71,0.74,0.03,-0.17,49.0,0,1,UCLA,2024,782
Alex Martinez,Providence,CAA,PG,6-1,73,177,JR,2020,28,113.95828390334124,10.17484677708404,4.9,3.0,1.6,16.6,0.571,0.281,0.435,0.715,4.8,11.6,13.2,12.8,0.2,1.69,105.3,110.8,-1.64,-0.09,-1.64,0.77,0.77,0.74,-0.03,-0.17,49.0,0,1,Florida,2020,783
Max Anderson,James Madison,Big East,PG,6-2,74,202,R-FR,2020,25,268.35565809439777,26.835565809439778,8.3,2.7,2.8,22.8,0.604,0.389,0.445,0.66,3.4,11.6,22.9,27.0,3.05,1.71,114.1,99.1,-2.25,-0.3,-2.25,0.93,0.93,0.96,0.03,-0.18,48.9,0,1,Wisconsin,2020,784
Jalen Davis,St. Bonaventure,WAC,SF,6-5,77,189,R-JR,2020,25,300.46277311307244,30.046277311307243,10.1,3.3,2.3,21.2,0.594,0.317,0.328,0.687,11.5,6.7,19.4,16.3,3.74,2.13,111.9,105.3,0.77,0.12,0.77,0.7,0.7,0.94,0.24,-0.18,48.9,0,1,UCLA,2020,785
Quinn Sanchez,William & Mary,OVC,W,6-5,77,228,R-JR,2024,30,584.8613160696214,48.738443005801784,4.9,3.7,0.9,23.9,0.508,0.379,0.451,0.494,3.0,17.5,7.7,17.5,2.91,0.77,94.2,95.8,3.24,0.95,3.24,0.69,0.69,0.7,0.01,-0.19,48.9,0,1,Georgia,2024,786
Evan Thomas,Michigan,WCC,PF,6-10,82,220,R-JR,2022,29,430.35818789440975,37.09984378400084,8.5,5.1,1.2,21.1,0.455,0.193,0.191,0.64,12.2,16.2,9.9,12.8,2.12,4.76,111.5,93.3,-0.37,-0.08,-0.37,0.82,0.82,0.98,0.16,-0.2,48.8,0,1,Iowa,2022,787
Marcus Sanchez,Miami,OVC,SF,6-8,80,203,R-JR,2020,29,518.1494984890486,44.66806021457316,7.9,3.3,0.4,25.6,0.62,0.365,0.275,0.802,3.6,15.0,3.0,12.0,0.8,1.21,100.1,99.4,1.17,0.3,1.17,0.69,0.69,0.71,0.02,-0.2,48.8,0,1,Providence,2020,788
Mike Reed,Northwestern,WAC,PG,5-11,71,188,R-JR,2020,21,161.85571639935193,19.268537666589516,6.8,2.2,1.8,14.1,0.514,0.355,0.528,0.657,1.2,10.9,14.8,10.2,3.09,1.69,109.9,93.6,-0.25,-0.02,-0.25,0.7,0.7,0.69,-0.01,-0.21,48.7,0,1,Hofstra,2020,789
Trevion Reed,Notre Dame,Big Ten,SG,6-4,76,191,R-JR,2024,23,333.39358042913943,36.23843265534124,4.1,1.7,2.4,28.8,0.513,0.383,0.357,0.65,3.0,6.5,19.8,24.2,2.4,1.62,100.9,107.4,0.66,0.11,0.66,1.0,1.0,0.96,-0.04,-0.21,48.7,0,1,Houston,2024,790
Jalen Hernandez,Arizona,AAC,PF,6-8,80,190,JR,2024,37,533.4103719216453,36.041241346057106,4.4,5.7,1.4,10.0,0.536,0.238,0.011,0.783,8.2,23.3,11.4,14.1,0.98,5.76,121.7,90.0,-1.37,-0.37,-1.37,0.83,0.83,0.7,-0.13,-0.21,48.7,0,1,Stanford,2024,791
Cade Green,Tennessee Tech,Big Ten,C,7-0,84,206,JR,2020,34,662.1683312171518,48.6888478836141,7.2,4.1,0.9,19.0,0.523,0.23,0.292,0.689,13.0,9.6,7.3,11.5,2.71,1.27,109.4,103.8,-0.25,-0.08,-0.25,1.0,1.0,0.79,-0.21,-0.21,48.7,0,1,Davidson,2020,792
Ivan Martinez,Virginia,Horizon,PF,6-8,80,211,FR,2023,33,305.2744449045412,23.12685188670767,6.1,7.7,1.7,24.2,0.54,0.326,0.305,0.843,13.2,29.6,13.9,9.7,3.05,6.28,126.2,93.4,1.52,0.23,1.52,0.71,0.71,0.74,0.03,-0.21,48.7,0,1,Mississippi State,2023,793
Zion Parker,Oklahoma,Big 12,C,7-0,84,212,R-FR,2024,31,223.848233108222,18.052276863566288,11.5,4.7,2.0,31.3,0.605,0.349,0.176,0.788,9.7,16.2,16.8,15.4,1.44,6.87,116.6,92.4,1.23,0.14,1.23,0.98,0.98,0.82,-0.16,-0.22,48.7,0,1,James Madison,2024,794
Zion Allen,SMU,A-10,SF,6-7,79,187,R-FR,2021,25,152.19291994587488,15.219291994587488,6.6,2.2,1.6,26.3,0.54,0.394,0.432,0.846,4.4,7.7,13.1,19.5,3.01,2.7,111.0,100.1,-1.07,-0.08,-1.07,0.86,0.86,0.82,-0.04,-0.22,48.7,0,1,Villanova,2021,795
Jaylen Harris,Wichita State,A-10,SF,6-5,77,211,R-SO,2024,25,388.2204899544655,38.82204899544655,3.0,2.4,1.4,24.4,0.455,0.37,0.09,0.665,1.5,11.8,11.3,14.2,1.13,2.86,95.6,104.2,0.39,0.08,0.39,0.86,0.86,1.0,0.14,-0.22,48.7,0,1,Michigan State,2024,796
Wade Sanchez,UCLA,Big 12,PG,6-3,75,231,FR,2021,24,211.98038441246538,22.081290042965144,2.6,2.5,3.2,21.1,0.539,0.331,0.68,0.809,3.2,10.8,26.5,16.6,1.09,2.46,110.7,103.5,1.05,0.11,1.05,0.98,0.98,0.74,-0.24,-0.22,48.7,0,1,Fordham,2021,797
Todd Morris,Wake Forest,SEC,PG,6-4,76,184,JR,2023,25,230.8279581058426,23.082795810584262,3.0,2.4,1.5,28.0,0.569,0.367,0.353,0.601,3.3,10.1,12.4,17.2,2.93,1.15,111.7,103.7,0.04,0.01,0.04,0.96,0.96,0.71,-0.25,-0.22,48.7,0,1,USC,2023,798
Jordan Robinson,Butler,Big Ten,PG,6-3,75,223,SR,2024,17,302.03153558426203,44.416402291803244,3.8,1.8,3.5,18.0,0.473,0.431,0.495,0.65,4.5,5.8,29.1,11.2,3.27,1.09,101.2,96.7,-0.56,-0.08,-0.56,1.0,1.0,0.77,-0.23,-0.23,48.6,0,1,Maryland,2024,799
Patrick Mitchell,UNLV,AAC,PF,6-7,79,214,R-FR,2020,30,197.93041760336052,16.49420146694671,7.5,5.6,1.2,10.0,0.49,0.324,0.102,0.729,12.0,19.2,10.3,9.0,2.91,4.03,93.8,103.6,0.64,0.06,0.64,0.83,0.83,0.77,-0.06,-0.23,48.6,0,1,Tennessee Tech,2020,800
Brandon Green,Virginia Tech,Sun Belt,SG,6-2,74,200,R-JR,2021,26,235.47997874672973,22.64230564872401,3.7,1.7,1.5,17.5,0.482,0.388,0.706,0.731,1.2,8.2,12.2,17.6,2.49,0.1,118.4,104.9,1.01,0.12,1.01,0.72,0.72,0.71,-0.01,-0.23,48.6,0,1,Xavier,2021,801
Marcus Moore,Stanford,Big 12,SF,6-5,77,208,JR,2023,31,384.7431189072631,31.027670879617993,11.0,3.6,1.2,27.3,0.538,0.34,0.05,0.742,6.5,13.4,9.8,22.0,1.11,0.52,108.9,106.0,2.48,0.48,2.48,0.98,0.98,0.98,0.0,-0.23,48.6,0,1,Dayton,2023,802
Wade Lopez,North Carolina,WAC,G,6-5,77,213,JR,2023,35,357.9047272189903,25.564623372785025,7.0,1.4,2.1,23.1,0.522,0.306,0.403,0.631,1.3,6.8,17.1,23.2,2.78,0.1,124.2,103.0,1.15,0.21,1.15,0.7,0.7,0.96,0.26,-0.23,48.6,0,1,Xavier,2023,803
Owen Adams,Vanderbilt,A-10,C,6-9,81,221,R-FR,2024,30,117.88959076086459,9.824132563405383,8.3,3.8,0.7,21.5,0.479,0.359,0.165,0.616,7.5,13.8,5.5,10.5,0.91,1.65,114.5,99.0,-1.26,-0.07,-1.26,0.86,0.86,0.76,-0.1,-0.24,48.6,0,1,Gonzaga,2024,804
Wade Stewart,Indiana,Big 12,F,6-7,79,217,R-FR,2023,18,255.21940445622218,35.447139507808636,6.9,6.3,0.8,16.9,0.507,0.216,0.081,0.77,14.0,21.1,6.5,12.2,2.25,2.42,110.4,101.8,-0.76,-0.1,-0.76,0.98,0.98,0.72,-0.26,-0.24,48.5,0,1,Arizona,2023,805
Henry Bell,Tennessee Tech,MAAC,SF,6-7,79,216,R-FR,2024,35,390.2942861157664,27.878163293983317,8.6,4.2,2.3,20.9,0.553,0.422,0.589,0.73,12.4,11.0,19.5,12.4,3.1,1.25,114.7,113.4,1.62,0.32,1.62,0.74,0.74,0.93,0.19,-0.25,48.5,0,1,BYU,2024,806
Chris Cook,Notre Dame,CAA,F,6-6,78,207,JR,2023,26,111.55953565580168,10.72687842844247,3.6,3.6,1.0,17.4,0.511,0.366,0.353,0.9,8.0,12.2,8.0,8.6,3.02,2.25,116.3,111.4,-1.31,-0.07,-1.31,0.77,0.77,0.86,0.09,-0.25,48.5,0,1,Butler,2023,807
Ryan Baker,Kentucky,Horizon,G,6-5,77,207,JR,2023,31,420.61366053718723,33.920456494934456,11.8,0.6,1.2,24.0,0.561,0.341,0.356,0.767,1.3,2.0,9.8,8.6,2.76,1.63,117.5,102.3,0.94,0.2,0.94,0.71,0.71,0.93,0.22,-0.26,48.4,0,1,Florida,2023,808
Kyle Martinez,Texas,AAC,PG,6-2,74,227,R-JR,2022,26,324.9621310259654,31.246358752496675,3.8,1.0,2.0,21.5,0.459,0.336,0.214,0.643,2.2,3.4,16.9,21.2,1.71,0.7,117.8,100.8,-0.57,-0.09,-0.57,0.83,0.83,0.71,-0.12,-0.26,48.4,0,1,LSU,2022,809
Flynn Rogers,Texas,MAAC,W,6-8,80,204,R-JR,2021,35,112.00000000000001,8.0,6.2,2.4,2.8,11.3,0.594,0.21,0.297,0.733,9.1,4.5,23.1,7.3,3.07,1.47,121.9,101.3,-0.48,-0.03,-0.48,0.74,0.74,0.74,0.0,-0.26,48.4,0,1,Illinois,2021,810
Ryan Parker,Butler,ACC,F,6-7,79,222,R-FR,2022,34,255.46125365087067,18.783915709622846,13.4,6.0,1.7,25.4,0.553,0.307,0.144,0.579,9.0,24.2,14.0,15.7,2.99,3.71,98.6,99.6,-1.52,-0.19,-1.52,0.94,0.94,0.94,0.0,-0.26,48.4,0,1,Auburn,2022,811
Owen Bell,Richmond,Horizon,C,7-2,86,227,SR,2020,35,421.0617952427001,30.07584251733572,10.0,5.4,0.8,14.7,0.594,0.251,0.122,0.728,11.0,18.7,6.8,17.8,1.76,6.35,111.6,98.8,1.44,0.3,1.44,0.71,0.71,0.76,0.05,-0.26,48.4,0,1,Providence,2020,812
Evan Hall,Austin Peay,Sun Belt,F,6-6,78,238,SO,2021,28,546.2022054225827,48.76805405558774,1.1,3.6,1.8,10.5,0.553,0.399,0.242,0.868,12.4,7.8,15.1,12.7,2.84,2.04,110.3,96.7,0.24,0.07,0.24,0.72,0.72,0.98,0.26,-0.27,48.4,0,1,Utah State,2021,813
Luka Perez,Gonzaga,Big Ten,PG,6-0,72,218,R-FR,2022,30,627.7171367792903,52.30976139827419,7.0,2.3,3.7,30.2,0.526,0.292,0.138,0.613,1.8,10.8,30.8,14.1,1.59,1.06,110.9,98.0,0.72,0.23,0.72,1.0,1.0,0.93,-0.07,-0.27,48.4,0,1,TCU,2022,814
Isaiah Harris,Ohio State,AAC,G,6-0,72,161,JR,2020,33,641.0343308327981,48.56320688127258,9.8,0.9,1.5,22.5,0.587,0.247,0.459,0.671,1.7,3.5,12.2,17.0,2.49,1.53,108.3,101.7,0.77,0.25,0.77,0.83,0.83,0.69,-0.14,-0.27,48.4,0,1,Tennessee Tech,2020,815
Andrej Nelson,Creighton,Horizon,SG,6-6,78,211,JR,2023,32,234.0206414817065,18.28286261575832,8.4,1.8,1.8,19.8,0.56,0.32,0.363,0.691,2.4,7.4,15.3,17.0,0.97,0.45,97.2,104.4,-0.36,-0.04,-0.36,0.71,0.71,0.86,0.15,-0.27,48.4,0,1,Xavier,2023,816
Zion Sanchez,Stanford,OVC,W,6-6,78,217,FR,2022,31,99.2,8.0,7.5,5.7,2.1,14.2,0.604,0.312,0.605,0.631,6.5,25.0,17.2,14.3,3.08,2.28,106.8,88.8,1.31,0.06,1.31,0.69,0.69,0.79,0.1,-0.28,48.3,0,1,Eastern Kentucky,2022,817
Jaylen Rogers,Richmond,ACC,F,6-9,81,228,R-JR,2023,34,147.01984673135334,10.810282847893628,1.0,4.2,1.3,12.3,0.625,0.143,0.122,0.701,7.2,15.9,11.2,12.8,0.47,0.64,122.1,98.4,-0.14,-0.01,-0.14,0.94,0.94,0.98,0.04,-0.28,48.3,0,1,Davidson,2023,818
Alex Rodriguez,Alabama,A-10,PF,6-6,78,198,R-JR,2021,31,587.2120660061298,47.35581177468789,6.7,6.1,1.5,15.2,0.523,0.224,0.195,0.853,12.7,21.3,12.1,4.1,2.55,5.34,99.0,112.2,0.67,0.2,0.67,0.86,0.86,0.71,-0.15,-0.28,48.3,0,1,Tennessee,2021,819
Victor Sanchez,St. Bonaventure,A-10,PF,6-6,78,208,R-JR,2021,23,443.76828385812024,48.23568302805655,6.5,4.2,1.8,20.5,0.534,0.464,0.122,0.737,15.5,8.1,14.9,9.9,0.75,5.3,112.4,102.3,1.23,0.27,1.23,0.86,0.86,0.98,0.12,-0.28,48.3,0,1,Wisconsin,2021,820
Blake Lee,Wichita State,CAA,SF,6-8,80,221,JR,2020,22,70.4,8.0,3.2,4.8,1.7,18.4,0.503,0.244,0.343,0.85,6.4,20.0,14.0,13.9,2.48,3.32,122.6,103.5,0.04,0.0,0.04,0.77,0.77,0.82,0.05,-0.28,48.3,0,1,Davidson,2020,821
Zach Wilson,Utah State,ACC,SG,6-4,76,196,JR,2021,33,375.4078972597549,28.4399922166481,13.1,1.2,1.4,20.7,0.583,0.448,0.408,0.793,2.3,4.6,11.9,19.9,1.94,1.03,111.6,95.9,1.7,0.32,1.7,0.94,0.94,1.0,0.06,-0.28,48.3,0,1,Mississippi State,2021,822
Tyler Wilson,Eastern Kentucky,ACC,W,6-5,77,184,R-JR,2021,24,363.46454961765744,37.86089058517265,9.3,2.6,2.6,15.8,0.501,0.364,0.388,0.595,5.5,9.1,21.3,17.6,2.08,1.58,118.1,97.2,0.4,0.07,0.4,0.94,0.94,0.72,-0.22,-0.29,48.3,0,1,Wake Forest,2021,823
Trevion Lee,Boston College,AAC,SF,6-5,77,201,SO,2023,27,362.008466744524,33.51930247634481,8.1,3.5,1.4,25.3,0.556,0.36,0.509,0.668,12.6,7.1,11.4,17.6,2.95,1.99,116.5,86.2,2.82,0.51,2.82,0.83,0.83,0.93,0.1,-0.3,48.2,0,1,Utah State,2023,824
Sam Baker,Tennessee,SEC,C,6-11,83,226,R-FR,2023,26,257.41267596542815,24.75121884282963,14.9,3.7,1.5,31.3,0.534,0.337,0.257,0.77,1.0,19.6,12.6,12.3,2.16,2.15,107.2,93.2,1.81,0.23,1.81,0.96,0.96,0.86,-0.1,-0.3,48.2,0,1,Creighton,2023,825
Tanner Lee,Gonzaga,Big 12,SF,6-7,79,228,JR,2020,26,268.46849137107563,25.814278016449578,2.7,3.4,2.2,12.3,0.543,0.427,0.461,0.795,4.9,14.0,18.7,13.6,1.33,0.56,107.5,99.4,-1.11,-0.15,-1.11,0.98,0.98,0.86,-0.12,-0.3,48.2,0,1,Saint Mary's,2020,826
Andre Green,Iowa State,Big 12,G,6-3,75,234,R-FR,2023,27,347.04423409540584,32.13372537920424,4.1,0.5,2.0,12.0,0.491,0.275,0.246,0.552,0.2,2.0,16.5,21.4,1.88,1.19,116.0,108.2,1.93,0.33,1.93,0.98,0.98,0.98,0.0,-0.3,48.2,0,1,George Mason,2023,827
Grant Evans,DePaul,A-10,SF,6-5,77,230,FR,2021,33,874.2536849373131,66.23133976797827,4.9,3.7,2.3,15.5,0.571,0.312,0.467,0.532,3.5,16.8,19.3,15.1,2.91,3.7,109.4,111.4,0.37,0.16,0.37,0.86,0.86,0.76,-0.1,-0.31,48.2,0,1,USC,2021,828
Brandon Morris,Dayton,MVC,SG,6-4,76,231,JR,2020,15,262.3658902241981,43.72764837069968,8.8,2.2,1.3,27.4,0.497,0.276,0.338,0.776,1.7,10.3,11.0,13.9,2.87,0.41,103.4,104.3,-2.75,-0.36,-2.75,0.79,0.79,0.98,0.19,-0.31,48.1,0,1,Iowa State,2020,829
Uriah Turner,Kansas,Big East,C,6-9,81,242,FR,2022,27,491.27507143093897,45.48843253990175,5.9,5.0,0.9,21.7,0.464,0.318,0.353,0.639,6.2,21.8,7.4,10.4,3.45,1.07,125.7,94.6,0.18,0.04,0.18,0.93,0.93,0.94,0.01,-0.31,48.1,0,1,Florida,2022,830
Mike Wilson,Penn State,Big East,W,6-6,78,178,R-SO,2023,25,281.89884420444236,28.189884420444233,4.1,3.2,1.2,12.6,0.565,0.314,0.454,0.839,8.9,9.2,10.0,12.2,3.61,1.88,133.9,101.9,2.31,0.33,2.31,0.93,0.93,1.0,0.07,-0.32,48.1,0,1,Iowa,2023,831
Damian Edwards,Baylor,Horizon,SG,6-4,76,182,R-JR,2023,29,497.3063964284597,42.87124107141894,5.3,2.2,0.6,21.4,0.452,0.441,0.559,0.609,2.5,9.5,5.4,7.2,2.35,1.67,94.3,101.5,-0.08,-0.02,-0.08,0.71,0.71,0.94,0.23,-0.32,48.1,0,1,Ohio State,2023,832
Wade Roberts,Rutgers,Big 12,C,6-9,81,219,R-FR,2020,28,431.5074480832266,38.52745072171667,18.6,4.4,0.9,32.1,0.405,0.235,0.085,0.814,4.6,19.9,7.1,11.1,2.25,1.52,107.1,104.2,-1.85,-0.4,-1.85,0.98,0.98,0.98,0.0,-0.33,48.0,0,1,Florida State,2020,833
Malik Murphy,William & Mary,Sun Belt,C,6-8,80,179,R-JR,2024,26,244.6731068314008,23.526260272250074,3.3,4.4,1.6,21.6,0.589,0.382,0.247,0.721,5.8,18.8,13.1,12.3,4.14,7.05,102.2,96.2,1.69,0.21,1.69,0.72,0.72,0.79,0.07,-0.33,48.0,0,1,Michigan State,2024,834
Zion Martin,Iowa State,Horizon,PF,6-10,82,183,R-JR,2022,37,150.5965457389581,10.17544227965933,6.3,4.8,1.3,20.3,0.551,0.414,0.03,0.778,6.6,20.0,10.7,4.0,0.77,8.47,109.0,111.2,2.43,0.18,2.43,0.71,0.71,0.76,0.05,-0.33,48.0,0,1,Florida State,2022,835
Marcus Carter,Florida State,MVC,SF,6-3,75,240,SR,2020,24,180.05390881027918,18.755615501070746,1.9,3.4,2.7,22.5,0.645,0.304,0.349,0.739,5.5,13.4,22.9,9.5,2.84,1.43,108.9,105.3,-1.62,-0.15,-1.62,0.79,0.79,0.79,0.0,-0.34,48.0,0,1,Miami,2020,836
Paul Lewis,Alabama,CAA,SG,6-3,75,212,JR,2023,27,147.37986571786846,13.6462838627656,3.3,1.5,3.0,16.1,0.524,0.37,0.28,0.686,0.2,8.2,25.3,17.2,2.03,0.34,123.5,98.0,-2.49,-0.18,-2.49,0.77,0.77,0.69,-0.08,-0.34,47.9,0,1,Kansas,2023,837
Cade Williams,Baylor,CUSA,W,6-5,77,200,R-JR,2023,21,385.1961261386412,45.85668168317157,1.5,2.4,1.2,15.6,0.473,0.378,0.444,0.667,6.0,7.5,10.3,8.8,2.35,1.64,101.6,101.6,0.06,0.01,0.06,0.74,0.74,0.86,0.12,-0.34,48.0,0,1,Penn State,2023,838
Elijah King,Austin Peay,SEC,SF,6-5,77,155,JR,2021,35,127.41067387536663,9.100762419669046,7.5,3.6,2.1,18.9,0.531,0.377,0.451,0.725,7.2,12.5,17.4,17.0,2.36,1.28,122.9,95.3,0.23,0.01,0.23,0.96,0.96,0.86,-0.1,-0.34,48.0,0,1,St. Bonaventure,2021,839
Andrej Evans,St. Bonaventure,ACC,PG,6-4,76,244,R-FR,2021,25,495.9837661481016,49.598376614810164,7.2,2.1,3.2,19.5,0.513,0.3,0.49,0.733,2.7,9.1,26.3,21.0,1.36,2.4,112.3,95.6,-0.59,-0.15,-0.59,0.94,0.94,0.72,-0.22,-0.34,48.0,0,1,Memphis,2021,840
Damian Walker,Virginia,ACC,PG,6-2,74,193,R-JR,2023,15,91.85326101903358,15.308876836505597,7.9,1.4,4.4,21.0,0.471,0.372,0.203,0.541,1.1,6.4,36.6,18.5,2.85,2.6,105.8,98.8,-0.4,-0.02,-0.4,0.94,0.94,0.72,-0.22,-0.34,48.0,0,1,Fordham,2023,841
Max Carter,Rutgers,Horizon,C,7-0,84,208,R-JR,2022,32,794.0916830234584,62.03841273620768,9.4,3.2,1.0,15.8,0.518,0.373,0.158,0.678,12.5,5.0,8.7,6.8,2.75,8.54,114.3,111.0,-0.96,-0.38,-0.96,0.71,0.71,0.71,0.0,-0.35,47.9,0,1,SMU,2022,842
Trevion Young,Rutgers,WAC,SF,6-7,79,216,FR,2023,26,331.08367186855133,31.83496844889917,4.9,3.9,2.2,20.7,0.485,0.427,0.25,0.751,7.6,14.0,18.6,13.7,2.69,1.62,99.4,93.0,0.76,0.13,0.76,0.7,0.7,0.79,0.09,-0.35,47.9,0,1,UNLV,2023,843
Will Davis,Creighton,A-10,C,7-0,84,184,JR,2020,21,102.4131277301118,12.192039015489499,11.5,4.0,1.5,21.4,0.584,0.269,0.182,0.485,7.8,14.2,12.7,15.5,2.78,5.49,99.7,102.1,1.37,0.07,1.37,0.86,0.86,0.93,0.07,-0.35,47.9,0,1,Richmond,2020,844
Chris Carter,Duquesne,MAAC,C,6-10,82,183,R-SO,2023,23,475.06919437362967,51.63795591017713,6.5,4.2,1.3,24.9,0.546,0.275,0.0,0.577,11.5,11.7,10.6,12.4,2.58,5.68,103.4,93.2,1.12,0.26,1.12,0.74,0.74,0.94,0.2,-0.35,47.9,0,1,Tulsa,2023,845
Cole Lopez,North Carolina,CUSA,W,6-9,81,170,R-JR,2020,28,292.0450051485319,26.07544688826178,9.3,3.3,1.3,27.0,0.543,0.263,0.409,0.758,4.7,13.7,10.9,18.9,0.44,1.24,115.4,97.3,1.44,0.21,1.44,0.74,0.74,0.7,-0.04,-0.35,47.9,0,1,Nevada,2020,846
Cameron Phillips,Minnesota,WAC,SF,6-5,77,199,R-JR,2024,20,250.64624340379038,31.330780425473797,9.5,2.2,1.4,18.4,0.546,0.338,0.386,0.624,5.4,6.6,11.6,9.5,1.32,0.1,107.5,102.1,-0.71,-0.09,-0.71,0.7,0.7,0.82,0.12,-0.36,47.8,0,1,Virginia,2024,847
Marcus Campbell,Boise State,Horizon,W,6-7,79,176,R-SO,2023,29,383.10787896372966,33.02654128997669,5.1,1.7,2.2,19.2,0.502,0.316,0.661,0.663,6.4,3.0,18.1,18.7,1.15,0.99,113.7,99.3,-0.65,-0.12,-0.65,0.71,0.71,0.96,0.25,-0.37,47.8,0,1,SMU,2023,848
Omar Williams,Gonzaga,A-10,SF,6-7,79,221,JR,2022,22,261.26233907854055,29.68890216801597,5.3,4.1,1.9,26.1,0.445,0.282,0.38,0.786,7.8,15.2,15.5,16.9,3.57,1.93,94.2,95.4,0.27,0.04,0.27,0.86,0.86,0.93,0.07,-0.37,47.8,0,1,USC,2022,849
Chris Robinson,Connecticut,Big 12,PG,6-4,76,192,R-SO,2022,31,301.50328843692927,24.31478132555881,8.5,1.4,3.1,16.1,0.455,0.327,0.394,0.705,2.2,5.6,26.1,23.9,2.51,0.92,93.8,108.0,-2.31,-0.35,-2.31,0.98,0.98,1.0,0.02,-0.37,47.8,0,1,Stanford,2022,850
Kofi Taylor,UCLA,A-10,SG,6-1,73,179,R-FR,2022,29,238.9422913377808,20.598473391187998,8.5,3.3,1.7,21.5,0.507,0.323,0.308,0.813,4.4,13.7,14.3,13.7,2.31,0.85,100.6,95.6,-2.61,-0.31,-2.61,0.86,0.86,0.83,-0.03,-0.38,47.7,0,1,Belmont,2022,851
Henry Young,Illinois,CUSA,PF,6-9,81,174,R-JR,2024,30,142.22126035298638,11.8517716960822,3.3,3.1,1.1,13.7,0.422,0.235,0.391,0.601,9.7,7.7,9.1,18.1,2.7,0.3,108.8,96.3,-0.19,-0.01,-0.19,0.74,0.74,0.71,-0.03,-0.38,47.7,0,1,Utah State,2024,852
Coleman White,Gonzaga,CUSA,W,6-5,77,185,R-FR,2022,36,167.41146119341136,11.625795916209121,11.0,3.2,2.2,19.2,0.555,0.372,0.519,0.632,7.6,10.3,18.1,13.5,1.19,2.13,108.1,100.0,0.13,0.01,0.13,0.74,0.74,0.74,0.0,-0.38,47.7,0,1,Pittsburgh,2022,853
Will Martinez,St. John's,A-10,G,6-0,72,209,R-JR,2023,12,218.3049430329183,45.48019646519131,4.5,1.7,1.1,25.5,0.504,0.386,0.197,0.674,0.2,9.2,8.8,23.7,3.38,1.03,114.3,97.3,-0.81,-0.09,-0.81,0.86,0.86,0.96,0.1,-0.38,47.7,0,1,Boston College,2023,854
Tyrese Rodriguez,Pittsburgh,MVC,SG,6-4,76,183,FR,2024,21,515.9602307549916,61.42383699464185,4.3,1.0,1.7,10.0,0.652,0.339,0.169,0.845,1.0,4.7,14.2,19.7,3.43,1.28,110.5,102.0,-1.03,-0.27,-1.03,0.79,0.79,0.82,0.03,-0.4,47.6,0,1,Creighton,2024,855
Elijah Carter,Rutgers,CUSA,F,6-7,79,278,JR,2020,23,251.8615275422964,27.376252993727867,3.7,3.9,0.6,17.4,0.546,0.313,0.19,0.608,12.3,9.5,5.2,14.0,5.01,0.1,109.5,84.6,-1.37,-0.17,-1.37,0.74,0.74,0.76,0.02,-0.4,47.6,0,1,TCU,2020,856
Henry Green,William & Mary,Horizon,SF,6-5,77,193,JR,2022,23,437.63432520905207,47.56894839228826,2.6,2.3,1.9,23.4,0.518,0.347,0.112,0.954,6.0,6.6,15.6,15.7,3.19,2.43,108.6,88.8,-0.07,-0.01,-0.07,0.71,0.71,0.79,0.08,-0.41,47.5,0,1,Virginia Tech,2022,857
Brandon Roberts,Dayton,Big Ten,PG,6-5,77,180,FR,2022,29,302.3169885820278,26.06180936051964,9.8,1.9,3.3,36.2,0.524,0.328,0.521,0.677,3.2,7.4,27.6,17.5,2.7,0.74,104.1,86.7,0.74,0.11,0.74,1.0,1.0,0.83,-0.17,-0.41,47.5,0,1,Saint Mary's,2022,858
Damian Green,Wisconsin,Sun Belt,PG,6-0,72,184,R-SO,2022,28,819.7941803599019,73.19590896070552,8.5,1.3,2.5,20.9,0.609,0.278,0.409,0.568,2.3,4.7,20.6,19.2,2.5,0.1,107.0,87.3,1.02,0.42,1.02,0.72,0.72,0.7,-0.02,-0.41,47.6,0,1,Oregon,2022,859
Will Evans,Virginia Tech,CAA,C,6-10,82,202,R-JR,2022,14,109.76204973671713,19.600366024413773,6.9,4.8,1.1,24.0,0.492,0.213,0.092,0.654,10.4,16.2,9.1,12.1,1.68,8.72,101.6,103.1,1.84,0.1,1.84,0.77,0.77,0.96,0.19,-0.41,47.6,0,1,Duquesne,2022,860
Kevin White,Purdue,CAA,PG,6-2,74,188,R-JR,2021,32,393.48458494455855,30.74098319879364,5.6,3.1,1.8,15.2,0.464,0.362,0.278,0.774,2.9,14.2,15.1,22.7,1.7,1.79,115.1,101.3,-0.8,-0.16,-0.8,0.77,0.77,0.93,0.16,-0.42,47.5,0,1,Connecticut,2021,861
Chris Hernandez,Davidson,A-10,SG,6-4,76,185,R-JR,2023,22,210.01501397930778,23.865342497648612,15.7,2.5,1.4,24.1,0.509,0.274,0.378,0.76,0.2,13.6,11.7,10.3,2.28,0.83,109.6,94.1,1.27,0.13,1.27,0.86,0.86,0.77,-0.09,-0.42,47.5,0,1,Nevada,2023,862
Owen Williams,Wichita State,A-10,PF,6-4,76,195,JR,2024,34,397.7946584282837,29.2496072373738,7.7,5.6,1.5,10.0,0.506,0.296,0.308,0.571,7.4,23.4,12.5,11.5,1.41,4.43,111.9,102.9,-1.4,-0.28,-1.4,0.86,0.86,0.69,-0.17,-0.42,47.5,0,1,Belmont,2024,863
Mike Nelson,Butler,ACC,F,6-10,82,206,R-JR,2024,23,468.5125584700959,50.925278094575646,5.8,5.8,1.8,17.1,0.524,0.264,0.266,0.67,9.2,22.8,15.1,13.0,2.32,0.39,123.2,101.2,0.13,0.03,0.13,0.94,0.94,0.96,0.02,-0.42,47.5,0,1,Hofstra,2024,864
DeShawn Hill,Villanova,OVC,C,6-8,80,216,R-JR,2020,37,461.2154659225002,31.16320715692569,9.8,3.5,0.2,30.7,0.577,0.281,0.0,0.636,6.4,13.2,1.0,15.6,0.34,6.82,129.0,94.6,0.78,0.18,0.78,0.69,0.69,0.86,0.17,-0.42,47.5,0,1,Michigan,2020,865
Evan Robinson,Iowa,Big 12,PF,6-7,79,220,FR,2023,25,377.25536352197923,37.72553635219792,3.6,4.9,0.2,18.0,0.554,0.259,0.033,0.747,14.5,12.8,1.0,14.4,3.49,10.96,110.1,97.3,0.26,0.05,0.26,0.98,0.98,0.76,-0.22,-0.42,47.5,0,1,Tennessee Tech,2023,866
Tyrese Morgan,Duquesne,MAC,C,6-10,82,209,R-JR,2020,31,599.8104171193851,48.371807832208475,8.3,5.4,0.5,22.5,0.448,0.277,0.049,0.739,9.5,20.6,4.0,4.0,1.71,3.44,111.6,81.9,-0.39,-0.12,-0.39,0.76,0.76,0.98,0.22,-0.43,47.4,0,1,Texas,2020,867
Quinn Perez,George Mason,Sun Belt,C,6-11,83,216,R-JR,2024,22,410.78545154978195,46.68016494883886,10.5,7.1,0.5,23.4,0.574,0.261,0.065,0.829,13.9,25.8,3.8,11.3,2.26,8.26,117.9,97.8,0.99,0.2,0.99,0.72,0.72,0.77,0.05,-0.43,47.4,0,1,Fordham,2024,868
Zach Collins,Wisconsin,AAC,C,6-10,82,244,SO,2024,30,96.0,8.0,8.0,5.5,2.2,19.7,0.53,0.29,0.36,0.793,11.6,19.0,18.1,10.6,0.58,3.84,111.1,106.5,-1.21,-0.06,-1.21,0.83,0.83,0.98,0.15,-0.43,47.4,0,1,Baylor,2024,869
Patrick Lewis,Stanford,Horizon,PG,6-0,72,212,R-FR,2024,18,247.98474683742893,34.44232594964291,11.3,1.9,2.8,22.2,0.5,0.287,0.518,0.766,2.7,8.1,23.4,18.0,0.91,1.07,110.6,107.7,0.05,0.01,0.05,0.71,0.71,0.94,0.23,-0.44,47.4,0,1,Arizona,2024,870
Will Anderson,Belmont,MAC,PF,6-6,78,214,R-JR,2021,25,186.80846503703452,18.680846503703453,7.9,5.6,1.7,24.0,0.58,0.278,0.321,0.77,7.8,23.5,14.1,16.1,2.76,5.8,104.6,87.3,1.31,0.12,1.31,0.76,0.76,0.94,0.18,-0.44,47.3,0,1,Alabama,2021,871
Flynn Johnson,USC,Big Ten,SG,6-6,78,215,R-JR,2022,37,118.4,8.0,2.7,2.4,1.7,18.9,0.553,0.366,0.19,0.682,3.6,9.7,14.0,15.3,3.28,2.22,96.0,98.0,-0.6,-0.04,-0.6,1.0,1.0,0.7,-0.3,-0.44,47.4,0,1,Oklahoma,2022,872
Cole Garcia,Rutgers,MAC,SF,6-6,78,191,R-FR,2021,29,701.1778772261829,60.44636872639507,1.6,3.3,1.5,21.8,0.35,0.413,0.334,0.61,7.9,10.6,12.2,7.3,0.55,2.34,97.1,109.6,0.8,0.28,0.8,0.76,0.76,0.76,0.0,-0.44,47.3,0,1,Georgetown,2021,873
Reed Morris,Seton Hall,WAC,SG,6-2,74,265,R-JR,2023,36,289.94121707829794,20.13480674154847,2.8,1.7,2.7,24.3,0.535,0.375,0.398,0.708,3.8,5.5,22.7,11.9,3.22,2.01,106.3,102.1,-0.27,-0.04,-0.27,0.7,0.7,0.7,0.0,-0.44,47.4,0,1,Ohio State,2023,874
Cade Cook,Illinois,CAA,PF,6-8,80,182,R-FR,2024,26,205.76397293491735,19.784997397588207,4.7,5.4,1.3,18.3,0.537,0.197,0.297,0.625,6.7,23.3,11.1,12.6,0.73,1.59,113.9,102.7,-0.11,-0.01,-0.11,0.77,0.77,0.74,-0.03,-0.45,47.3,0,1,UNLV,2024,875
Jordan Bailey,William & Mary,Big East,G,6-1,73,187,JR,2024,35,508.04110034059,36.28865002432786,5.7,1.9,1.3,19.9,0.569,0.501,0.408,0.574,0.6,10.1,11.1,18.9,1.86,3.41,102.0,104.3,-1.45,-0.37,-1.45,0.93,0.93,0.74,-0.19,-0.45,47.3,0,1,Providence,2024,876
Nathan Parker,Minnesota,MAC,SF,6-5,77,177,R-FR,2023,25,321.03963528036024,32.103963528036026,10.3,3.8,0.6,24.2,0.535,0.284,0.391,0.712,8.5,12.8,4.8,23.2,2.31,1.75,109.8,100.5,-0.15,-0.02,-0.15,0.76,0.76,1.0,0.24,-0.46,47.3,0,1,SMU,2023,877
Omar Bailey,Minnesota,OVC,SF,6-4,76,199,FR,2021,27,625.0248313235203,57.87266956699261,6.6,2.4,2.3,18.8,0.522,0.274,0.377,0.568,3.5,10.0,19.4,14.3,1.22,2.59,109.4,93.3,-0.15,-0.05,-0.15,0.69,0.69,0.82,0.13,-0.46,47.3,0,1,Memphis,2021,878
Zion Turner,Cincinnati,MAC,C,6-10,82,183,JR,2020,37,380.2165860620755,25.69030986905916,11.3,6.3,0.2,22.1,0.497,0.277,0.18,0.626,10.1,24.6,1.2,8.8,1.65,2.28,115.1,95.3,-0.6,-0.11,-0.6,0.76,0.76,0.98,0.22,-0.46,47.3,0,1,Alabama,2020,879
Cade Reed,Stanford,MVC,F,6-6,78,170,R-SO,2022,29,465.88311090037587,40.16233714658413,9.3,4.6,1.3,22.9,0.423,0.257,0.249,0.563,11.8,13.8,10.7,15.3,2.59,1.89,109.2,91.5,0.9,0.21,0.9,0.79,0.79,0.83,0.04,-0.47,47.2,0,1,Virginia Tech,2022,880
Tyrese Rivera,Wake Forest,A-10,SF,6-4,76,179,JR,2023,31,684.7702010763746,55.22340331261085,8.5,2.9,2.0,20.3,0.569,0.375,0.375,0.698,5.8,10.4,16.5,16.0,3.02,2.14,127.4,104.9,-0.69,-0.24,-0.69,0.86,0.86,1.0,0.14,-0.47,47.2,0,1,Oregon,2023,881
Kevin Rodriguez,DePaul,Big 12,C,6-9,81,205,SR,2024,29,338.7745245717608,29.20470039411731,12.0,4.3,1.5,17.7,0.544,0.368,0.036,0.688,11.2,12.7,12.5,12.7,3.53,6.03,109.6,99.5,0.27,0.05,0.27,0.98,0.98,0.71,-0.27,-0.47,47.2,0,1,George Mason,2024,882
Tyler Lewis,UCLA,Horizon,C,7-0,84,243,SO,2021,26,84.58345301986861,8.133024328833521,6.7,6.6,1.2,20.1,0.687,0.233,0.039,0.859,11.5,25.0,10.0,16.4,1.35,4.91,116.0,107.5,2.27,0.1,2.27,0.71,0.71,0.74,0.03,-0.48,47.1,0,1,Tulsa,2021,883
Kevin Jackson,Tulsa,WAC,G,6-4,76,210,FR,2021,26,376.03432816214877,36.15714693866815,8.0,1.9,3.5,20.5,0.577,0.214,0.283,0.951,2.6,7.8,29.2,25.3,1.25,1.52,111.5,90.4,-0.82,-0.15,-0.82,0.7,0.7,0.72,0.02,-0.48,47.1,0,1,Virginia,2021,884
DeShawn Morris,Duquesne,Big Ten,SG,6-4,76,173,FR,2024,28,263.70406650596175,23.5450059380323,14.6,1.5,2.5,29.8,0.591,0.353,0.365,0.691,2.4,5.9,20.7,12.3,2.52,1.8,92.9,91.7,0.69,0.09,0.69,1.0,1.0,0.74,-0.26,-0.48,47.1,0,1,Stanford,2024,885
Grant Walker,Minnesota,Ivy,SG,6-6,78,180,R-JR,2022,30,540.3136877306639,45.02614064422199,3.0,1.3,2.0,23.9,0.522,0.369,0.21,0.73,1.5,5.7,16.5,19.3,2.13,3.15,107.8,89.0,-3.75,-1.01,-3.75,0.71,0.71,0.86,0.15,-0.48,47.1,0,1,Tulsa,2022,886
Tyler Nelson,Butler,CUSA,G,6-2,74,228,JR,2021,31,494.71678486483563,39.896514908454485,8.0,2.3,3.2,21.0,0.45,0.342,0.21,0.841,5.5,7.2,26.3,18.2,1.95,1.16,99.7,101.8,-2.58,-0.64,-2.58,0.74,0.74,1.0,0.26,-0.48,47.1,0,1,Clemson,2021,887
Marcus Collins,BYU,MAC,PF,6-9,81,231,R-SO,2022,34,434.40422715235843,31.941487290614592,7.6,4.6,1.4,18.1,0.535,0.34,0.234,0.681,8.9,16.4,11.5,8.9,2.53,6.67,112.6,100.5,-0.56,-0.12,-0.56,0.76,0.76,0.96,0.2,-0.49,47.1,0,1,Villanova,2022,888
DeShawn Parker,Tennessee,MAAC,SG,6-2,74,197,JR,2021,32,478.1965252715306,37.359103536838326,9.2,1.7,1.8,23.9,0.555,0.355,0.369,0.645,0.2,9.0,14.9,16.2,0.86,2.15,127.5,99.5,-0.82,-0.2,-0.82,0.74,0.74,0.83,0.09,-0.49,47.1,0,1,Illinois,2021,889
Grant Edwards,Texas,ACC,W,6-5,77,183,R-JR,2023,34,145.6432701902864,10.709063984579881,2.0,2.8,2.1,17.4,0.472,0.23,0.46,0.701,6.7,8.8,17.2,19.7,0.2,1.94,97.7,100.9,0.65,0.05,0.65,0.94,0.94,1.0,0.06,-0.49,47.1,0,1,Clemson,2023,890
Marcus Walker,Oregon,CUSA,PF,6-10,82,217,R-FR,2024,30,429.9828322370106,35.83190268641755,9.9,6.4,1.1,22.5,0.568,0.337,0.323,0.67,16.0,19.8,8.9,9.1,1.99,5.5,112.1,110.0,-0.59,-0.13,-0.59,0.74,0.74,0.69,-0.05,-0.49,47.1,0,1,Iowa State,2024,891
Mike Davis,Butler,Big 12,PG,6-2,74,176,FR,2021,28,151.26924924698915,13.506182968481173,8.3,2.0,3.7,17.5,0.566,0.317,0.275,0.611,2.1,9.0,30.8,12.0,2.17,2.68,101.9,105.7,-1.33,-0.1,-1.33,0.98,0.98,0.71,-0.27,-0.49,47.1,0,1,Marquette,2021,892
Ben King,Nebraska,WCC,SF,6-8,80,222,R-JR,2024,22,463.0542551272009,52.61980171900011,3.2,5.4,2.4,24.2,0.462,0.25,0.445,0.632,10.9,19.2,20.4,23.4,1.59,2.29,101.7,104.0,0.29,0.07,0.29,0.82,0.82,0.7,-0.12,-0.49,47.1,0,1,Georgetown,2024,893
Damian Perez,Alabama,A-10,W,6-8,80,218,R-SO,2024,29,358.1675033988966,30.87650891369798,14.0,2.4,2.5,28.7,0.537,0.183,0.657,0.93,1.1,12.2,20.9,17.7,3.88,1.87,94.5,106.4,1.06,0.19,1.06,0.86,0.86,0.71,-0.15,-0.49,47.1,0,1,Wake Forest,2024,894
Kyle Jackson,Pittsburgh,OVC,F,6-8,80,208,R-FR,2024,32,239.3380493202169,18.698285103141945,4.5,5.7,0.7,10.3,0.574,0.372,0.054,0.845,13.0,18.6,5.6,15.8,2.62,0.73,115.7,92.5,-0.3,-0.04,-0.3,0.69,0.69,0.83,0.14,-0.5,47.0,0,1,Illinois,2024,895
Luka Collins,Iowa,OVC,W,6-3,75,197,R-FR,2022,29,595.4787670731318,51.334376471821706,9.9,4.8,1.4,21.1,0.602,0.411,0.476,0.846,5.4,21.6,11.6,10.9,0.99,3.83,118.6,97.2,2.65,0.79,2.65,0.69,0.69,0.93,0.24,-0.5,47.0,0,1,Georgetown,2022,896
Malik Phillips,Eastern Kentucky,A-10,PF,6-10,82,208,SR,2024,33,168.43800849379699,12.760455188924013,8.4,6.1,0.7,21.3,0.458,0.287,0.0,0.606,9.7,24.2,6.0,8.9,2.83,6.5,116.6,99.9,-1.97,-0.17,-1.97,0.86,0.86,0.96,0.1,-0.51,46.9,0,1,Boston College,2024,897
Owen Hernandez,Tennessee,Sun Belt,G,6-2,74,197,JR,2022,24,518.7131857536126,54.032623516001316,10.1,2.4,1.0,24.9,0.494,0.361,0.692,0.805,1.5,11.9,8.5,21.9,1.55,2.1,125.6,89.1,0.42,0.11,0.42,0.72,0.72,0.74,0.02,-0.51,47.0,0,1,TCU,2022,898
Paul Gonzalez,Minnesota,WAC,PG,6-2,74,189,R-FR,2020,23,109.23047816521586,11.872878061436506,1.1,1.0,1.8,20.2,0.522,0.282,0.273,0.604,3.2,2.1,14.9,8.7,2.62,0.1,110.7,109.0,1.54,0.08,1.54,0.7,0.7,0.98,0.28,-0.52,46.9,0,1,Davidson,2020,899
Max Wright,Georgetown,MAAC,W,6-8,80,187,R-FR,2022,30,542.4058250995256,45.20048542496047,12.7,2.9,1.5,33.4,0.512,0.402,0.332,0.676,6.1,9.8,12.3,7.9,0.2,3.48,106.2,97.2,-0.55,-0.15,-0.55,0.74,0.74,0.76,0.02,-0.52,46.9,0,1,Saint Mary's,2022,900
Wade Johnson,Dayton,MAAC,G,6-2,74,200,JR,2022,26,349.46895283001913,33.60278392596338,15.7,0.7,2.0,25.3,0.462,0.268,0.605,0.563,2.1,2.0,16.7,19.2,2.51,1.26,105.2,113.2,-2.08,-0.36,-2.08,0.74,0.74,0.96,0.22,-0.53,46.8,0,1,Saint Louis,2022,901
Reed Moore,Georgetown,A-10,W,6-8,80,196,JR,2023,31,404.9018509787158,32.65337507892869,6.6,2.6,1.4,19.4,0.509,0.342,0.357,0.719,7.2,7.1,12.0,17.1,1.65,0.97,118.3,94.1,-0.45,-0.09,-0.45,0.86,0.86,0.74,-0.12,-0.54,46.8,0,1,Memphis,2023,902
Flynn Campbell,Nebraska,Horizon,SF,6-8,80,209,R-FR,2021,37,169.3079675537709,11.439727537416953,8.4,4.5,3.0,21.3,0.476,0.348,0.393,0.661,6.1,19.0,25.4,13.3,1.75,0.69,131.0,99.9,1.36,0.11,1.36,0.71,0.71,0.83,0.12,-0.54,46.7,0,1,Fordham,2021,903
Trevion Robinson,Fordham,Horizon,SF,6-7,79,175,R-JR,2020,27,228.00832924911188,21.11188233788073,9.2,3.3,1.9,21.0,0.622,0.344,0.222,0.61,3.8,14.5,15.6,6.1,2.65,2.22,117.2,102.6,1.68,0.19,1.68,0.71,0.71,0.98,0.27,-0.55,46.7,0,1,UCLA,2020,904
Ivan Rogers,Georgia,WCC,F,6-7,79,213,R-FR,2024,34,114.85826331627996,8.445460537961761,2.1,4.5,1.0,17.2,0.46,0.324,0.353,0.596,6.7,18.5,8.3,15.0,5.64,1.92,103.3,90.9,-2.58,-0.15,-2.58,0.82,0.82,0.93,0.11,-0.55,46.7,0,1,North Carolina,2024,905
Omar Scott,William & Mary,CUSA,F,6-7,79,185,R-FR,2021,24,327.16815939117913,34.08001660324783,10.6,5.7,1.3,22.2,0.5,0.261,0.212,0.843,7.9,23.9,11.2,6.9,1.1,0.67,103.2,98.5,0.48,0.08,0.48,0.74,0.74,1.0,0.26,-0.55,46.7,0,1,Ohio State,2021,906
Uriah Parker,USC,CUSA,SF,6-6,78,225,R-JR,2020,34,363.4386910646862,26.72343316652105,3.2,2.9,1.2,17.3,0.555,0.326,0.299,0.593,2.9,13.1,10.3,13.8,1.18,2.29,116.2,108.4,1.87,0.34,1.87,0.74,0.74,0.98,0.24,-0.56,46.6,0,1,Richmond,2020,907
Ben Jackson,Marquette,WCC,PG,6-2,74,209,R-JR,2023,32,442.66261604982327,34.583016878892444,4.7,1.7,2.3,19.2,0.557,0.339,0.363,0.681,2.0,7.6,19.2,12.3,3.06,2.02,126.2,100.9,-1.47,-0.33,-1.47,0.82,0.82,0.98,0.16,-0.56,46.7,0,1,DePaul,2023,908
Patrick Perez,Iowa State,SEC,PF,6-10,82,193,R-FR,2021,31,312.39951120864754,25.193508968439314,8.3,3.8,1.7,17.1,0.535,0.238,0.152,0.512,9.5,11.7,13.8,6.0,2.57,0.3,105.5,100.5,0.89,0.14,0.89,0.96,0.96,0.71,-0.25,-0.56,46.6,0,1,Wichita State,2021,909
Uriah Moore,Texas,SEC,W,6-4,76,207,R-FR,2022,27,301.14834969066607,27.88410645283945,6.0,4.2,1.4,19.1,0.549,0.315,0.411,0.665,5.3,17.7,11.8,13.5,1.44,2.61,97.5,93.2,0.78,0.12,0.78,0.96,0.96,0.96,0.0,-0.56,46.7,0,1,George Mason,2022,910
Brandon Campbell,Virginia Tech,A-10,SG,6-5,77,204,R-JR,2021,29,253.14643695010173,21.822968702594977,1.4,2.6,2.9,19.3,0.476,0.317,0.277,0.811,4.5,9.9,24.2,8.7,1.99,1.15,115.2,91.0,0.19,0.02,0.19,0.86,0.86,0.83,-0.03,-0.56,46.6,0,1,Providence,2021,911
Mike Walker,Nevada,Big Ten,PF,6-8,80,185,R-JR,2024,31,422.777072368132,34.09492519097839,16.9,4.3,1.3,26.0,0.553,0.425,0.161,0.681,7.2,16.6,10.5,14.2,3.93,2.73,113.9,93.0,0.98,0.21,0.98,1.0,1.0,0.7,-0.3,-0.56,46.6,0,1,USC,2024,912
Victor Clark,St. John's,ACC,G,6-5,77,242,JR,2021,27,470.6000599833612,43.574079628088995,4.5,1.7,3.0,21.2,0.509,0.334,0.33,0.637,0.2,9.4,24.8,19.0,2.55,1.27,124.6,103.2,2.87,0.67,2.87,0.94,0.94,0.98,0.04,-0.57,46.6,0,1,Fordham,2021,913
Kofi Nelson,Boston College,Sun Belt,SF,6-2,74,250,R-JR,2022,28,445.1064025713273,39.741643086725645,8.1,2.8,1.0,22.9,0.511,0.305,0.506,0.585,1.1,14.5,8.6,11.0,1.16,2.1,103.8,107.5,0.4,0.09,0.4,0.72,0.72,0.93,0.21,-0.57,46.6,0,1,Boise State,2022,914
Patrick Brown,Kansas,Big Ten,PG,6-4,76,195,R-FR,2021,25,145.0764453316208,14.507644533162079,6.3,1.3,1.6,23.7,0.552,0.351,0.336,0.656,1.1,6.3,12.9,24.8,4.04,0.1,113.3,99.6,-0.64,-0.05,-0.64,1.0,1.0,0.69,-0.31,-0.57,46.6,0,1,UNLV,2021,915
Elijah Johnson,Louisville,Sun Belt,SG,6-1,73,224,FR,2020,31,170.95673854358097,13.786833753514593,4.8,2.2,1.3,22.9,0.432,0.341,0.541,0.695,2.6,9.5,10.7,11.2,2.67,1.47,105.4,98.6,0.56,0.05,0.56,0.72,0.72,1.0,0.28,-0.57,46.6,0,1,DePaul,2020,916
Trevion Cooper,Alabama,AAC,W,6-6,78,192,R-SO,2022,28,181.93577699459217,16.244265803088588,4.2,2.5,1.1,24.1,0.538,0.291,0.328,0.457,3.9,9.9,8.9,14.7,2.14,0.1,112.5,93.1,0.03,0.0,0.03,0.83,0.83,0.77,-0.06,-0.57,46.6,0,1,Memphis,2022,917
Sean Morgan,Illinois,MAC,PF,6-5,77,206,R-JR,2022,20,414.32682474025023,51.79085309253127,2.7,4.5,1.5,19.0,0.533,0.345,0.268,0.704,10.2,14.7,12.2,16.9,2.3,3.48,109.5,103.7,-0.56,-0.12,-0.56,0.76,0.76,0.93,0.17,-0.57,46.6,0,1,UNLV,2022,918
Isaiah Martinez,St. Bonaventure,CAA,G,6-3,75,230,JR,2021,28,250.79180395401752,22.39212535303728,4.0,2.3,0.6,20.6,0.444,0.386,0.259,0.645,3.2,9.4,5.0,28.1,2.73,2.2,107.7,87.8,-1.09,-0.14,-1.09,0.77,0.77,1.0,0.23,-0.58,46.5,0,1,Northwestern,2021,919
Jordan Green,Florida State,Horizon,SG,6-4,76,215,FR,2023,27,99.63077093218166,9.225071382609414,6.1,2.2,1.3,24.4,0.578,0.4,0.327,0.501,2.9,9.4,10.7,15.4,2.32,0.1,119.8,90.1,0.64,0.03,0.64,0.71,0.71,0.82,0.11,-0.58,46.5,0,1,Dayton,2023,920
Kofi Mitchell,Pittsburgh,CAA,SG,6-7,79,205,R-JR,2022,29,485.05065678886797,41.81471179214379,4.5,2.5,1.5,21.9,0.533,0.423,0.226,0.662,2.0,11.8,12.1,10.8,2.09,1.6,120.2,96.6,-2.23,-0.54,-2.23,0.77,0.77,0.71,-0.06,-0.58,46.5,0,1,SMU,2022,921
Cameron Adams,Virginia,MVC,C,7-0,84,197,R-JR,2020,27,484.47692320829896,44.85897437113879,8.6,5.6,0.9,22.3,0.639,0.337,0.136,0.75,12.1,19.1,7.5,15.8,4.16,0.78,109.0,98.6,0.41,0.1,0.41,0.79,0.79,0.98,0.19,-0.58,46.5,0,1,Oklahoma,2020,922
Alex Collins,Saint Mary's,MVC,SG,6-3,75,238,JR,2024,31,557.803477741041,44.984151430729106,4.8,1.0,0.6,19.2,0.401,0.298,0.15,0.793,0.2,5.5,5.3,13.4,3.34,0.28,103.8,103.6,-0.85,-0.24,-0.85,0.79,0.79,0.72,-0.07,-0.59,46.4,0,1,SMU,2024,923
Andrej Parker,Nebraska,WCC,W,6-10,82,240,JR,2022,31,241.2550264468348,19.456050519906032,9.7,2.5,1.9,23.8,0.456,0.332,0.295,0.609,9.0,5.0,16.2,13.4,1.93,0.21,102.9,112.6,0.62,0.07,0.62,0.82,0.82,1.0,0.18,-0.59,46.4,0,1,USC,2022,924
Nick Mitchell,Connecticut,A-10,PG,6-4,76,213,R-SO,2024,26,589.8537518812913,56.71670691166261,5.4,2.9,3.2,18.4,0.562,0.428,0.197,0.773,1.4,14.6,26.9,9.5,1.27,2.19,116.5,102.1,0.16,0.05,0.16,0.86,0.86,0.86,0.0,-0.59,46.5,0,1,Notre Dame,2024,925
Flynn Collins,William & Mary,A-10,G,6-1,73,219,R-FR,2021,23,342.91781035704815,37.27367503880958,7.8,2.3,3.3,17.1,0.533,0.412,0.343,0.716,4.1,8.6,27.6,12.0,2.75,1.3,117.5,101.5,0.16,0.03,0.16,0.86,0.86,0.83,-0.03,-0.6,46.4,0,1,Connecticut,2021,926
Sean Clark,TCU,MVC,PF,6-11,83,220,R-JR,2022,31,438.6519843661049,35.37516002952459,15.6,4.2,1.6,25.7,0.5,0.345,0.037,0.704,6.7,16.4,13.6,14.2,1.48,5.06,104.0,95.9,2.59,0.57,2.59,0.79,0.79,0.96,0.17,-0.62,46.3,0,1,Boston College,2022,927
Zach Murphy,Virginia,CAA,PG,6-4,76,175,R-JR,2020,23,339.59469754502805,36.91246712445957,7.5,2.4,2.7,18.8,0.533,0.369,0.087,0.83,0.2,13.4,22.5,20.6,2.16,1.58,103.0,102.7,0.25,0.04,0.25,0.77,0.77,0.77,0.0,-0.62,46.3,0,1,Purdue,2020,928
Trevion Wilson,Eastern Kentucky,Horizon,W,6-7,79,217,JR,2022,20,339.65051518362554,42.4563143979532,8.4,3.7,1.6,19.0,0.521,0.332,0.567,0.815,8.0,12.4,13.1,18.8,3.91,3.1,114.3,99.4,0.45,0.08,0.45,0.71,0.71,0.94,0.23,-0.63,46.2,0,1,Clemson,2022,929
Darius Rodriguez,Boston College,MVC,F,6-6,78,192,FR,2022,34,279.5330885881577,20.553903572658655,8.9,4.4,1.2,22.1,0.543,0.171,0.0,0.617,7.1,17.5,10.3,15.6,3.67,1.69,104.1,103.2,-0.33,-0.05,-0.33,0.79,0.79,0.74,-0.05,-0.63,46.2,0,1,Texas,2022,930
Coleman Anderson,North Carolina,Sun Belt,C,6-9,81,213,R-FR,2022,28,204.68874799842354,18.275781071287817,5.6,4.1,0.7,19.5,0.461,0.335,0.338,0.666,4.3,18.4,5.6,10.0,2.87,5.71,115.9,97.1,-0.06,-0.01,-0.06,0.72,0.72,0.98,0.26,-0.63,46.2,0,1,Xavier,2022,931
Sean Williams,St. John's,AAC,F,6-7,79,229,FR,2020,26,156.99329693033775,15.095509320224783,1.0,6.1,1.1,10.0,0.584,0.367,0.052,0.724,6.1,28.0,9.5,9.5,1.9,1.59,113.1,101.3,-0.48,-0.04,-0.48,0.83,0.83,0.74,-0.09,-0.63,46.2,0,1,Florida,2020,932
Andre Adams,Purdue,Horizon,SG,6-2,74,201,R-SO,2020,25,80.0,8.0,5.8,2.3,1.5,20.0,0.565,0.322,0.145,0.684,4.9,8.1,12.2,17.0,3.47,2.88,114.0,89.3,1.14,0.05,1.14,0.71,0.71,0.83,0.12,-0.64,46.1,0,1,Fordham,2020,933
Evan White,Florida State,Big Ten,PF,6-6,78,213,R-JR,2024,30,96.0,8.0,3.0,4.3,1.1,10.8,0.553,0.406,0.312,0.619,4.7,19.0,9.5,14.2,2.69,5.97,102.2,97.2,-0.09,-0.0,-0.09,1.0,1.0,0.94,-0.06,-0.64,46.2,0,1,William & Mary,2024,934
Kofi Evans,Rutgers,Ivy,C,7-0,84,202,R-JR,2023,31,384.48169457087516,31.00658827184477,6.1,4.3,1.1,10.0,0.528,0.276,0.077,0.808,3.1,20.9,9.1,12.9,3.0,3.99,111.3,109.6,0.73,0.14,0.73,0.71,0.71,0.93,0.22,-0.64,46.2,0,1,Villanova,2023,935
Jake Williams,Maryland,Big Ten,PG,6-3,75,193,JR,2021,23,259.9513309585663,28.255579452018075,3.2,2.8,3.2,20.0,0.522,0.37,0.285,0.639,3.2,12.2,26.4,27.2,2.76,2.02,115.9,106.9,2.04,0.27,2.04,1.0,1.0,1.0,0.0,-0.64,46.2,0,1,Virginia,2021,936
Wade Harris,St. Bonaventure,Horizon,W,6-7,79,196,FR,2023,34,623.1372652803093,45.81891656472863,3.9,2.4,1.6,19.3,0.454,0.332,0.264,0.735,3.8,9.8,13.5,8.0,0.2,2.42,103.2,112.0,1.54,0.48,1.54,0.71,0.71,0.93,0.22,-0.64,46.1,0,1,Davidson,2023,937
Isaiah Roberts,DePaul,Sun Belt,SF,6-5,77,260,R-JR,2023,31,288.63421523289236,23.276952841362288,5.1,4.4,0.8,20.8,0.524,0.287,0.537,0.62,7.3,17.2,6.3,12.4,1.7,1.77,102.9,92.1,-0.86,-0.12,-0.86,0.72,0.72,0.74,0.02,-0.64,46.2,0,1,Memphis,2023,938
Mike Green,Vanderbilt,MAAC,PG,6-2,74,217,R-JR,2020,26,473.8657726509536,45.56401660105323,5.9,1.4,3.5,26.9,0.431,0.346,0.509,0.78,1.1,6.4,29.2,27.2,2.26,0.87,122.1,95.3,-0.78,-0.18,-0.78,0.74,0.74,0.77,0.03,-0.65,46.1,0,1,LSU,2020,939
Grant Martinez,Texas,Big Ten,W,6-4,76,209,SO,2023,27,483.9612713154426,44.811228825503946,1.0,2.7,2.2,18.7,0.523,0.332,0.277,0.693,5.1,10.2,18.0,8.4,2.54,0.58,103.7,93.4,-0.08,-0.02,-0.08,1.0,1.0,0.74,-0.26,-0.66,46.0,0,1,Georgetown,2023,940
Ryan Brown,Nebraska,AAC,F,6-6,78,214,R-FR,2021,26,174.5655212872597,16.785146277621127,11.4,4.7,1.4,19.1,0.632,0.275,0.173,0.621,1.0,25.2,11.4,15.9,2.43,2.66,100.3,99.0,1.46,0.13,1.46,0.83,0.83,0.71,-0.12,-0.66,46.0,0,1,Dayton,2021,941
Victor Nelson,Iowa State,Sun Belt,F,6-8,80,179,R-JR,2020,21,243.2024232957724,28.952669439972905,5.7,3.2,0.5,21.0,0.573,0.229,0.171,0.799,5.7,12.3,4.6,20.4,3.09,0.52,112.4,100.6,-0.44,-0.05,-0.44,0.72,0.72,0.69,-0.03,-0.67,46.0,0,1,Davidson,2020,942
Eric Garcia,Eastern Kentucky,AAC,F,6-7,79,222,FR,2021,22,456.9484817218464,51.925963832027996,5.8,4.1,1.8,18.3,0.545,0.298,0.03,0.699,9.6,13.1,14.8,6.6,2.74,0.1,108.9,101.6,0.62,0.14,0.62,0.83,0.83,1.0,0.17,-0.67,46.0,0,1,Air Force,2021,943
Ivan Murphy,Nevada,Horizon,C,6-9,81,211,R-JR,2024,23,131.75620397732018,14.321326519273933,7.5,4.6,0.9,17.9,0.521,0.433,0.166,0.773,7.9,17.8,7.6,12.0,1.7,4.59,106.0,112.8,-0.08,-0.01,-0.08,0.71,0.71,0.79,0.08,-0.67,46.0,0,1,Marquette,2024,944
Luke Young,Northwestern,AAC,W,6-6,78,236,SO,2021,26,268.75607832750774,25.841930608414206,7.9,3.9,2.0,24.5,0.568,0.311,0.322,0.772,6.2,15.7,16.5,13.9,2.4,0.1,106.3,107.5,2.14,0.29,2.14,0.83,0.83,0.94,0.11,-0.67,46.0,0,1,Tennessee Tech,2021,945
Flynn Wright,Creighton,Big Ten,SF,6-6,78,201,R-JR,2020,25,323.3488952731412,32.33488952731412,2.0,3.6,1.4,10.0,0.587,0.359,0.491,0.625,7.9,11.9,11.3,17.9,1.11,2.37,95.9,99.7,-0.46,-0.07,-0.46,1.0,1.0,0.77,-0.23,-0.68,45.9,0,1,Wisconsin,2020,946
Zion Carter,Syracuse,Horizon,C,6-8,80,227,R-FR,2022,29,509.90589936660353,43.95740511781065,6.1,5.6,0.9,13.9,0.619,0.177,0.076,0.75,7.0,24.4,7.4,15.8,1.37,7.46,123.3,95.8,0.97,0.25,0.97,0.71,0.71,0.82,0.11,-0.68,45.9,0,1,George Mason,2022,947
Evan Rogers,Kentucky,MVC,F,6-7,79,195,FR,2020,33,105.60000000000001,8.0,11.3,3.0,1.3,21.3,0.569,0.27,0.287,0.705,7.9,9.0,10.8,16.9,0.8,0.61,107.6,97.2,-2.24,-0.12,-2.24,0.79,0.79,0.69,-0.1,-0.68,45.9,0,1,Cincinnati,2020,948
Omar Lee,Florida State,SEC,C,6-6,78,235,R-JR,2023,22,238.79423530096122,27.135708556927412,5.0,4.6,1.2,25.0,0.514,0.286,0.064,0.588,5.7,20.0,10.4,9.2,0.2,5.55,103.1,102.3,-1.79,-0.21,-1.79,0.96,0.96,0.7,-0.26,-0.68,45.9,0,1,Maryland,2023,949
Coleman Adams,Hofstra,AAC,G,6-2,74,199,R-FR,2024,22,277.76206737646487,31.5638712927801,5.6,2.1,2.7,19.2,0.576,0.418,0.416,0.706,1.8,9.8,22.2,22.3,3.8,0.77,116.4,102.2,0.37,0.05,0.37,0.83,0.83,0.79,-0.04,-0.69,45.9,0,1,Saint Mary's,2024,950
Jordan Wilson,San Diego State,SEC,G,6-1,73,192,JR,2022,29,331.7078406439288,28.59550350378697,7.2,1.5,2.3,13.5,0.471,0.218,0.492,0.785,0.2,8.2,19.4,24.1,1.99,2.05,106.0,94.0,-0.55,-0.09,-0.55,0.96,0.96,0.98,0.02,-0.69,45.8,0,1,Villanova,2022,951
Flynn White,DePaul,MAC,PF,6-6,78,208,R-JR,2023,31,304.7441571463621,24.576141705351784,5.8,5.8,0.9,16.6,0.584,0.46,0.188,0.649,13.5,18.7,7.5,10.1,4.3,2.02,120.7,94.1,-1.08,-0.16,-1.08,0.76,0.76,0.77,0.01,-0.7,45.8,0,1,Northwestern,2023,952
Alex Lopez,Stanford,Big 12,W,6-7,79,216,JR,2022,33,105.60000000000001,8.0,8.4,3.7,1.6,35.1,0.508,0.388,0.586,0.615,5.3,15.2,13.6,14.2,2.44,0.78,103.1,97.0,-0.79,-0.04,-0.79,0.98,0.98,0.77,-0.21,-0.7,45.8,0,1,Saint Louis,2022,953
Sam Martinez,Hofstra,Sun Belt,F,6-7,79,220,FR,2021,28,567.2954622497726,50.65138055801542,5.2,4.0,0.4,13.9,0.513,0.257,0.0,0.678,6.5,16.0,3.5,14.5,2.79,3.19,123.5,100.1,0.08,0.02,0.08,0.72,0.72,0.76,0.04,-0.71,45.8,0,1,Houston,2021,954
Victor Reed,Georgia,MAC,F,6-9,81,208,FR,2022,27,384.99651321023543,35.647825297244026,1.0,4.9,1.3,16.1,0.63,0.246,0.196,0.736,9.3,17.8,11.1,14.1,2.16,3.34,116.1,97.3,2.61,0.5,2.61,0.76,0.76,0.71,-0.05,-0.71,45.7,0,1,UNLV,2022,955
Quinn Cooper,Stanford,Horizon,SF,6-8,80,190,R-FR,2024,30,259.2897630893415,21.607480257445125,9.0,3.0,1.2,22.9,0.512,0.463,0.059,0.723,6.2,10.5,10.3,17.8,2.16,1.5,107.8,98.2,-0.15,-0.02,-0.15,0.71,0.71,0.72,0.01,-0.72,45.7,0,1,Creighton,2024,956
Sam Hernandez,Georgia,A-10,F,6-8,80,229,R-SO,2023,31,173.19996049713436,13.967738749768898,2.4,5.9,1.2,17.5,0.519,0.24,0.37,0.742,10.6,22.4,10.4,8.3,0.63,3.04,112.0,99.0,3.07,0.27,3.07,0.86,0.86,0.96,0.1,-0.72,45.7,0,1,Providence,2023,957
Kyle White,Miami,CUSA,SF,6-7,79,183,R-JR,2023,28,494.1533944795989,44.120838792821324,7.2,3.3,1.2,19.0,0.496,0.348,0.323,0.796,5.5,13.0,9.9,18.3,3.64,0.14,113.1,98.4,-0.78,-0.19,-0.78,0.74,0.74,0.71,-0.03,-0.72,45.7,0,1,USC,2023,958
Kyle Clark,Penn State,Big Ten,C,6-10,82,198,R-FR,2024,28,89.60000000000001,8.0,4.6,4.7,1.2,12.9,0.549,0.327,0.194,0.824,7.1,18.9,10.4,4.0,1.85,4.72,92.1,102.0,-0.75,-0.03,-0.75,1.0,1.0,0.7,-0.3,-0.72,45.7,0,1,St. John's,2024,959
Coleman Martinez,Providence,A-10,G,6-2,74,211,JR,2024,29,315.2496156354367,27.176691003054888,12.9,2.8,1.5,19.5,0.532,0.374,0.36,0.574,4.5,10.9,12.4,18.9,3.5,1.2,116.8,105.2,-0.43,-0.07,-0.43,0.86,0.86,0.71,-0.15,-0.72,45.7,0,1,Arizona,2024,960
Ivan Johnson,Hofstra,MAC,G,6-1,73,224,R-SO,2023,33,583.759316095303,44.22419061328053,8.4,3.1,2.4,22.2,0.592,0.211,0.285,0.819,4.9,12.1,20.3,11.5,2.16,1.51,124.4,100.3,0.21,0.06,0.21,0.76,0.76,0.98,0.22,-0.72,45.7,0,1,Wichita State,2023,961
Uriah Adams,Creighton,ACC,F,6-9,81,209,R-JR,2020,28,472.73950646447304,42.20888450575652,8.6,6.8,0.5,20.8,0.62,0.326,0.032,0.576,15.2,22.6,3.8,14.3,2.94,3.11,105.5,97.3,0.05,0.01,0.05,0.94,0.94,0.74,-0.2,-0.72,45.7,0,1,Xavier,2020,962
Alex Moore,Illinois,MVC,W,6-4,76,217,JR,2021,25,350.05963568139174,35.00596356813917,3.2,3.9,1.8,17.5,0.473,0.38,0.41,0.555,7.3,14.2,14.9,20.6,2.22,1.93,113.2,104.1,-1.87,-0.33,-1.87,0.79,0.79,0.86,0.07,-0.73,45.6,0,1,Texas,2021,963
Marcus Bell,Butler,AAC,SF,6-4,76,203,R-JR,2022,27,209.24656485961592,19.37468193144592,14.1,2.3,2.0,20.5,0.581,0.415,0.55,0.679,1.6,11.1,16.6,14.2,2.83,2.36,115.9,97.0,0.83,0.09,0.83,0.83,0.83,0.71,-0.12,-0.73,45.6,0,1,Air Force,2022,964
Omar Jackson,Northwestern,CAA,SF,6-5,77,202,R-FR,2022,27,86.88166828246162,8.044598915042743,6.4,3.9,1.7,23.5,0.418,0.343,0.672,0.734,7.2,14.3,14.4,14.5,2.14,0.1,117.3,105.7,-0.29,-0.01,-0.29,0.77,0.77,0.94,0.17,-0.73,45.6,0,1,Pittsburgh,2022,965
DeShawn Carter,Cincinnati,AAC,F,6-7,79,274,JR,2020,33,275.46612911822547,20.86864614532011,3.5,4.5,1.4,16.5,0.569,0.234,0.09,0.766,5.0,19.8,12.0,11.7,3.21,1.2,109.7,92.8,1.76,0.24,1.76,0.83,0.83,0.69,-0.14,-0.73,45.6,0,1,Tulsa,2020,966
Blake Wright,Penn State,Big Ten,PF,6-6,78,170,R-FR,2023,35,549.0921156946418,39.22086540676013,1.0,4.5,1.0,11.9,0.556,0.222,0.089,0.603,7.3,17.5,8.1,8.8,3.31,4.04,99.7,95.3,-2.16,-0.59,-2.16,1.0,1.0,0.76,-0.24,-0.73,45.6,0,1,Auburn,2023,967
Cade Jackson,Vanderbilt,ACC,G,6-4,76,212,R-JR,2021,20,327.565880854045,40.94573510675563,5.7,1.6,3.5,18.9,0.516,0.354,0.378,0.569,0.6,8.1,29.2,7.0,2.55,2.69,109.1,101.5,-2.13,-0.35,-2.13,0.94,0.94,0.83,-0.11,-0.73,45.6,0,1,Mississippi State,2021,968
Jordan Cook,North Carolina,SEC,C,6-11,83,201,R-JR,2022,31,285.6378308176648,23.03530893690845,3.9,5.0,0.8,10.9,0.591,0.4,0.343,0.718,7.7,20.0,6.4,11.4,0.72,0.3,130.5,98.5,0.14,0.02,0.14,0.96,0.96,0.83,-0.13,-0.74,45.6,0,1,St. John's,2022,969
Tanner King,Stanford,Big Ten,SG,6-7,79,193,R-JR,2024,35,112.00000000000001,8.0,9.9,2.1,1.7,24.3,0.437,0.324,0.547,0.704,2.3,9.4,14.2,14.9,2.11,2.38,103.5,106.5,-1.02,-0.06,-1.02,1.0,1.0,0.71,-0.29,-0.74,45.6,0,1,Baylor,2024,970
Vince Taylor,Virginia Tech,Big 12,SG,6-3,75,205,JR,2023,25,451.0434722034765,45.10434722034765,3.9,1.8,1.8,15.3,0.521,0.29,0.346,0.58,2.7,7.1,15.2,8.7,2.9,3.2,122.3,109.5,-1.38,-0.31,-1.38,0.98,0.98,1.0,0.02,-0.74,45.5,0,1,DePaul,2023,971
Tyler Turner,Davidson,ACC,G,6-2,74,215,R-FR,2022,25,319.11832572586087,31.911832572586086,4.1,1.2,2.1,21.8,0.502,0.405,0.253,0.67,1.4,5.5,17.8,17.0,2.79,1.82,101.6,106.0,0.25,0.04,0.25,0.94,0.94,0.71,-0.23,-0.75,45.5,0,1,TCU,2022,972
Xavier Stewart,Wichita State,MAAC,SF,6-7,79,194,R-FR,2024,31,416.73446492299286,33.60761813895103,6.6,1.9,2.6,22.4,0.538,0.35,0.351,0.781,1.3,9.5,22.0,11.3,2.12,2.89,109.7,94.0,1.49,0.31,1.49,0.74,0.74,0.94,0.2,-0.75,45.5,0,1,Miami,2024,973
Eric Green,Baylor,Horizon,PF,6-8,80,237,R-JR,2022,34,167.319318085369,12.302891035688896,5.8,3.9,0.8,18.2,0.544,0.349,0.214,0.861,10.8,11.1,6.4,9.9,2.51,3.74,101.9,102.7,1.19,0.1,1.19,0.71,0.71,0.96,0.25,-0.75,45.5,0,1,DePaul,2022,974
Mike Jackson,Wake Forest,Horizon,F,6-5,77,204,R-JR,2020,24,386.0363020108335,40.212114792795155,6.2,6.2,0.5,22.0,0.553,0.335,0.359,0.654,13.0,21.7,4.2,17.7,1.66,1.69,112.9,93.4,1.8,0.35,1.8,0.71,0.71,0.93,0.22,-0.75,45.5,0,1,Syracuse,2020,975
DeShawn Harris,Oregon,Big Ten,PF,6-10,82,198,R-JR,2021,24,217.20951026876577,22.625990652996435,1.0,4.1,0.7,15.4,0.548,0.273,0.0,0.56,5.8,16.7,5.7,12.5,0.5,3.96,109.3,89.3,-0.32,-0.03,-0.32,1.0,1.0,0.69,-0.31,-0.76,45.4,0,1,Wake Forest,2021,976
Darius King,Tennessee,MAC,PG,6-3,75,155,JR,2021,29,155.9059774453309,13.440170469425079,8.2,2.4,2.5,23.6,0.452,0.27,0.295,0.644,4.5,9.0,20.5,20.5,0.2,1.46,125.0,99.8,-1.37,-0.11,-1.37,0.76,0.76,0.77,0.01,-0.76,45.4,0,1,Murray State,2021,977
Coleman Hernandez,Kansas,Big 12,C,6-8,80,211,R-FR,2020,26,171.47728124379327,16.488200119595508,8.5,3.8,0.6,19.3,0.601,0.321,0.0,0.826,8.1,12.9,4.9,17.9,1.61,2.01,108.5,98.4,-0.08,-0.01,-0.08,0.98,0.98,0.7,-0.28,-0.77,45.4,0,1,Richmond,2020,978
Nathan White,LSU,MVC,PG,6-1,73,214,FR,2022,28,92.5999156741004,8.267849613758965,8.0,2.7,2.3,20.4,0.443,0.321,0.376,0.776,3.7,11.3,19.2,21.5,2.71,1.13,109.8,98.0,0.67,0.03,0.67,0.79,0.79,0.98,0.19,-0.77,45.4,0,1,Ohio State,2022,979
Evan Morris,Michigan,ACC,PF,6-8,80,220,R-FR,2021,37,454.1470022797405,30.685608262144633,11.1,5.3,1.7,25.3,0.558,0.269,0.17,0.702,8.2,21.3,14.2,20.6,1.5,4.5,119.1,98.6,-2.36,-0.54,-2.36,0.94,0.94,0.71,-0.23,-0.77,45.4,0,1,BYU,2021,980
Cole Clark,Syracuse,Big Ten,G,6-4,76,212,R-JR,2022,26,294.97335635643185,28.36282272657998,5.7,1.5,2.3,13.5,0.546,0.354,0.667,0.742,1.9,6.5,19.1,16.7,1.82,2.42,97.1,103.2,-1.84,-0.27,-1.84,1.0,1.0,0.79,-0.21,-0.77,45.4,0,1,Louisville,2022,981
Blake Collins,Alabama,MVC,G,6-0,72,190,R-JR,2020,26,667.4466684844901,64.17756427735482,5.8,1.3,3.4,28.9,0.567,0.373,0.37,0.655,2.6,4.6,28.3,25.0,1.8,1.05,102.9,101.6,0.28,0.09,0.28,0.79,0.79,0.94,0.15,-0.77,45.4,0,1,Northwestern,2020,982
Max Clark,Murray State,MAAC,C,6-10,82,155,R-FR,2020,29,238.0303388297706,20.51985679566988,2.1,3.8,1.2,15.9,0.546,0.168,0.332,0.726,7.8,13.2,10.3,9.1,1.68,6.7,115.5,101.8,0.89,0.11,0.89,0.74,0.74,0.83,0.09,-0.77,45.4,0,1,St. John's,2020,983
Kevin Thomas,Tennessee,Ivy,W,6-8,80,188,R-FR,2024,28,492.1649510573971,43.943299201553316,5.7,3.6,1.9,16.2,0.538,0.378,0.312,0.786,4.3,15.8,16.0,20.1,2.61,2.63,113.4,104.6,-0.88,-0.22,-0.88,0.71,0.71,0.98,0.27,-0.77,45.4,0,1,Eastern Kentucky,2024,984
Darius Hall,Rutgers,SEC,SF,6-2,74,231,R-FR,2022,26,460.83641936565385,44.31119416977441,3.7,3.1,2.3,18.5,0.499,0.414,0.422,0.565,7.1,10.1,19.4,16.2,3.44,2.54,117.5,105.0,0.36,0.08,0.36,0.96,0.96,0.93,-0.03,-0.78,45.3,0,1,Butler,2022,985
Mike Campbell,Virginia,SEC,G,6-2,74,199,R-JR,2021,35,497.6638869160632,35.54742049400451,5.9,1.3,2.5,12.3,0.5,0.237,0.263,0.673,4.3,2.7,20.6,25.3,2.58,0.24,111.2,97.7,0.69,0.17,0.69,0.96,0.96,0.98,0.02,-0.78,45.3,0,1,Nevada,2021,986
Ivan Hill,Purdue,Ivy,F,6-7,79,192,R-JR,2023,25,239.240620179311,23.9240620179311,3.6,5.3,1.1,29.9,0.436,0.243,0.245,0.428,8.3,21.0,9.6,11.7,1.99,2.37,98.4,97.7,1.97,0.24,1.97,0.71,0.71,1.0,0.29,-0.79,45.3,0,1,William & Mary,2023,987
Uriah Garcia,Florida,Ivy,SG,6-2,74,205,JR,2023,28,234.79837537192324,20.964140658207434,4.4,1.4,2.2,21.8,0.596,0.48,0.502,0.617,1.9,5.9,18.3,18.6,3.92,1.17,115.7,106.8,2.81,0.33,2.81,0.71,0.71,0.82,0.11,-0.8,45.2,0,1,James Madison,2023,988
Alex Brown,George Mason,CAA,G,6-0,72,172,R-SO,2024,33,423.36823824391206,32.073351382114545,5.9,1.3,2.8,19.2,0.562,0.298,0.55,0.77,0.2,7.1,23.2,21.9,3.11,1.78,115.9,99.3,-2.08,-0.44,-2.08,0.77,0.77,1.0,0.23,-0.8,45.2,0,1,Marquette,2024,989
Vince Brown,Saint Mary's,ACC,F,6-9,81,224,SR,2024,31,651.0041811072992,52.500337186072514,2.9,5.3,1.7,17.3,0.447,0.266,0.053,0.666,9.1,20.3,13.9,11.7,1.83,0.14,111.2,95.1,-1.69,-0.55,-1.69,0.94,0.94,0.94,0.0,-0.8,45.2,0,1,Tennessee Tech,2024,990
Nathan Rivera,George Mason,OVC,SF,6-3,75,198,R-FR,2020,32,102.4,8.0,5.2,2.1,2.3,16.6,0.454,0.377,0.564,0.649,2.9,8.7,19.6,18.7,2.54,1.75,98.5,102.0,-0.76,-0.04,-0.76,0.69,0.69,0.93,0.24,-0.8,45.2,0,1,Miami,2020,991
Vince Davis,Duquesne,CAA,PF,6-8,80,253,R-FR,2020,33,159.31670193368757,12.069447116188453,9.7,3.5,0.4,25.8,0.528,0.282,0.249,0.598,1.0,18.2,3.7,15.0,3.13,5.28,103.8,98.9,-0.01,-0.0,-0.01,0.77,0.77,0.94,0.17,-0.81,45.2,0,1,LSU,2020,992
Jake Anderson,Texas,Big East,F,6-7,79,189,R-JR,2022,29,286.2856658732333,24.679798782175286,2.1,4.2,0.4,16.9,0.511,0.215,0.074,0.603,8.1,15.3,3.5,11.0,1.56,1.77,113.1,106.3,0.08,0.01,0.08,0.93,0.93,0.72,-0.21,-0.81,45.2,0,1,Eastern Kentucky,2022,993
Blake Lopez,Wisconsin,MAC,PG,6-0,72,156,R-JR,2020,35,112.00000000000001,8.0,4.4,2.2,2.2,23.5,0.506,0.37,0.451,0.643,1.4,10.7,18.4,14.5,2.09,1.37,106.7,98.1,-0.38,-0.02,-0.38,0.76,0.76,1.0,0.24,-0.81,45.1,0,1,Creighton,2020,994
Elijah Scott,Richmond,CAA,W,6-7,79,219,SO,2024,26,131.22850715408708,12.61812568789299,6.4,4.8,1.8,15.8,0.576,0.299,0.201,0.667,6.3,20.5,15.1,13.8,3.06,2.2,106.9,112.7,-0.25,-0.02,-0.25,0.77,0.77,0.74,-0.03,-0.81,45.2,0,1,Butler,2024,995
Luka Walker,Houston,MAC,SG,6-3,75,190,R-JR,2024,36,866.5396993278573,60.176368008878974,12.7,2.7,1.6,25.5,0.554,0.382,0.199,0.696,4.7,10.2,13.7,20.0,2.57,2.26,114.1,102.2,0.95,0.41,0.95,0.76,0.76,0.69,-0.07,-0.82,45.1,0,1,Georgetown,2024,996
Isaiah Brown,George Mason,WAC,C,6-7,79,213,R-JR,2021,37,480.45204126117875,32.46297576089046,6.3,6.3,0.2,27.4,0.579,0.185,0.027,0.656,13.7,21.5,1.9,11.0,1.53,4.17,129.8,98.1,-0.15,-0.04,-0.15,0.7,0.7,0.96,0.26,-0.82,45.1,0,1,Oklahoma,2021,997
Patrick Collins,Tulsa,ACC,SF,6-7,79,203,JR,2023,30,167.23020161793872,13.935850134828225,3.2,2.7,1.9,15.2,0.477,0.285,0.167,0.649,4.1,11.0,15.9,20.1,3.21,0.1,116.7,104.7,-0.2,-0.02,-0.2,0.94,0.94,0.72,-0.22,-0.82,45.1,0,1,Saint Mary's,2023,998
Uriah Rodriguez,Villanova,MAAC,PF,6-10,82,161,SO,2020,26,385.9307454730914,37.10872552625879,1.0,5.5,1.0,21.8,0.455,0.291,0.213,0.634,11.5,18.9,8.6,15.6,1.84,6.71,104.5,92.2,-1.44,-0.28,-1.44,0.74,0.74,0.69,-0.05,-0.82,45.1,0,1,Fordham,2020,999
Luka Morgan,Penn State,A-10,G,6-2,74,229,R-JR,2023,34,582.9925615500943,42.86710011397752,5.8,1.3,3.5,26.5,0.504,0.352,0.05,0.691,1.2,6.2,29.4,19.5,1.68,0.82,113.6,97.5,0.87,0.25,0.87,0.86,0.86,0.76,-0.1,-0.82,45.1,0,1,Nevada,2023,1000
Alex Adams,Creighton,Big Ten,C,6-8,80,183,R-FR,2020,30,494.4062708577558,41.20052257147965,9.4,2.9,0.8,21.9,0.536,0.269,0.334,0.658,5.0,11.1,6.5,9.8,1.49,1.56,113.7,92.3,-0.08,-0.02,-0.08,1.0,1.0,0.74,-0.26,-0.82,45.1,0,1,Georgetown,2020,1001
Luke Lee,Michigan,MAC,C,6-11,83,223,JR,2024,25,221.792223624055,22.1792223624055,3.8,5.4,0.5,19.9,0.566,0.25,0.111,0.801,10.6,19.2,4.3,12.8,1.99,2.22,106.5,103.1,2.29,0.25,2.29,0.76,0.76,0.72,-0.04,-0.82,45.1,0,1,Saint Mary's,2024,1002
Jake Robinson,Duke,CAA,SF,6-4,76,206,SO,2021,24,501.3295988628921,52.2218332148846,10.0,4.1,2.0,21.0,0.47,0.381,0.382,0.82,7.6,15.4,16.8,23.3,1.99,0.1,122.2,96.2,-1.08,-0.27,-1.08,0.77,0.77,0.98,0.21,-0.82,45.1,0,1,Creighton,2021,1003
Andre Hall,Rutgers,Horizon,SF,6-6,78,196,R-FR,2023,25,134.556484680126,13.455648468012601,5.6,2.6,1.5,25.5,0.531,0.385,0.306,0.747,4.2,10.3,12.4,11.4,2.93,2.43,107.4,100.2,-1.77,-0.12,-1.77,0.71,0.71,0.71,0.0,-0.82,45.1,0,1,Iowa,2023,1004
Evan Adams,San Diego State,Big Ten,SF,6-7,79,187,R-JR,2022,35,112.00000000000001,8.0,5.1,3.1,3.2,17.8,0.607,0.376,0.525,0.636,7.8,9.5,27.0,14.6,2.77,0.1,115.3,105.3,-1.13,-0.06,-1.13,1.0,1.0,0.83,-0.17,-0.82,45.1,0,1,William & Mary,2022,1005
Cade Phillips,Marquette,MAC,PF,6-9,81,244,JR,2024,32,399.23479373793015,31.19021826077579,7.3,5.8,0.9,21.3,0.571,0.228,0.207,0.809,10.4,21.7,7.1,11.3,2.08,4.37,120.8,84.9,0.24,0.05,0.24,0.76,0.76,0.96,0.2,-0.82,45.1,0,1,Purdue,2024,1006
Wade Gonzalez,Kansas,Ivy,SG,6-4,76,192,R-JR,2020,32,144.72038236679867,11.306279872406147,5.3,2.5,1.2,15.1,0.533,0.423,0.332,0.668,2.1,11.8,10.2,19.1,2.76,2.87,116.8,101.3,0.01,0.0,0.01,0.71,0.71,0.98,0.27,-0.83,45.0,0,1,Mississippi State,2020,1007
Luka Mitchell,Notre Dame,ACC,G,6-5,77,208,JR,2021,22,449.19079390642094,51.04440839845693,5.4,2.1,2.3,18.0,0.521,0.322,0.538,0.761,0.2,11.4,18.8,20.2,2.89,2.26,105.9,100.9,0.64,0.14,0.64,0.94,0.94,0.69,-0.25,-0.84,44.9,0,1,Virginia,2021,1008
Xavier Rogers,Maryland,WAC,PF,6-9,81,190,R-FR,2020,30,285.9469176794202,23.828909806618352,13.5,4.6,0.2,24.7,0.56,0.355,0.033,0.738,9.2,16.3,1.8,10.6,3.96,5.36,109.7,94.0,0.72,0.1,0.72,0.7,0.7,0.71,0.01,-0.84,45.0,0,1,Kansas,2020,1009
Trevion Mitchell,Georgia,WCC,W,6-4,76,227,R-FR,2022,30,685.8290689548164,57.152422412901366,10.8,3.3,1.9,19.1,0.494,0.333,0.684,0.811,6.1,12.4,15.5,16.0,1.79,0.66,118.1,98.9,0.44,0.15,0.44,0.82,0.82,0.74,-0.08,-0.85,44.9,0,1,Houston,2022,1010
Kyle Lopez,Mississippi State,CAA,C,6-9,81,196,R-FR,2024,29,404.3787187096382,34.860234371520534,11.4,4.3,0.9,20.2,0.593,0.298,0.366,0.871,8.4,15.4,7.1,13.6,2.0,0.3,120.8,103.8,1.99,0.4,1.99,0.77,0.77,0.71,-0.06,-0.85,44.9,0,1,Syracuse,2024,1011
Flynn Hernandez,Clemson,MAC,SG,6-5,77,233,R-JR,2024,27,444.02719529510284,41.11362919399101,3.6,0.7,2.1,18.3,0.552,0.303,0.26,0.762,1.9,2.0,17.2,10.3,2.39,0.37,111.2,81.7,-1.21,-0.27,-1.21,0.76,0.76,0.79,0.03,-0.86,44.8,0,1,Texas,2024,1012
Victor Perez,SMU,WCC,SG,6-3,75,200,R-JR,2024,27,389.6503123846969,36.07873262821268,2.0,2.0,1.3,18.3,0.424,0.292,0.45,0.678,5.1,6.0,11.2,11.9,2.01,2.34,104.9,96.3,-1.82,-0.35,-1.82,0.82,0.82,0.98,0.16,-0.86,44.9,0,1,George Mason,2024,1013
Jalen Phillips,Belmont,Sun Belt,SG,6-2,74,196,R-FR,2022,33,602.9756094750812,45.67997041477888,8.5,2.7,1.4,16.4,0.502,0.267,0.247,0.565,1.8,13.0,11.3,14.5,2.75,1.14,107.1,106.8,-1.55,-0.47,-1.55,0.72,0.72,0.98,0.26,-0.86,44.8,0,1,Wake Forest,2022,1014
Nick Rogers,George Mason,CUSA,F,6-6,78,179,R-JR,2023,24,321.4467840405929,33.484040004228426,6.8,6.2,1.7,22.6,0.539,0.229,0.0,0.708,11.1,23.0,13.8,13.3,1.94,1.5,100.8,94.9,0.22,0.04,0.22,0.74,0.74,0.74,0.0,-0.86,44.8,0,1,Belmont,2023,1015
Sam Morgan,Dayton,WAC,C,6-11,83,162,R-FR,2020,26,270.2220267940018,25.982887191730942,7.5,5.4,0.7,15.1,0.474,0.382,0.056,0.675,8.4,21.5,5.6,15.4,1.62,4.1,122.6,93.4,-0.39,-0.05,-0.39,0.7,0.7,0.74,0.04,-0.87,44.8,0,1,Tennessee Tech,2020,1016
Sean Hall,Fordham,SEC,C,6-9,81,208,JR,2020,26,506.3884354419075,48.69119571556803,6.0,4.0,1.4,23.5,0.548,0.312,0.256,0.557,6.5,15.5,11.7,16.1,2.48,3.74,111.2,100.0,-0.35,-0.09,-0.35,0.96,0.96,0.7,-0.26,-0.87,44.8,0,1,Rutgers,2020,1017
Tanner Williams,Miami,MVC,G,6-7,79,201,SO,2024,30,463.90553190900255,38.658794325750215,6.2,3.2,1.9,23.0,0.456,0.314,0.359,0.683,4.0,13.7,16.0,23.7,2.12,2.36,112.4,95.8,-2.68,-0.62,-2.68,0.79,0.79,0.72,-0.07,-0.87,44.8,0,1,Providence,2024,1018
Max Roberts,Wichita State,AAC,F,6-6,78,233,R-JR,2020,27,502.5495364355645,46.53236448477449,7.7,5.4,1.3,27.4,0.51,0.367,0.256,0.828,12.6,17.4,10.6,12.4,4.18,1.93,113.1,109.9,0.32,0.08,0.32,0.83,0.83,1.0,0.17,-0.87,44.8,0,1,Davidson,2020,1019
Xavier Campbell,George Mason,WCC,C,6-8,80,176,R-JR,2022,32,196.53630908444168,15.354399147222006,1.2,3.9,0.3,12.2,0.44,0.246,0.454,0.871,6.9,14.6,2.4,12.3,2.36,6.47,116.1,97.5,-1.42,-0.14,-1.42,0.82,0.82,0.69,-0.13,-0.87,44.8,0,1,Iowa State,2022,1020
Luka Lewis,Villanova,MVC,C,6-9,81,198,FR,2023,28,293.49913306316955,26.20527973778299,1.0,6.9,1.2,16.9,0.552,0.274,0.004,0.59,12.5,25.6,9.8,10.9,1.73,7.55,79.9,112.5,-0.09,-0.01,-0.09,0.79,0.79,0.74,-0.05,-0.88,44.7,0,1,Miami,2023,1021
Marcus Parker,Iowa,Big East,SF,6-6,78,211,JR,2022,31,412.9705712958413,33.304078330309785,1.0,3.6,0.7,10.0,0.593,0.374,0.582,0.631,8.1,12.0,5.5,17.2,2.19,1.43,117.0,92.6,0.73,0.15,0.73,0.93,0.93,0.83,-0.1,-0.88,44.7,0,1,Kentucky,2022,1022
Owen Rodriguez,William & Mary,Horizon,SF,6-3,75,230,JR,2023,24,185.53014082179547,19.326056335603695,2.8,2.4,1.4,16.9,0.542,0.244,0.445,0.718,5.7,7.8,11.9,15.7,2.28,1.8,122.9,100.6,-0.25,-0.02,-0.25,0.71,0.71,0.76,0.05,-0.88,44.7,0,1,BYU,2023,1023
Elijah Anderson,Maryland,CUSA,F,6-11,83,179,R-JR,2023,23,73.60000000000001,8.0,8.8,5.1,1.3,20.6,0.475,0.392,0.206,0.679,7.4,20.7,10.7,14.8,1.5,3.75,106.7,95.2,1.4,0.05,1.4,0.74,0.74,0.98,0.24,-0.89,44.7,0,1,St. John's,2023,1024
Alex Garcia,Virginia,CUSA,C,6-11,83,185,JR,2023,37,118.4,8.0,6.0,3.7,1.6,22.1,0.372,0.256,0.188,0.648,7.7,13.0,13.7,7.4,2.04,10.47,113.7,91.6,0.07,0.0,0.07,0.74,0.74,0.74,0.0,-0.89,44.6,0,1,Boston College,2023,1025
Omar Adams,Auburn,A-10,F,6-7,79,222,R-JR,2023,24,515.7782607803814,53.72690216462307,5.2,4.2,1.1,14.8,0.52,0.313,0.355,0.726,7.2,16.0,9.4,13.9,3.07,0.46,106.5,107.2,-0.03,-0.01,-0.03,0.86,0.86,0.69,-0.17,-0.89,44.6,0,1,Louisville,2023,1026
Henry Baker,Florida State,Sun Belt,PG,6-3,75,172,FR,2023,32,135.63280524389754,10.596312909679495,6.9,2.3,2.7,18.7,0.597,0.359,0.128,0.702,4.2,8.4,22.3,26.7,3.02,2.21,105.5,84.5,0.33,0.02,0.33,0.72,0.72,0.94,0.22,-0.9,44.6,0,1,William & Mary,2023,1027
Wade Young,Memphis,CAA,C,6-10,82,187,R-JR,2020,36,603.326102126311,41.897645980993815,4.0,5.9,2.0,16.2,0.554,0.309,0.37,0.565,12.3,20.5,16.6,13.5,2.35,6.21,101.2,94.0,0.32,0.1,0.32,0.77,0.77,0.74,-0.03,-0.9,44.6,0,1,Cincinnati,2020,1028
Nathan Davis,DePaul,Sun Belt,SF,6-6,78,214,R-FR,2022,37,668.473119654381,45.167102679350066,8.7,3.0,2.1,25.2,0.433,0.321,0.57,0.535,6.1,10.4,17.3,14.2,2.22,1.39,121.2,98.1,-0.18,-0.06,-0.18,0.72,0.72,0.74,0.02,-0.9,44.6,0,1,Florida,2022,1029
Blake Hall,North Carolina,CUSA,PG,6-1,73,210,R-JR,2023,23,228.27065916158807,24.812028169737836,4.6,1.6,3.8,20.0,0.468,0.424,0.443,0.703,4.6,4.1,31.5,16.2,2.5,2.2,113.4,97.0,0.46,0.05,0.46,0.74,0.74,0.98,0.24,-0.9,44.6,0,1,Eastern Kentucky,2023,1030
Sam Evans,Texas,ACC,SG,6-3,75,212,R-FR,2021,28,550.651297504967,49.16529442008634,1.0,2.3,1.6,18.8,0.51,0.355,0.306,0.613,2.6,10.1,13.4,15.9,2.92,2.16,114.8,102.0,-1.01,-0.28,-1.01,0.94,0.94,0.79,-0.15,-0.91,44.5,0,1,Utah State,2021,1031
Ryan Thompson,St. Bonaventure,OVC,PF,6-7,79,216,R-JR,2023,30,96.0,8.0,4.1,3.2,1.1,28.2,0.414,0.331,0.0,0.666,9.6,8.1,8.8,13.7,0.2,6.37,107.3,104.7,-2.35,-0.11,-2.35,0.69,0.69,0.74,0.05,-0.92,44.5,0,1,Wisconsin,2023,1032
Will Stewart,Michigan State,Big Ten,SF,6-4,76,188,SR,2021,20,151.3132279663228,18.91415349579035,8.8,2.2,1.8,20.5,0.518,0.391,0.221,0.711,6.3,5.8,15.1,15.0,2.07,0.22,109.7,86.3,-0.23,-0.02,-0.23,1.0,1.0,0.98,-0.02,-0.92,44.5,0,1,Rutgers,2021,1033
Todd Scott,SMU,A-10,G,6-4,76,220,R-JR,2022,31,424.02914612246343,34.19589888084382,9.1,2.0,2.2,22.9,0.6,0.22,0.41,0.809,2.7,8.6,18.5,22.7,1.85,2.09,115.4,98.9,1.15,0.24,1.15,0.86,0.86,0.98,0.12,-0.92,44.5,0,1,Florida State,2022,1034
Ivan Baker,Iowa,Ivy,SF,6-6,78,216,SO,2022,30,371.31517576700355,30.942931313916958,12.5,1.8,0.8,23.6,0.558,0.317,0.412,0.586,6.2,4.0,6.5,14.8,2.74,0.29,115.6,98.2,1.1,0.21,1.1,0.71,0.71,0.94,0.23,-0.92,44.5,0,1,Syracuse,2022,1035
Sean Martinez,Duquesne,SEC,SG,6-6,78,195,R-FR,2023,27,480.58613047859126,44.49871578505474,5.6,2.6,1.1,16.0,0.569,0.375,0.366,0.593,2.3,12.0,8.9,8.1,2.6,0.1,123.9,107.4,0.93,0.22,0.93,0.96,0.96,1.0,0.04,-0.93,44.4,0,1,SMU,2023,1036
Wade Wright,Hofstra,CAA,SF,6-4,76,226,JR,2023,20,119.09885095507776,14.88735636938472,5.0,4.8,2.8,21.2,0.545,0.36,0.485,0.712,8.9,17.9,23.6,22.2,1.49,2.57,112.4,87.5,1.3,0.08,1.3,0.77,0.77,1.0,0.23,-0.93,44.4,0,1,North Carolina,2023,1037
Kevin Parker,Illinois,CUSA,SG,6-3,75,217,JR,2020,29,349.4158404547604,30.122055211617276,6.6,2.6,2.3,22.0,0.534,0.34,0.615,0.738,6.4,8.1,18.8,11.1,3.6,0.8,114.3,97.5,0.27,0.05,0.27,0.74,0.74,0.77,0.03,-0.93,44.4,0,1,Michigan,2020,1038
Vince Green,Louisville,SEC,W,6-7,79,229,SR,2023,28,708.8271330469745,63.28813687919414,7.8,3.6,2.3,17.1,0.486,0.37,0.257,0.746,8.3,11.6,18.9,13.7,1.51,0.1,111.9,99.9,1.02,0.36,1.02,0.96,0.96,0.71,-0.25,-0.94,44.3,0,1,USC,2023,1039
Wade King,Pittsburgh,CAA,PF,6-8,80,190,R-FR,2022,22,118.63409965291734,13.481147687831514,6.4,3.7,0.9,23.9,0.44,0.335,0.434,0.638,9.3,11.6,7.7,10.2,2.66,7.04,116.7,93.9,-0.05,-0.0,-0.05,0.77,0.77,1.0,0.23,-0.94,44.3,0,1,Maryland,2022,1040
Nick Campbell,St. Bonaventure,OVC,PG,6-3,75,198,FR,2024,25,369.00146425453556,36.900146425453556,3.6,1.3,3.2,18.6,0.424,0.269,0.455,0.851,1.2,6.2,27.0,14.3,0.44,2.68,97.2,98.6,-2.89,-0.53,-2.89,0.69,0.69,0.71,0.02,-0.94,44.4,0,1,Air Force,2024,1041
Luka Sanchez,Auburn,WAC,PF,6-8,80,210,JR,2020,22,277.37253128023076,31.519605827298953,7.9,3.4,1.3,20.1,0.538,0.383,0.181,0.631,7.6,11.3,10.6,14.1,4.67,2.95,108.6,95.7,-0.41,-0.06,-0.41,0.7,0.7,0.82,0.12,-0.94,44.4,0,1,Eastern Kentucky,2020,1042
Isaiah Young,Minnesota,WCC,G,6-2,74,187,R-JR,2020,27,120.40397375438505,11.148516088368988,4.2,2.0,1.8,19.5,0.551,0.311,0.357,0.776,0.8,10.2,15.0,21.0,0.66,2.04,110.2,99.3,1.13,0.07,1.13,0.82,0.82,0.82,0.0,-0.94,44.4,0,1,Oklahoma,2020,1043
Alex King,Georgia,CUSA,W,6-6,78,208,R-JR,2020,24,324.59694158740115,33.81218141535429,2.1,2.7,2.2,14.3,0.485,0.249,0.363,0.773,2.0,13.1,17.9,6.7,1.93,3.15,114.1,87.8,-0.29,-0.05,-0.29,0.74,0.74,0.71,-0.03,-0.95,44.3,0,1,USC,2020,1044
Patrick Harris,Texas,Big East,W,6-7,79,198,R-FR,2022,34,317.9499868271598,23.378675501997044,8.0,3.1,0.7,20.0,0.555,0.331,0.394,0.562,3.4,13.9,6.1,11.0,1.81,4.4,116.5,104.9,-2.66,-0.42,-2.66,0.93,0.93,0.74,-0.19,-0.95,44.3,0,1,Clemson,2022,1045
Cole Evans,San Diego State,Big Ten,F,6-11,83,202,FR,2022,28,739.336721817013,66.01220730509044,9.0,4.4,0.9,22.1,0.483,0.275,0.009,0.525,8.1,16.5,7.6,14.6,3.49,2.14,106.3,98.3,0.64,0.24,0.64,1.0,1.0,0.72,-0.28,-0.95,44.3,0,1,Tennessee Tech,2022,1046
Luke Baker,DePaul,Sun Belt,G,6-4,76,191,JR,2022,29,317.584340505722,27.377960388424317,7.5,1.5,4.2,15.3,0.482,0.311,0.409,0.752,3.0,5.2,34.9,19.7,1.58,1.92,111.7,98.1,-1.94,-0.31,-1.94,0.72,0.72,1.0,0.28,-0.96,44.3,0,1,Oklahoma,2022,1047
Will Wilson,Minnesota,Big Ten,G,6-1,73,211,R-FR,2023,21,322.4100989622078,38.382154638358074,4.9,1.8,3.6,25.6,0.46,0.314,0.174,0.644,3.6,6.6,29.8,22.6,3.2,2.15,99.0,96.4,-0.36,-0.06,-0.36,1.0,1.0,0.71,-0.29,-0.96,44.3,0,1,Connecticut,2023,1048
Todd Hall,Duquesne,SEC,SG,6-4,76,162,R-FR,2024,37,714.4058461844942,48.2706652827361,9.9,2.1,1.8,25.8,0.538,0.284,0.301,0.578,1.7,9.7,15.1,20.9,4.25,1.36,105.3,105.1,1.7,0.61,1.7,0.96,0.96,0.96,0.0,-0.97,44.2,0,1,Xavier,2024,1049
Isaiah Hernandez,Nevada,MAC,C,6-9,81,193,FR,2024,20,321.8626888724481,40.23283610905602,8.0,5.1,0.8,19.9,0.539,0.308,0.179,0.621,9.8,18.6,6.9,20.9,1.01,5.75,115.5,97.2,-0.35,-0.06,-0.35,0.76,0.76,0.93,0.17,-0.97,44.2,0,1,Austin Peay,2024,1050
Todd Murphy,Tulsa,MAAC,SG,6-2,74,222,JR,2023,30,253.3510685273336,21.112589043944467,2.2,1.3,1.2,16.1,0.585,0.319,0.75,0.726,0.6,6.6,10.2,15.5,2.51,0.86,126.5,99.6,-2.01,-0.25,-2.01,0.74,0.74,0.76,0.02,-0.97,44.2,0,1,Kansas,2023,1051
Jalen Morgan,Tulsa,CUSA,C,6-8,80,190,FR,2022,22,70.4,8.0,1.6,4.2,0.6,24.5,0.435,0.265,0.188,0.754,8.5,14.8,4.6,11.2,3.0,0.3,104.8,87.4,-0.33,-0.01,-0.33,0.74,0.74,0.72,-0.02,-0.97,44.2,0,1,Florida State,2022,1052
Kofi Robinson,Oklahoma,CAA,PF,7-1,85,214,JR,2024,28,284.35974807045005,25.3892632205759,6.2,6.4,0.4,21.1,0.552,0.259,0.076,0.699,10.8,24.6,3.1,18.2,1.91,6.81,105.1,89.3,-2.68,-0.38,-2.68,0.77,0.77,0.98,0.21,-0.98,44.1,0,1,Gonzaga,2024,1053
Owen Bailey,Texas,WCC,F,6-8,80,230,R-JR,2023,34,325.19724858583857,23.911562396017544,8.3,3.9,1.2,22.3,0.498,0.121,0.0,0.888,8.7,13.0,10.0,8.3,1.92,0.1,103.6,96.2,1.32,0.21,1.32,0.82,0.82,0.71,-0.11,-0.98,44.1,0,1,Duke,2023,1054
Paul Parker,Davidson,Ivy,PF,6-9,81,192,R-JR,2020,27,144.43558645416832,13.37366541242299,2.0,5.9,1.0,23.8,0.485,0.265,0.222,0.624,8.4,24.6,8.4,10.1,1.34,4.45,121.0,91.0,-0.65,-0.05,-0.65,0.71,0.71,1.0,0.29,-0.98,44.1,0,1,Virginia Tech,2020,1055
Uriah Baker,USC,OVC,G,6-1,73,207,R-JR,2023,25,296.4865561198777,29.64865561198777,2.5,1.9,3.1,17.4,0.43,0.276,0.121,0.628,0.9,9.8,26.2,13.5,1.94,0.1,104.6,101.6,-0.35,-0.05,-0.35,0.69,0.69,0.72,0.03,-0.98,44.1,0,1,Georgetown,2023,1056
Elijah Adams,BYU,AAC,SG,6-2,74,208,R-FR,2022,25,369.20251679785594,36.92025167978559,10.5,1.5,2.6,19.1,0.541,0.177,0.307,0.797,0.2,8.3,21.9,11.0,2.2,0.2,123.8,98.2,-1.04,-0.19,-1.04,0.83,0.83,0.74,-0.09,-0.99,44.0,0,1,Connecticut,2022,1057
Sean Nelson,Connecticut,SEC,C,6-10,82,234,JR,2024,23,350.59071035465143,38.107685908114284,11.0,5.9,1.2,27.4,0.503,0.38,0.0,0.667,15.2,17.7,10.1,15.9,0.97,2.4,108.3,106.0,2.23,0.39,2.23,0.96,0.96,0.72,-0.24,-0.99,44.1,0,1,Duke,2024,1058
Andre Lewis,George Mason,CAA,G,6-2,74,216,R-JR,2021,27,477.99092155017274,44.25841866205303,7.8,1.1,2.5,27.6,0.568,0.404,0.333,0.754,1.8,4.6,20.5,22.1,1.93,2.96,112.0,92.5,-0.69,-0.16,-0.69,0.77,0.77,0.82,0.05,-0.99,44.1,0,1,Florida,2021,1059
Blake Young,Utah State,OVC,SF,6-5,77,222,R-FR,2022,27,103.54832852470705,9.587808196732132,8.1,1.9,2.2,21.4,0.581,0.316,0.553,0.616,4.8,5.5,18.4,16.2,2.76,1.63,112.3,99.9,-0.03,-0.0,-0.03,0.69,0.69,1.0,0.31,-0.99,44.1,0,1,Davidson,2022,1060
Jake Morgan,Nevada,MAC,PG,6-3,75,189,R-JR,2023,28,371.9200303790717,33.20714556955998,2.4,1.7,2.8,21.8,0.468,0.343,0.369,0.694,2.4,6.9,23.0,14.8,4.86,0.1,104.7,95.9,2.64,0.49,2.64,0.76,0.76,0.86,0.1,-0.99,44.1,0,1,Baylor,2023,1061
Ryan Walker,Houston,A-10,SG,6-3,75,188,JR,2021,26,441.8126171873103,42.48198242185676,7.2,1.7,1.9,23.7,0.591,0.32,0.355,0.73,1.3,8.0,15.5,7.3,2.01,1.2,120.0,87.5,-0.96,-0.21,-0.96,0.86,0.86,0.72,-0.14,-0.99,44.1,0,1,Iowa,2021,1062
Darius Anderson,Maryland,WAC,SG,6-6,78,181,JR,2023,32,385.9750516487953,30.15430091006213,6.6,1.0,1.4,29.0,0.51,0.326,0.344,0.685,0.5,4.9,11.3,18.5,2.17,1.02,120.0,108.5,1.22,0.24,1.22,0.7,0.7,0.72,0.02,-0.99,44.1,0,1,Saint Mary's,2023,1063
Mike Rogers,Kentucky,MAC,C,6-11,83,161,FR,2023,29,615.0521378755524,53.02173602375452,3.6,5.2,1.5,18.0,0.527,0.364,0.025,0.592,15.1,13.7,12.8,16.8,2.41,2.3,115.6,107.3,-0.16,-0.05,-0.16,0.76,0.76,0.94,0.18,-1.0,44.0,0,1,USC,2023,1064
Trevion Bell,Stanford,Big Ten,G,6-3,75,203,R-FR,2023,26,388.34389447439185,37.34075908407614,6.9,1.5,2.7,20.5,0.518,0.347,0.496,0.75,2.6,5.6,22.5,17.9,2.39,3.71,106.2,100.5,0.91,0.18,0.91,1.0,1.0,0.76,-0.24,-1.0,44.0,0,1,Tennessee Tech,2023,1065
Todd Young,Kansas,Ivy,PG,6-1,73,168,R-FR,2021,37,239.756735722448,16.199779440705946,9.1,2.1,4.4,22.7,0.54,0.389,0.177,0.603,2.7,9.0,36.6,13.3,3.74,1.23,108.6,98.2,-0.85,-0.1,-0.85,0.71,0.71,0.76,0.05,-1.0,44.0,0,1,George Mason,2021,1066
Jaylen Scott,Gonzaga,Big 12,W,6-6,78,207,R-FR,2021,31,705.0880724816544,56.861941329165674,3.3,4.1,1.6,15.3,0.499,0.394,0.215,0.904,4.0,18.9,13.1,20.3,1.47,1.52,116.4,102.1,0.78,0.27,0.78,0.98,0.98,0.96,-0.02,-1.0,44.0,0,1,Ohio State,2021,1067
Jalen Martinez,Purdue,CAA,PG,6-4,76,189,R-FR,2024,24,184.6112741821517,19.230341060640804,3.0,2.7,0.6,20.7,0.427,0.316,0.149,0.71,3.6,11.6,5.1,14.3,0.83,0.85,119.6,94.6,-3.73,-0.34,-3.73,0.77,0.77,0.93,0.16,-1.0,44.0,0,1,Hofstra,2024,1068
Kofi Anderson,Memphis,SEC,F,6-6,78,212,R-FR,2020,28,392.90762278987086,35.081037749095614,10.1,6.8,1.2,30.0,0.501,0.329,0.335,0.601,12.4,25.3,10.4,10.7,1.45,1.58,108.9,94.9,1.16,0.23,1.16,0.96,0.96,0.98,0.02,-1.0,44.0,0,1,Boise State,2020,1069
Tanner Thomas,Wake Forest,Big Ten,C,6-11,83,213,R-JR,2021,18,271.85164629869075,37.75717309704038,10.0,4.5,1.4,18.9,0.598,0.249,0.228,0.684,8.9,16.1,11.3,6.4,2.44,3.23,97.4,104.6,-0.38,-0.05,-0.38,1.0,1.0,0.94,-0.06,-1.0,44.0,0,1,Butler,2021,1070
Tyrese Adams,Seton Hall,Big East,W,6-5,77,196,R-JR,2022,24,76.8,8.0,6.6,3.9,2.1,21.1,0.497,0.325,0.311,0.655,5.2,16.4,17.4,11.3,1.87,3.46,105.2,102.2,1.31,0.05,1.31,0.93,0.93,0.86,-0.07,-1.0,44.0,0,1,Penn State,2022,1071
Isaiah Cooper,George Mason,Horizon,SG,6-4,76,208,JR,2021,26,262.24740339259256,25.216096480056976,5.7,1.3,1.8,21.6,0.443,0.293,0.294,0.637,1.6,5.5,15.2,13.4,2.25,3.85,107.6,102.8,-0.86,-0.11,-0.86,0.71,0.71,0.82,0.11,-1.01,43.9,0,1,SMU,2021,1072
Tanner Brown,Hofstra,CAA,PF,6-8,80,210,R-FR,2022,25,188.79161962742788,18.87916196274279,9.0,5.9,0.2,22.0,0.505,0.242,0.04,0.681,6.7,26.2,1.0,15.0,0.2,4.26,101.3,89.5,1.57,0.15,1.57,0.77,0.77,0.93,0.16,-1.01,44.0,0,1,Virginia,2022,1073
Jake Taylor,Minnesota,A-10,SG,6-1,73,196,SO,2023,31,308.66586632407797,24.892408574522417,13.3,1.7,2.4,23.6,0.502,0.288,0.184,0.694,2.5,7.0,20.1,10.6,2.51,1.57,97.6,90.6,-1.23,-0.19,-1.23,0.86,0.86,0.86,0.0,-1.01,43.9,0,1,Mississippi State,2023,1074
Flynn Edwards,Michigan State,CUSA,PG,6-5,77,218,R-FR,2021,24,90.04516349934327,9.379704531181591,9.3,1.4,2.6,23.5,0.461,0.231,0.578,0.76,2.9,4.8,22.0,10.7,3.11,1.56,122.2,108.2,-1.34,-0.06,-1.34,0.74,0.74,1.0,0.26,-1.01,43.9,0,1,Texas,2021,1075
Paul Cook,Virginia,A-10,PF,6-7,79,182,R-SO,2023,31,776.1935380326537,62.59625306714948,7.8,3.9,0.6,18.7,0.588,0.397,0.349,0.408,6.9,14.7,4.7,12.7,3.77,4.06,106.1,100.2,0.35,0.14,0.35,0.86,0.86,0.69,-0.17,-1.01,43.9,0,1,Hofstra,2023,1076
Ivan Green,Duke,AAC,PG,6-0,72,180,R-FR,2024,30,351.14229667127245,29.26185805593937,4.1,2.7,1.2,15.2,0.474,0.432,0.258,0.758,3.3,11.5,10.4,22.5,2.14,0.9,107.5,104.9,-0.85,-0.15,-0.85,0.83,0.83,1.0,0.17,-1.01,43.9,0,1,Kansas,2024,1077
Max Young,TCU,OVC,SG,6-4,76,208,R-FR,2021,27,635.5150444167547,58.84398559414396,12.7,1.6,2.0,24.5,0.506,0.342,0.31,0.67,2.8,6.2,16.7,12.0,1.76,1.08,94.3,97.6,-0.64,-0.2,-0.64,0.69,0.69,0.96,0.27,-1.01,44.0,0,1,Louisville,2021,1078
Chris Mitchell,Maryland,Big 12,F,6-6,78,195,R-FR,2023,28,162.83149212930925,14.538526082974041,7.6,4.8,1.0,15.6,0.53,0.354,0.218,0.777,7.4,19.2,8.1,17.1,2.32,1.51,106.9,95.0,-0.58,-0.05,-0.58,0.98,0.98,0.72,-0.26,-1.01,43.9,0,1,Iowa State,2023,1079
Jalen Bell,Fordham,MAC,C,6-10,82,227,JR,2021,26,451.19072753744655,43.383723801677554,7.2,4.8,1.4,23.0,0.526,0.418,0.399,0.814,11.0,15.8,11.9,9.3,1.99,8.95,114.8,100.3,0.39,0.09,0.39,0.76,0.76,0.71,-0.05,-1.01,43.9,0,1,Miami,2021,1080
Sam Morris,BYU,MAAC,F,6-6,78,193,R-JR,2024,29,375.7921926975999,32.39587868082758,7.1,5.8,1.8,26.7,0.5,0.277,0.475,0.77,9.5,22.6,15.1,15.1,2.12,0.84,101.0,84.4,0.4,0.08,0.4,0.74,0.74,0.86,0.12,-1.02,43.9,0,1,DePaul,2024,1081
Nathan Bailey,Texas,CAA,C,6-8,80,188,R-FR,2020,28,140.80484388975,12.571861061584821,9.2,6.2,0.8,23.9,0.531,0.409,0.0,0.639,8.6,26.0,7.1,6.0,1.02,3.78,113.1,111.6,-1.77,-0.12,-1.77,0.77,0.77,0.96,0.19,-1.02,43.9,0,1,Kansas,2020,1082
Nick Thomas,Northwestern,Ivy,PG,5-11,71,228,R-JR,2024,26,307.2437183972711,29.542665230506838,7.2,2.1,2.4,23.2,0.526,0.387,0.361,0.592,0.6,11.1,20.1,12.9,1.46,1.41,100.3,99.0,1.83,0.28,1.83,0.71,0.71,0.98,0.27,-1.02,43.9,0,1,Marquette,2024,1083
DeShawn Thomas,Mississippi State,Big East,C,6-9,81,178,JR,2021,26,462.3868269690201,44.46027182394424,11.4,4.6,1.3,28.4,0.513,0.181,0.269,0.748,7.5,17.9,10.7,11.0,1.56,2.72,125.2,95.6,0.21,0.05,0.21,0.93,0.93,0.93,0.0,-1.02,43.9,0,1,Seton Hall,2021,1084
Chris Baker,Stanford,SEC,W,6-8,80,193,SO,2024,32,461.1356697225182,36.026224197071734,5.5,2.3,1.1,19.7,0.484,0.399,0.215,0.862,2.2,10.6,9.2,22.8,1.7,1.0,106.7,98.7,-2.57,-0.59,-2.57,0.96,0.96,0.98,0.02,-1.02,43.9,0,1,DePaul,2024,1085
Cade Carter,Ohio State,Big East,SG,6-1,73,159,SR,2023,27,270.40329816984655,25.037342423133943,7.7,2.3,2.2,15.8,0.479,0.247,0.445,0.577,4.0,9.0,18.4,10.4,4.06,3.72,109.8,100.6,-1.52,-0.21,-1.52,0.93,0.93,0.96,0.03,-1.02,43.9,0,1,Butler,2023,1086
Jalen Lee,Connecticut,A-10,C,6-9,81,181,R-JR,2020,32,544.6404215046706,42.55003293005239,9.2,4.1,0.2,20.7,0.535,0.238,0.0,0.712,4.2,18.5,1.0,7.7,1.43,12.39,104.7,95.9,-0.75,-0.21,-0.75,0.86,0.86,0.7,-0.16,-1.02,43.9,0,1,Air Force,2020,1087
Kevin Robinson,Nevada,Big Ten,W,6-5,77,203,JR,2022,16,306.1637724569662,47.83808944640097,9.6,2.9,2.1,24.0,0.559,0.321,0.311,0.598,0.6,15.4,17.8,13.6,2.91,2.52,96.8,99.5,-0.55,-0.08,-0.55,1.0,1.0,0.96,-0.04,-1.03,43.8,0,1,Minnesota,2022,1088
Luke Cooper,Georgetown,CAA,SF,6-3,75,213,R-FR,2021,24,104.84559962639095,10.921416627749057,8.8,2.3,1.9,23.8,0.481,0.356,0.466,0.703,4.0,8.9,16.2,20.4,1.26,0.48,100.5,103.9,-1.69,-0.09,-1.69,0.77,0.77,0.74,-0.03,-1.03,43.8,0,1,Richmond,2021,1089
Zion Lopez,Davidson,AAC,PG,6-1,73,202,R-FR,2020,35,626.5767578477188,44.75548270340849,9.0,2.1,3.7,21.7,0.409,0.376,0.287,0.695,4.4,7.3,30.8,17.6,2.62,2.39,99.2,101.0,-3.08,-0.97,-3.08,0.83,0.83,0.83,0.0,-1.03,43.8,0,1,Nevada,2020,1090
Tanner Wright,Duke,Big Ten,C,6-10,82,200,R-JR,2021,31,434.0479526031561,35.00386714541581,8.7,5.5,0.8,22.7,0.577,0.304,0.237,0.845,8.9,21.6,6.3,17.3,2.65,3.64,111.0,96.7,0.44,0.1,0.44,1.0,1.0,0.94,-0.06,-1.03,43.8,0,1,Michigan,2021,1091
Cameron Martin,Nebraska,CUSA,SF,6-5,77,199,R-FR,2024,26,155.72181000495289,14.9732509620147,2.0,4.1,0.8,13.7,0.484,0.323,0.447,0.619,5.1,17.6,6.9,21.7,1.53,1.7,119.9,108.5,-1.13,-0.09,-1.13,0.74,0.74,0.72,-0.02,-1.04,43.7,0,1,North Carolina,2024,1092
Jaylen Martinez,Houston,MVC,C,6-9,81,220,JR,2020,27,292.401924104882,27.07425223193352,1.8,4.9,0.8,20.0,0.484,0.335,0.122,0.747,5.7,21.8,6.7,15.0,2.26,8.3,100.4,90.0,-2.41,-0.35,-2.41,0.79,0.79,1.0,0.21,-1.04,43.8,0,1,BYU,2020,1093
Paul Jackson,UNLV,OVC,SF,6-8,80,178,R-FR,2024,21,207.961151376413,24.757279925763452,7.8,3.9,3.0,23.0,0.455,0.367,0.232,0.736,6.0,15.7,24.8,16.3,1.51,2.24,100.8,112.6,-3.68,-0.38,-3.68,0.69,0.69,0.71,0.02,-1.04,43.8,0,1,Arizona,2024,1094
Max Scott,Indiana,MAC,SF,6-6,78,195,R-JR,2024,23,73.60000000000001,8.0,9.4,4.4,0.6,13.6,0.546,0.356,0.171,0.701,9.5,15.1,4.7,17.4,4.02,4.3,114.7,90.8,-0.09,-0.0,-0.09,0.76,0.76,0.74,-0.02,-1.04,43.8,0,1,Saint Mary's,2024,1095
Sean Hill,Notre Dame,A-10,G,6-3,75,206,JR,2023,27,234.20624345067696,21.685763282470088,1.0,1.4,3.3,15.0,0.512,0.254,0.387,0.4,2.3,5.2,27.5,23.2,3.27,1.15,101.2,93.7,-0.69,-0.08,-0.69,0.86,0.86,0.96,0.1,-1.04,43.8,0,1,Duke,2023,1096
Elijah Thompson,Houston,AAC,G,6-0,72,191,R-JR,2021,25,140.65240135522257,14.06524013552226,7.4,1.7,3.3,22.0,0.577,0.379,0.372,0.795,2.9,6.4,27.2,13.6,3.74,2.51,109.2,97.6,0.35,0.02,0.35,0.83,0.83,0.82,-0.01,-1.04,43.7,0,1,Virginia,2021,1097
Coleman Brown,Villanova,Sun Belt,G,6-2,74,203,R-SO,2022,24,222.16931418378869,23.14263689414466,9.2,2.4,2.6,20.2,0.497,0.369,0.376,0.887,3.1,10.3,21.7,23.1,1.99,0.86,117.2,98.8,-0.74,-0.08,-0.74,0.72,0.72,0.74,0.02,-1.04,43.8,0,1,Gonzaga,2022,1098
Zion Edwards,Miami,CAA,F,6-8,80,236,R-JR,2022,34,964.3675173642337,70.90937627678188,4.4,4.3,1.6,17.4,0.575,0.218,0.15,0.71,3.4,20.4,13.3,4.2,1.3,2.73,114.5,93.7,1.39,0.67,1.39,0.77,0.77,0.96,0.19,-1.05,43.7,0,1,Notre Dame,2022,1099
Wade Davis,DePaul,Big 12,SG,6-3,75,207,R-FR,2022,31,408.48934141853414,32.94268882407533,12.8,2.0,2.7,21.1,0.671,0.33,0.432,0.593,3.6,7.5,22.4,7.6,2.2,0.87,104.9,101.8,0.14,0.03,0.14,0.98,0.98,0.74,-0.24,-1.05,43.7,0,1,SMU,2022,1100
Ben Allen,Saint Louis,WCC,SG,6-2,74,155,R-JR,2021,17,149.22223279993864,21.944445999990975,10.2,2.3,2.0,22.7,0.478,0.331,0.407,0.653,4.0,9.0,16.9,14.6,2.72,1.96,102.1,101.0,0.29,0.02,0.29,0.82,0.82,0.74,-0.08,-1.05,43.7,0,1,Murray State,2021,1101
Tyler Thomas,UCLA,Horizon,SG,6-4,76,197,R-SO,2023,24,510.55300305655965,53.18260448505829,2.7,1.7,2.2,18.7,0.547,0.478,0.402,0.732,2.6,6.8,18.7,9.4,0.2,1.35,117.5,95.7,-0.67,-0.17,-0.67,0.71,0.71,0.71,0.0,-1.05,43.7,0,1,Oklahoma,2023,1102
Alex Johnson,Richmond,WCC,SG,6-0,72,221,R-SO,2024,24,231.32490619247642,24.096344395049623,11.6,1.4,1.3,24.0,0.539,0.38,0.507,0.899,4.0,3.6,10.7,20.9,1.77,1.77,106.4,90.9,-0.51,-0.06,-0.51,0.82,0.82,0.98,0.16,-1.06,43.7,0,1,Louisville,2024,1103
Darius Jackson,Air Force,OVC,PF,6-8,80,221,SR,2021,27,253.12454432252198,23.437457807640925,10.5,4.6,1.1,20.3,0.585,0.39,0.294,0.713,8.5,16.8,8.9,9.0,2.88,9.29,97.2,106.3,0.64,0.08,0.64,0.69,0.69,0.83,0.14,-1.06,43.7,0,1,Syracuse,2021,1104
Jordan Moore,Auburn,AAC,C,6-9,81,191,R-JR,2024,22,335.2376710304102,38.09518988981934,3.2,5.2,1.0,21.9,0.486,0.2,0.088,0.741,5.5,23.6,8.7,10.6,2.7,4.46,109.3,97.0,-1.23,-0.21,-1.23,0.83,0.83,0.74,-0.09,-1.07,43.6,0,1,Northwestern,2024,1105
Nathan Turner,Oregon,CAA,G,6-4,76,197,R-JR,2020,35,556.8282858010905,39.77344898579218,8.4,1.3,3.6,25.2,0.532,0.311,0.334,0.821,0.4,6.8,29.9,16.9,1.91,1.23,111.6,105.4,1.56,0.43,1.56,0.77,0.77,0.98,0.21,-1.07,43.6,0,1,St. John's,2020,1106
Will Scott,Providence,MAC,SF,6-8,80,205,R-JR,2021,28,493.86135425216827,44.09476377251503,1.0,3.2,1.3,14.9,0.486,0.27,0.269,0.649,6.5,11.4,10.7,10.0,1.5,0.94,103.7,103.0,1.03,0.25,1.03,0.76,0.76,0.74,-0.02,-1.07,43.6,0,1,Indiana,2021,1107
Owen King,Cincinnati,Big East,PG,6-0,72,221,JR,2024,28,466.1528107537344,41.620786674440566,5.5,2.7,1.1,28.0,0.518,0.287,0.55,0.675,6.3,8.9,9.5,16.2,0.94,3.65,104.8,105.9,1.2,0.28,1.2,0.93,0.93,0.83,-0.1,-1.07,43.6,0,1,Boise State,2024,1108
Cole Rivera,Seton Hall,Big Ten,W,6-7,79,233,R-JR,2020,23,203.41710575575834,22.110554973451997,7.3,3.6,1.6,21.0,0.493,0.384,0.423,0.741,4.7,15.4,13.0,21.4,1.55,1.89,127.4,104.3,0.55,0.06,0.55,1.0,1.0,0.96,-0.04,-1.07,43.6,0,1,Kansas,2020,1109
Elijah White,Illinois,CUSA,SG,6-6,78,184,JR,2021,37,515.0367649412972,34.799781414952506,5.2,1.8,1.7,21.1,0.507,0.329,0.389,0.733,4.8,5.5,14.0,16.5,3.48,0.1,98.9,99.3,0.81,0.21,0.81,0.74,0.74,0.74,0.0,-1.08,43.5,0,1,Penn State,2021,1110
Nick Green,UCLA,ACC,W,6-3,75,186,R-JR,2021,31,548.2286663044854,44.21198921810366,10.0,3.5,1.4,23.4,0.471,0.279,0.334,0.652,4.8,14.6,12.0,12.6,2.94,1.56,104.7,99.7,0.83,0.23,0.83,0.94,0.94,0.93,-0.01,-1.08,43.5,0,1,Wisconsin,2021,1111
Darius Baker,Virginia Tech,AAC,C,6-10,82,217,JR,2020,27,187.0817857493083,17.3223875693804,4.0,4.9,0.8,27.2,0.466,0.319,0.041,0.701,8.6,18.5,6.5,9.6,3.68,2.26,101.0,87.7,-1.47,-0.14,-1.47,0.83,0.83,0.76,-0.07,-1.08,43.5,0,1,Syracuse,2020,1112
Zach White,Houston,WCC,C,6-11,83,191,JR,2021,23,73.60000000000001,8.0,12.5,3.5,0.2,22.0,0.529,0.268,0.338,0.76,4.2,15.0,1.0,16.7,1.71,9.93,106.9,97.5,-0.01,-0.0,-0.01,0.82,0.82,0.96,0.14,-1.09,43.5,0,1,Seton Hall,2021,1113
Quinn Allen,Iowa State,MAC,F,6-8,80,187,JR,2021,27,470.1780965765761,43.53500894227556,5.4,6.6,0.2,10.0,0.478,0.258,0.084,0.597,13.6,22.9,1.7,12.5,1.38,1.87,103.2,95.7,0.31,0.07,0.31,0.76,0.76,0.76,0.0,-1.09,43.5,0,1,Wake Forest,2021,1114
Cole Wright,SMU,MAAC,SF,6-4,76,220,R-JR,2020,32,537.2057350646706,41.96919805192739,12.0,2.8,0.9,14.9,0.578,0.392,0.096,0.695,7.7,7.9,7.3,13.8,3.85,3.2,121.0,93.1,-0.85,-0.23,-0.85,0.74,0.74,0.71,-0.03,-1.09,43.5,0,1,Mississippi State,2020,1115
Nathan Hernandez,Cincinnati,A-10,SF,6-8,80,212,R-FR,2023,31,375.74016895702937,30.30162652879269,12.6,2.6,1.9,27.5,0.561,0.331,0.43,0.562,2.8,11.6,15.8,13.8,2.72,1.44,109.3,113.0,-0.85,-0.16,-0.85,0.86,0.86,0.76,-0.1,-1.11,43.4,0,1,Northwestern,2023,1116
Elijah Davis,Notre Dame,Sun Belt,SG,6-3,75,207,SO,2020,26,213.64286467391418,20.542583141722513,6.0,2.0,1.6,21.8,0.513,0.294,0.294,0.708,3.1,7.9,13.1,8.7,2.7,2.34,117.9,100.0,-2.72,-0.29,-2.72,0.72,0.72,0.74,0.02,-1.11,43.3,0,1,Nebraska,2020,1117
Cameron Turner,Florida State,AAC,F,6-7,79,194,JR,2022,25,347.00187058755535,34.70018705875553,10.0,4.7,1.4,26.0,0.503,0.232,0.081,0.566,8.7,17.7,11.9,11.9,2.53,2.02,112.9,97.9,0.65,0.11,0.65,0.83,0.83,0.77,-0.06,-1.11,43.4,0,1,Marquette,2022,1118
Sam Martin,Richmond,Big East,W,6-4,76,202,JR,2021,22,99.65800854373515,11.324773698151722,4.5,3.0,2.3,20.5,0.456,0.439,0.412,0.692,7.9,8.7,19.2,17.9,2.26,3.59,118.0,98.6,-1.74,-0.09,-1.74,0.93,0.93,1.0,0.07,-1.12,43.3,0,1,Providence,2021,1119
Tyler Taylor,Michigan State,A-10,W,6-7,79,213,R-JR,2023,20,231.19603542331043,28.8995044279138,9.6,4.1,1.7,18.2,0.533,0.411,0.555,0.717,8.3,14.5,13.9,8.3,2.04,1.17,109.8,97.2,1.69,0.2,1.69,0.86,0.86,1.0,0.14,-1.12,43.3,0,1,Davidson,2023,1120
Uriah Thomas,Iowa,Horizon,SG,6-3,75,180,SO,2020,26,400.03452698479754,38.46485836392284,3.7,1.8,2.0,24.1,0.503,0.265,0.493,0.682,4.5,5.6,16.7,15.8,0.38,1.8,115.1,96.1,1.28,0.26,1.28,0.71,0.71,0.74,0.03,-1.12,43.3,0,1,Richmond,2020,1121
Kevin Johnson,Minnesota,WAC,PF,6-6,78,201,FR,2021,26,400.7686073382322,38.535443013291555,11.2,6.1,2.1,28.3,0.531,0.244,0.259,0.787,7.1,26.7,17.3,15.8,3.3,0.3,100.0,98.7,-1.1,-0.22,-1.1,0.7,0.7,1.0,0.3,-1.12,43.3,0,1,BYU,2021,1122
Reed Clark,Mississippi State,Sun Belt,C,6-9,81,209,JR,2021,19,218.34613518023585,28.7297546289784,3.7,4.9,1.3,27.4,0.501,0.243,0.485,0.773,8.0,19.1,10.5,10.0,1.79,9.49,122.0,96.9,-1.99,-0.22,-1.99,0.72,0.72,0.83,0.11,-1.12,43.3,0,1,Cincinnati,2021,1123
Darius Davis,Minnesota,CUSA,C,6-10,82,173,JR,2024,25,284.0725274043408,28.407252740434078,9.8,4.5,1.8,18.6,0.515,0.398,0.145,0.612,2.4,22.9,14.6,7.8,2.78,5.74,110.1,92.1,0.24,0.03,0.24,0.74,0.74,0.74,0.0,-1.12,43.3,0,1,DePaul,2024,1124
Nick Scott,Eastern Kentucky,Big Ten,PG,6-1,73,199,R-SO,2023,31,604.4194040882821,48.74350032970017,1.4,2.7,4.2,12.1,0.519,0.303,0.458,0.417,3.7,11.4,34.6,24.4,2.6,2.28,107.5,94.7,0.16,0.05,0.16,1.0,1.0,0.98,-0.02,-1.13,43.2,0,1,Xavier,2023,1125
Andrej Turner,Wake Forest,WCC,C,6-7,79,204,R-FR,2023,29,92.8,8.0,2.9,3.3,0.9,11.7,0.571,0.284,0.218,0.673,2.0,16.4,7.7,11.5,1.64,3.39,111.1,101.4,-1.91,-0.09,-1.91,0.82,0.82,0.76,-0.06,-1.13,43.2,0,1,Oregon,2023,1126
DeShawn Robinson,Dayton,OVC,G,6-3,75,189,FR,2022,28,557.0136008623158,49.733357219849616,11.9,1.7,1.8,27.1,0.601,0.343,0.288,0.668,2.6,7.1,15.2,12.8,1.78,0.92,96.9,104.3,1.77,0.49,1.77,0.69,0.69,0.94,0.25,-1.13,43.2,0,1,TCU,2022,1127
Nick Martin,Virginia,Horizon,G,6-6,78,195,R-SO,2022,31,534.0612567137448,43.06945618659232,9.3,2.5,2.5,16.7,0.583,0.242,0.687,0.66,2.6,11.5,20.7,12.8,4.42,1.06,127.3,102.0,1.8,0.48,1.8,0.71,0.71,1.0,0.29,-1.13,43.2,0,1,Wake Forest,2022,1128
Zion Anderson,Fordham,WAC,PF,6-8,80,216,R-JR,2023,27,341.71793708478583,31.64054973007276,6.5,3.6,0.5,15.1,0.483,0.176,0.089,0.75,2.5,17.2,4.4,7.2,3.09,7.38,113.0,91.6,-0.4,-0.07,-0.4,0.7,0.7,1.0,0.3,-1.13,43.2,0,1,Tulsa,2023,1129
Malik Roberts,Murray State,SEC,SF,6-6,78,218,JR,2022,31,156.9553337651671,12.657688206868315,9.4,2.5,1.2,25.4,0.635,0.333,0.21,0.577,4.5,9.3,10.4,12.7,2.1,1.99,102.8,94.1,0.19,0.01,0.19,0.96,0.96,0.83,-0.13,-1.14,43.2,0,1,Penn State,2022,1130
Evan Harris,Eastern Kentucky,Big Ten,PG,6-0,72,215,R-FR,2024,21,376.3087945972013,44.79866602347635,1.5,1.6,2.2,15.2,0.466,0.369,0.212,0.746,1.5,7.6,18.2,29.6,0.54,1.99,109.2,93.3,-1.51,-0.28,-1.51,1.0,1.0,0.76,-0.24,-1.14,43.2,0,1,DePaul,2024,1131
Kevin Murphy,Wake Forest,AAC,SF,6-2,74,195,SO,2024,29,597.7381278668425,51.529148954038156,2.9,3.4,1.7,12.5,0.566,0.344,0.117,0.709,3.5,15.6,14.4,12.5,1.84,0.1,118.4,107.0,0.65,0.19,0.65,0.83,0.83,0.76,-0.07,-1.14,43.2,0,1,Mississippi State,2024,1132
Will Jackson,Vanderbilt,CUSA,G,6-4,76,185,SO,2020,24,343.3419567948837,35.764787166133715,7.2,1.7,3.7,16.2,0.665,0.413,0.339,0.7,4.7,4.7,30.8,15.7,2.88,2.47,119.7,91.6,-0.32,-0.06,-0.32,0.74,0.74,0.94,0.2,-1.14,43.2,0,1,Utah State,2020,1133
Jake Gonzalez,Northwestern,Ivy,PF,6-8,80,197,FR,2024,22,217.21286453113072,24.683280060355766,4.0,6.3,1.4,21.4,0.569,0.24,0.19,0.657,14.1,20.7,11.7,4.0,2.13,9.71,122.0,88.1,-0.52,-0.06,-0.52,0.71,0.71,0.74,0.03,-1.14,43.2,0,1,Boise State,2024,1134
Flynn Brown,Rutgers,SEC,SF,6-6,78,211,R-JR,2022,32,486.6418002875756,38.01889064746685,8.3,3.4,1.2,20.9,0.504,0.388,0.349,0.678,7.5,11.4,10.1,14.0,1.24,1.43,117.8,90.9,-1.08,-0.26,-1.08,0.96,0.96,0.74,-0.22,-1.14,43.2,0,1,Davidson,2022,1135
Elijah Hall,Creighton,MVC,W,6-6,78,157,R-FR,2021,25,329.7769819748202,32.97769819748202,3.4,3.4,2.0,15.7,0.495,0.346,0.185,0.737,4.1,14.9,16.4,14.4,3.05,3.06,120.0,91.0,-2.82,-0.46,-2.82,0.79,0.79,0.79,0.0,-1.15,43.1,0,1,Tulsa,2021,1136
Andre Reed,Texas,MAC,PG,6-1,73,232,FR,2021,34,551.0369905045236,40.51742577239144,2.4,2.1,3.5,26.3,0.375,0.353,0.148,0.765,2.8,9.1,29.0,20.2,0.73,1.36,94.6,102.9,0.43,0.12,0.43,0.76,0.76,0.86,0.1,-1.15,43.1,0,1,William & Mary,2021,1137
Isaiah Turner,George Mason,MAC,SF,6-7,79,201,R-JR,2021,20,155.11287172405852,19.389108965507315,1.0,2.7,2.0,10.0,0.46,0.274,0.304,0.715,5.8,9.2,16.8,11.3,2.21,0.39,117.9,99.1,-0.85,-0.07,-0.85,0.76,0.76,0.94,0.18,-1.15,43.1,0,1,UNLV,2021,1138
Omar Rivera,Maryland,CAA,G,6-6,78,233,JR,2020,26,168.73834413407238,16.224840782122342,4.1,2.3,2.3,25.0,0.564,0.307,0.331,0.7,2.9,9.8,19.2,17.0,3.55,1.22,106.7,98.4,-0.01,-0.0,-0.01,0.77,0.77,0.71,-0.06,-1.15,43.1,0,1,Butler,2020,1139
Reed Roberts,Seton Hall,AAC,PG,6-0,72,206,JR,2020,20,222.88102640828447,27.86012830103556,1.0,2.3,2.9,20.2,0.548,0.312,0.572,0.571,5.0,7.9,24.2,16.0,0.53,1.36,113.6,102.7,-0.8,-0.09,-0.8,0.83,0.83,0.7,-0.13,-1.16,43.1,0,1,Marquette,2020,1140
Tyler Allen,Nebraska,MAAC,C,6-11,83,191,R-JR,2021,25,637.7397302190857,63.77397302190857,13.6,3.8,1.3,21.6,0.46,0.214,0.25,0.822,4.8,16.5,10.7,7.7,1.29,4.21,124.9,93.9,-2.01,-0.64,-2.01,0.74,0.74,0.94,0.2,-1.16,43.0,0,1,Florida State,2021,1141
Paul Perez,Seton Hall,MAAC,C,6-9,81,216,R-FR,2023,30,526.7788991693257,43.89824159744381,3.1,3.9,1.7,21.8,0.504,0.302,0.018,0.645,4.8,16.6,14.4,14.0,0.77,3.82,112.0,103.5,-2.41,-0.64,-2.41,0.74,0.74,0.93,0.19,-1.16,43.0,0,1,Cincinnati,2023,1142
Ivan Parker,TCU,WAC,SG,6-4,76,241,FR,2021,24,481.41044364650054,50.146921213177144,7.0,1.7,1.4,19.6,0.525,0.4,0.3,0.666,4.5,5.0,11.5,14.5,3.72,0.31,104.8,102.8,-0.33,-0.08,-0.33,0.7,0.7,0.79,0.09,-1.16,43.1,0,1,Memphis,2021,1143
Blake Jackson,Ohio State,CUSA,F,6-7,79,179,R-JR,2024,25,337.90562300226816,33.79056230022682,8.0,4.0,0.4,28.6,0.492,0.282,0.0,0.652,5.0,17.3,3.3,13.5,1.9,1.02,111.0,98.6,-1.17,-0.2,-1.17,0.74,0.74,0.79,0.05,-1.17,43.0,0,1,Villanova,2024,1144
Paul Hill,UCLA,WAC,C,6-10,82,169,SO,2024,34,322.3590440201899,23.70287088383749,6.0,6.0,1.3,17.0,0.573,0.253,0.0,0.515,11.2,22.4,10.4,12.7,1.49,8.17,97.2,96.4,0.26,0.04,0.26,0.7,0.7,0.7,0.0,-1.17,43.0,0,1,San Diego State,2024,1145
Zion Clark,Oklahoma,AAC,PG,6-2,74,227,R-FR,2020,21,281.57251132588067,33.52053706260484,3.0,1.8,2.0,23.2,0.554,0.296,0.181,0.709,1.2,8.8,16.4,25.5,1.51,0.61,111.3,89.1,-2.6,-0.37,-2.6,0.83,0.83,0.74,-0.09,-1.17,43.0,0,1,USC,2020,1146
Tanner Evans,George Mason,AAC,W,6-6,78,225,FR,2022,19,228.5422481608528,30.071348442217477,11.7,3.0,1.6,24.0,0.477,0.367,0.351,0.651,5.9,10.6,13.6,14.5,1.42,2.3,108.2,101.6,-1.51,-0.17,-1.51,0.83,0.83,0.93,0.1,-1.18,42.9,0,1,Creighton,2022,1147
DeShawn Taylor,William & Mary,Horizon,C,6-11,83,216,R-FR,2024,28,236.30636303391353,21.098782413742278,4.3,5.9,0.8,23.5,0.522,0.299,0.264,0.713,16.5,16.3,6.9,14.2,1.77,6.5,100.8,100.2,0.41,0.05,0.41,0.71,0.71,0.74,0.03,-1.18,42.9,0,1,Xavier,2024,1148
Uriah Young,Minnesota,Ivy,G,6-2,74,204,R-FR,2021,28,250.25552570740177,22.344243366732304,1.0,1.7,4.1,20.8,0.379,0.22,0.19,0.814,4.4,5.0,34.0,21.6,2.68,0.34,122.1,103.5,-4.09,-0.51,-4.09,0.71,0.71,1.0,0.29,-1.18,42.9,0,1,Florida,2021,1149
Chris Scott,Rutgers,ACC,W,6-6,78,201,R-JR,2022,26,244.89696715513355,23.547785303378223,8.9,4.1,1.7,19.5,0.491,0.314,0.459,0.768,8.6,14.4,13.9,17.0,3.28,2.16,114.6,115.0,-1.95,-0.24,-1.95,0.94,0.94,0.71,-0.23,-1.18,42.9,0,1,Tulsa,2022,1150
Omar Lewis,Butler,AAC,C,7-0,84,235,R-FR,2023,33,242.06138838535753,18.337983968587693,14.9,5.4,1.4,23.5,0.556,0.217,0.404,0.538,11.3,19.0,11.9,11.4,2.34,6.39,111.5,100.3,0.6,0.07,0.6,0.83,0.83,0.98,0.15,-1.18,42.9,0,1,Nebraska,2023,1151
Luka Young,William & Mary,MAC,G,6-3,75,205,R-FR,2023,28,345.32035834648934,30.832174852365124,1.0,1.3,2.6,11.9,0.549,0.329,0.399,0.577,0.4,6.9,22.1,18.1,1.64,0.9,107.8,100.8,0.94,0.16,0.94,0.76,0.76,1.0,0.24,-1.18,42.9,0,1,George Mason,2023,1152
Ryan Turner,Xavier,A-10,SF,6-9,81,208,R-JR,2023,33,430.4113816454674,32.60692285192935,5.4,3.4,2.4,19.6,0.411,0.24,0.055,0.619,10.1,8.8,20.3,13.0,3.43,2.18,118.8,95.7,-1.3,-0.28,-1.3,0.86,0.86,0.94,0.08,-1.19,42.9,0,1,William & Mary,2023,1153
Tyler Gonzalez,Hofstra,ACC,C,6-11,83,185,FR,2024,18,209.8591041137487,29.14709779357621,5.2,4.9,1.2,19.4,0.473,0.235,0.098,0.93,7.6,19.4,10.0,14.1,1.72,7.62,113.0,90.5,-1.74,-0.18,-1.74,0.94,0.94,0.98,0.04,-1.19,42.9,0,1,Vanderbilt,2024,1154
Malik Campbell,Duke,Horizon,PG,6-3,75,193,R-FR,2020,37,273.92069439914104,18.50815502696899,3.9,2.4,3.5,13.0,0.552,0.322,0.136,0.662,2.6,10.6,29.0,11.2,2.38,1.82,111.7,90.1,-2.53,-0.35,-2.53,0.71,0.71,0.82,0.11,-1.19,42.8,0,1,Boston College,2020,1155
Will Adams,William & Mary,Horizon,F,6-6,78,177,R-JR,2023,21,485.85716807016894,57.84013905597249,4.4,6.2,1.1,14.8,0.578,0.36,0.346,0.544,8.1,26.5,9.4,15.2,2.46,2.39,121.7,98.1,0.18,0.04,0.18,0.71,0.71,0.7,-0.01,-1.2,42.8,0,1,Michigan,2023,1156
Eric Brown,Florida State,ACC,SF,6-10,82,178,R-FR,2024,32,597.6960395609299,46.695003090697654,11.5,3.8,1.8,32.4,0.519,0.315,0.139,0.573,9.2,11.7,14.8,11.8,1.75,0.71,114.2,97.7,0.66,0.2,0.66,0.94,0.94,0.98,0.04,-1.2,42.8,0,1,William & Mary,2024,1157
Quinn Evans,Florida State,Big East,C,7-0,84,233,R-FR,2023,29,188.54745129242193,16.254090628657064,5.6,4.1,1.6,13.6,0.587,0.401,0.279,0.728,7.5,15.3,13.1,7.5,4.4,6.79,116.1,100.6,-1.87,-0.18,-1.87,0.93,0.93,0.74,-0.19,-1.2,42.8,0,1,Indiana,2023,1158
Damian Brown,North Carolina,Big 12,SF,6-5,77,199,JR,2023,23,73.60000000000001,8.0,4.3,3.5,2.1,23.1,0.531,0.359,0.556,0.541,8.5,10.8,17.7,8.7,2.2,1.74,119.9,88.6,-0.25,-0.01,-0.25,0.98,0.98,0.96,-0.02,-1.2,42.8,0,1,Iowa State,2023,1159
Coleman Lee,Ohio State,SEC,G,6-0,72,252,R-SO,2023,24,405.0959319973655,42.197492916392235,4.6,2.0,2.0,14.1,0.557,0.312,0.559,0.581,2.2,8.9,17.0,19.2,2.22,2.03,125.9,114.2,-0.13,-0.03,-0.13,0.96,0.96,0.71,-0.25,-1.2,42.8,0,1,USC,2023,1160
Patrick Lee,Florida State,OVC,G,6-3,75,182,R-JR,2020,27,593.69372151722,54.97164088122407,11.3,2.3,3.8,18.6,0.479,0.254,0.593,0.665,4.6,8.2,32.0,19.3,3.05,2.22,114.6,101.3,-1.46,-0.43,-1.46,0.69,0.69,0.94,0.25,-1.21,42.8,0,1,Syracuse,2020,1161
Zach Hill,George Mason,MAC,SF,6-7,79,217,JR,2020,22,198.0136953078316,22.501556284980865,10.0,4.2,1.6,21.6,0.471,0.285,0.263,0.767,6.5,16.8,13.4,7.9,4.33,2.1,104.7,104.1,-0.8,-0.08,-0.8,0.76,0.76,0.82,0.06,-1.21,42.7,0,1,Richmond,2020,1162
Zach Thompson,Xavier,MAC,PG,6-3,75,230,R-FR,2021,31,105.25635783956358,8.488415954803513,5.4,0.6,1.4,25.4,0.581,0.366,0.568,0.645,0.2,3.1,11.8,8.3,0.84,0.57,116.5,100.7,2.04,0.11,2.04,0.76,0.76,0.71,-0.05,-1.21,42.7,0,1,Tennessee,2021,1163
Nathan Carter,Nevada,CUSA,SG,6-4,76,206,R-FR,2020,25,374.65659482975457,37.465659482975454,1.0,1.1,1.5,22.6,0.494,0.355,0.45,0.559,3.1,3.2,12.7,21.8,2.77,1.83,103.2,108.3,-1.4,-0.26,-1.4,0.74,0.74,0.74,0.0,-1.21,42.7,0,1,Eastern Kentucky,2020,1164
Brandon Scott,Georgetown,WCC,PF,6-8,80,179,R-FR,2022,28,512.4373793355268,45.753337440672034,8.3,5.3,1.1,26.0,0.51,0.164,0.141,0.645,9.8,19.6,9.0,9.5,2.18,5.31,108.8,105.4,0.66,0.17,0.66,0.82,0.82,0.74,-0.08,-1.21,42.7,0,1,Duke,2022,1165
Kyle Murphy,Oklahoma,CUSA,C,7-0,84,193,R-JR,2021,28,448.76986701200224,40.06873812607163,6.7,3.3,0.8,18.3,0.609,0.29,0.163,0.765,5.1,13.0,6.7,14.0,3.24,4.27,116.9,102.1,-0.29,-0.07,-0.29,0.74,0.74,0.94,0.2,-1.21,42.8,0,1,Iowa State,2021,1166
Nick Perez,BYU,MAAC,W,6-9,81,227,JR,2022,35,376.1065862112399,26.86475615794571,12.9,3.0,1.3,21.7,0.61,0.235,0.498,0.776,6.4,10.3,10.4,17.7,2.62,2.61,110.1,101.9,-2.06,-0.39,-2.06,0.74,0.74,0.71,-0.03,-1.21,42.7,0,1,Minnesota,2022,1167
Reed Hernandez,Fordham,Sun Belt,W,6-10,82,240,R-SO,2024,25,290.75321538937646,29.07532153893765,11.1,1.2,1.4,23.3,0.499,0.262,0.378,0.616,2.5,4.2,11.4,18.3,0.22,2.04,104.8,92.7,-1.08,-0.16,-1.08,0.72,0.72,0.69,-0.03,-1.21,42.7,0,1,Arizona,2024,1168
Cameron Lee,Miami,MVC,SG,6-5,77,242,R-JR,2024,28,512.263857951401,45.73784445994651,7.1,1.7,1.9,16.2,0.47,0.277,0.277,0.697,2.2,7.2,16.2,16.0,2.41,2.05,132.6,102.2,0.13,0.03,0.13,0.79,0.79,0.94,0.15,-1.22,42.7,0,1,Maryland,2024,1169
Nick Cook,Davidson,CUSA,PF,6-5,77,199,R-JR,2021,24,76.8,8.0,5.6,4.8,0.6,20.4,0.591,0.272,0.185,0.634,4.1,22.5,5.1,19.7,1.86,5.32,124.9,101.7,-2.74,-0.11,-2.74,0.74,0.74,0.93,0.19,-1.22,42.7,0,1,Kentucky,2021,1170
Damian Wilson,Auburn,Big East,SG,6-0,72,211,R-JR,2024,34,393.62947168078017,28.943343505939715,9.1,1.6,2.6,21.8,0.573,0.286,0.297,0.769,4.5,4.2,21.6,10.9,2.87,4.3,98.7,101.3,-0.81,-0.16,-0.81,0.93,0.93,0.74,-0.19,-1.23,42.6,0,1,Indiana,2024,1171
Luka Davis,USC,AAC,SG,6-1,73,231,R-JR,2023,28,322.0355032975862,28.753169937284483,4.7,1.6,0.8,23.7,0.566,0.341,0.315,0.657,3.2,5.8,7.0,13.1,1.67,1.11,115.5,99.2,-1.24,-0.2,-1.24,0.83,0.83,0.79,-0.04,-1.24,42.6,0,1,Auburn,2023,1172
Henry Edwards,Nebraska,Big East,PF,6-6,78,182,JR,2024,21,193.16695578165707,22.996066164482983,5.1,5.1,1.0,16.0,0.418,0.304,0.144,0.732,11.0,17.2,8.5,17.5,2.94,5.46,105.6,102.3,-1.33,-0.13,-1.33,0.93,0.93,0.96,0.03,-1.24,42.6,0,1,San Diego State,2024,1173
Damian Scott,Ohio State,MAAC,W,6-5,77,220,R-FR,2022,26,301.0203762078627,28.94426694306372,1.0,3.8,3.1,12.3,0.493,0.276,0.421,0.655,3.4,17.7,25.9,13.8,0.7,1.9,93.2,90.9,-0.54,-0.08,-0.54,0.74,0.74,0.71,-0.03,-1.25,42.5,0,1,Texas,2022,1174
Jaylen Reed,UNLV,ACC,SG,6-4,76,203,R-JR,2023,30,431.46599400278836,35.955499500232364,8.7,1.2,1.5,24.9,0.481,0.399,0.595,0.748,4.5,2.4,12.4,10.5,2.32,0.93,108.3,109.5,-1.89,-0.41,-1.89,0.94,0.94,0.98,0.04,-1.25,42.5,0,1,Ohio State,2023,1175
Max Johnson,Iowa State,Ivy,G,6-3,75,191,JR,2022,27,531.5105847152074,49.21394302918587,7.3,1.0,4.0,20.0,0.603,0.222,0.507,0.66,1.9,3.6,33.4,15.4,3.78,1.07,104.6,107.1,0.03,0.01,0.03,0.71,0.71,0.96,0.25,-1.25,42.5,0,1,Boise State,2022,1176
Nick Parker,Gonzaga,OVC,SG,6-2,74,194,JR,2024,24,196.93558701369284,20.51412364725967,7.7,2.3,1.6,23.2,0.582,0.279,0.407,0.486,1.6,10.9,13.4,14.5,0.2,1.11,114.4,102.0,1.59,0.16,1.59,0.69,0.69,0.72,0.03,-1.25,42.5,0,1,Virginia Tech,2024,1177
DeShawn Gonzalez,Boston College,Sun Belt,PF,6-9,81,194,SO,2024,25,200.59158571220064,20.059158571220063,7.6,3.8,0.9,14.8,0.566,0.269,0.05,0.72,9.7,11.6,7.6,11.3,2.32,6.87,103.7,96.7,1.63,0.16,1.63,0.72,0.72,0.83,0.11,-1.25,42.5,0,1,Saint Mary's,2024,1178
Andre Martinez,Marquette,Sun Belt,PF,6-9,81,188,R-JR,2022,22,296.0753916866999,33.644930873488626,2.7,6.8,0.6,17.9,0.509,0.232,0.105,0.546,12.2,25.8,5.3,15.9,2.17,4.47,99.8,95.8,0.6,0.09,0.6,0.72,0.72,0.74,0.02,-1.25,42.5,0,1,Rutgers,2022,1179
Derek Rogers,Baylor,CUSA,PG,6-0,72,191,JR,2024,21,113.50427835664249,13.512414090076486,5.9,2.4,3.2,23.2,0.569,0.408,0.475,0.712,2.1,11.1,26.4,14.0,1.64,1.66,111.5,103.8,1.44,0.08,1.44,0.74,0.74,0.98,0.24,-1.26,42.5,0,1,Belmont,2024,1180
Uriah Wright,Gonzaga,A-10,PF,6-10,82,194,R-SO,2024,31,674.1087061989607,54.36360533862587,2.3,4.1,1.2,20.9,0.385,0.11,0.079,0.565,9.5,13.5,10.2,14.7,1.24,5.13,86.8,89.6,0.09,0.03,0.09,0.86,0.86,0.77,-0.09,-1.26,42.4,0,1,Louisville,2024,1181
Jake King,Tulsa,SEC,C,6-8,80,216,R-JR,2024,29,555.2439345642703,47.865856427954334,3.6,4.1,1.1,19.7,0.491,0.316,0.004,0.631,3.5,19.2,9.3,9.7,3.02,1.89,104.3,102.8,0.79,0.22,0.79,0.96,0.96,0.72,-0.24,-1.26,42.4,0,1,Purdue,2024,1182
Owen Green,St. Bonaventure,MAC,SF,6-6,78,223,R-SO,2023,27,159.3252792511156,14.752340671399594,10.1,3.1,1.2,18.3,0.488,0.379,0.605,0.807,4.5,12.7,10.1,10.0,1.05,1.06,111.8,87.5,-1.8,-0.14,-1.8,0.76,0.76,0.93,0.17,-1.26,42.4,0,1,Boise State,2023,1183
Blake Turner,UCLA,Big Ten,PG,6-2,74,200,FR,2024,31,382.82046089293004,30.872617813945975,3.6,2.6,4.4,19.1,0.504,0.328,0.374,0.719,3.8,10.4,36.6,27.0,1.4,1.33,116.3,87.6,0.03,0.01,0.03,1.0,1.0,0.83,-0.17,-1.26,42.4,0,1,Clemson,2024,1184
Zach Martin,North Carolina,Horizon,PG,6-3,75,224,JR,2021,25,422.2776958397501,42.22776958397501,5.1,1.1,3.3,12.7,0.509,0.298,0.329,0.757,1.4,4.9,27.3,15.9,1.36,2.31,113.9,97.9,-2.29,-0.48,-2.29,0.71,0.71,0.79,0.08,-1.26,42.5,0,1,Air Force,2021,1185
Flynn Harris,San Diego State,MAC,W,6-7,79,206,R-JR,2022,22,204.22133352995417,23.206969719312976,7.4,4.0,2.7,20.3,0.578,0.472,0.325,0.878,5.1,17.3,22.5,9.9,1.72,0.47,101.7,103.0,0.03,0.0,0.03,0.76,0.76,0.77,0.01,-1.26,42.5,0,1,Oregon,2022,1186
Trevion Stewart,Boston College,Sun Belt,G,6-5,77,173,R-JR,2020,31,551.3500169197168,44.463711041912646,7.2,1.2,1.6,19.1,0.501,0.353,0.397,0.818,2.8,3.7,13.7,16.8,2.92,0.77,115.2,94.5,-1.42,-0.39,-1.42,0.72,0.72,0.77,0.05,-1.26,42.5,0,1,Austin Peay,2020,1187
Tyler Wright,Murray State,OVC,W,6-8,80,200,R-FR,2022,23,321.41895219486565,34.9368426298767,4.1,2.5,1.1,18.8,0.381,0.231,0.408,0.817,4.0,9.8,9.0,14.2,2.17,0.48,114.9,115.5,-1.02,-0.16,-1.02,0.69,0.69,0.77,0.08,-1.26,42.4,0,1,Eastern Kentucky,2022,1188
Max Morris,Minnesota,SEC,PF,6-7,79,188,R-JR,2021,26,409.27394687661115,39.35326412275107,5.9,3.4,1.1,17.4,0.548,0.308,0.333,0.744,6.3,12.5,9.3,16.9,2.99,9.45,132.9,97.6,0.56,0.11,0.56,0.96,0.96,0.94,-0.02,-1.27,42.4,0,1,Houston,2021,1189
Cole Taylor,St. John's,MAC,F,6-7,79,203,JR,2020,26,302.5813680067501,29.094362308341356,2.3,3.5,1.3,22.6,0.46,0.265,0.0,0.607,4.0,15.4,10.9,9.5,3.18,1.38,106.9,99.1,1.24,0.19,1.24,0.76,0.76,0.96,0.2,-1.27,42.4,0,1,USC,2020,1190
Kofi Collins,Wisconsin,WAC,SF,6-6,78,215,R-JR,2024,29,449.41754100951687,38.74289146633766,6.9,0.8,1.9,21.9,0.572,0.313,0.301,0.739,1.7,3.0,16.0,14.9,3.77,2.2,113.9,97.3,-2.36,-0.53,-2.36,0.7,0.7,0.79,0.09,-1.28,42.3,0,1,Stanford,2024,1191
Luka Rodriguez,Pittsburgh,Big East,G,6-3,75,186,R-SO,2023,22,204.4800963089656,23.236374580564274,5.5,1.4,1.5,22.0,0.596,0.315,0.433,0.67,0.2,7.5,12.2,19.2,3.79,0.86,118.2,94.4,-0.54,-0.06,-0.54,0.93,0.93,1.0,0.07,-1.28,42.3,0,1,Virginia Tech,2023,1192
Trevion Roberts,Penn State,CUSA,SF,6-6,78,156,R-JR,2023,26,377.7148071909929,36.318731460672396,10.3,2.4,2.9,18.2,0.545,0.419,0.381,0.918,7.0,6.6,24.4,18.4,2.58,2.15,101.4,88.2,-0.55,-0.1,-0.55,0.74,0.74,0.69,-0.05,-1.28,42.3,0,1,Murray State,2023,1193
Will Garcia,Louisville,MAAC,W,6-4,76,205,R-FR,2020,21,275.4344195174706,32.78981184731793,7.5,4.3,1.8,15.9,0.58,0.423,0.459,0.605,10.7,13.1,14.8,13.7,2.67,2.03,104.7,97.8,-0.19,-0.03,-0.19,0.74,0.74,0.74,0.0,-1.28,42.3,0,1,Nebraska,2020,1194
Quinn Scott,Illinois,Horizon,PG,6-2,74,219,R-JR,2020,21,293.8993422592708,34.98801693562748,6.4,3.0,3.4,17.8,0.46,0.427,0.415,0.798,5.5,10.9,28.4,18.7,3.65,1.86,118.3,97.2,0.16,0.02,0.16,0.71,0.71,0.74,0.03,-1.28,42.3,0,1,Austin Peay,2020,1195
Zion Nelson,Rutgers,ACC,SF,6-9,81,223,SR,2020,27,725.0177386148665,67.13127209396913,10.7,2.8,1.9,23.2,0.546,0.375,0.423,0.717,5.8,9.7,15.6,22.1,3.41,1.8,117.8,93.0,-0.75,-0.27,-0.75,0.94,0.94,0.94,0.0,-1.29,42.3,0,1,Michigan,2020,1196
Victor Davis,Vanderbilt,A-10,C,7-0,84,174,R-SO,2024,35,374.6864593480715,26.76331852486225,12.1,5.3,2.1,31.1,0.527,0.388,0.438,0.769,12.6,16.8,17.5,8.2,4.03,4.16,99.8,102.4,0.35,0.07,0.35,0.86,0.86,0.94,0.08,-1.29,42.3,0,1,Butler,2024,1197
Nathan Robinson,St. John's,MVC,W,6-4,76,227,R-FR,2024,26,313.3086108422682,30.12582796560271,5.5,3.8,0.8,24.1,0.465,0.244,0.177,0.762,2.0,18.9,6.7,20.1,3.11,0.1,109.6,90.3,-3.41,-0.53,-3.41,0.79,0.79,0.94,0.15,-1.3,42.2,0,1,Texas,2024,1198
Alex Hall,Vanderbilt,Big Ten,SF,6-5,77,186,R-JR,2020,37,679.0082302536657,45.87893447659904,6.5,1.9,1.2,20.4,0.507,0.318,0.295,0.651,0.5,10.2,10.2,14.3,4.66,1.95,112.4,95.5,-0.15,-0.05,-0.15,1.0,1.0,0.74,-0.26,-1.3,42.2,0,1,Duquesne,2020,1199
Victor Stewart,Duke,WAC,PF,6-10,82,189,R-FR,2020,20,118.98318165487495,14.87289770685937,9.4,5.2,1.7,22.7,0.468,0.231,0.284,0.784,6.5,22.4,13.8,14.0,2.75,3.09,125.6,93.3,-2.06,-0.12,-2.06,0.7,0.7,0.86,0.16,-1.3,42.2,0,1,Maryland,2020,1200
Cade Hill,Xavier,ACC,C,6-8,80,193,R-SO,2024,25,766.5888208594558,76.65888208594558,10.6,4.4,0.9,22.7,0.591,0.293,0.386,0.556,10.0,14.4,7.3,10.3,1.24,0.37,114.9,97.8,-0.48,-0.18,-0.48,0.94,0.94,0.77,-0.17,-1.31,42.1,0,1,Austin Peay,2024,1201
Jake Collins,Texas,MAC,PG,6-4,76,173,JR,2020,21,246.08941205936208,29.296358578495486,4.0,2.5,2.1,25.7,0.52,0.401,0.193,0.64,3.8,10.1,17.7,15.6,2.28,0.1,114.6,105.5,-1.44,-0.18,-1.44,0.76,0.76,0.79,0.03,-1.31,42.1,0,1,Memphis,2020,1202
Sam Turner,SMU,CAA,W,6-8,80,191,R-FR,2024,29,231.18303165683056,19.929571694554358,14.0,3.2,2.2,25.3,0.523,0.336,0.471,0.591,9.0,8.9,18.5,15.1,2.34,2.26,93.3,95.5,0.82,0.09,0.82,0.77,0.77,1.0,0.23,-1.31,42.1,0,1,Michigan State,2024,1203
Alex Morris,Gonzaga,ACC,PG,6-2,74,186,R-SO,2020,24,549.8325492354744,57.27422387869525,2.4,1.5,2.8,17.1,0.479,0.299,0.351,0.679,2.7,5.5,23.2,12.5,2.93,2.22,109.5,94.3,-1.11,-0.3,-1.11,0.94,0.94,0.94,0.0,-1.31,42.1,0,1,Pittsburgh,2020,1204
Tyler Evans,Gonzaga,OVC,W,6-5,77,161,R-FR,2022,28,555.5551127877359,49.60313507033356,9.5,4.6,1.6,21.4,0.495,0.289,0.417,0.686,3.8,21.6,13.1,11.7,0.51,0.76,116.0,90.0,-3.42,-0.95,-3.42,0.69,0.69,0.83,0.14,-1.32,42.1,0,1,Georgia,2022,1205
Blake Baker,Minnesota,Horizon,SF,6-5,77,219,R-SO,2022,23,83.52393210912487,9.078688272730965,14.0,3.3,2.8,23.9,0.527,0.435,0.363,0.664,5.3,13.0,23.0,14.0,1.11,1.89,111.2,98.9,-0.9,-0.04,-0.9,0.71,0.71,0.77,0.06,-1.32,42.1,0,1,Kentucky,2022,1206
Jordan Thomas,Indiana,ACC,SF,6-7,79,236,SO,2021,21,138.75628370605685,16.518605203102005,6.1,3.8,1.7,34.6,0.475,0.316,0.376,0.608,5.2,15.9,14.5,22.0,1.43,0.1,112.7,100.8,-0.38,-0.03,-0.38,0.94,0.94,0.98,0.04,-1.32,42.1,0,1,Saint Mary's,2021,1207
Paul Brown,St. Bonaventure,AAC,PF,6-4,76,224,FR,2021,28,538.3364478050536,48.06575426830836,3.5,5.9,1.5,18.2,0.46,0.386,0.057,0.747,11.5,21.1,12.7,11.9,2.1,9.04,125.0,107.4,-0.32,-0.09,-0.32,0.83,0.83,0.96,0.13,-1.32,42.1,0,1,Hofstra,2021,1208
Eric Perez,Connecticut,WCC,G,6-2,74,198,R-JR,2023,28,89.60000000000001,8.0,7.3,0.8,2.4,12.8,0.537,0.378,0.47,0.651,2.2,2.2,19.7,18.0,2.37,1.88,112.7,97.1,-0.93,-0.04,-0.93,0.82,0.82,0.72,-0.1,-1.32,42.1,0,1,Cincinnati,2023,1209
Jaylen Perez,Virginia Tech,MAC,PG,6-1,73,232,SO,2022,33,714.0274336832651,54.09298740024736,5.8,2.1,2.5,20.2,0.508,0.29,0.514,0.666,2.1,9.8,20.7,16.8,2.21,2.3,123.3,102.5,0.31,0.11,0.31,0.76,0.76,0.94,0.18,-1.32,42.1,0,1,Michigan State,2022,1210
Tanner Campbell,Seton Hall,CUSA,C,6-8,80,206,R-JR,2022,23,73.60000000000001,8.0,12.4,6.5,1.1,24.1,0.468,0.258,0.171,0.686,7.6,28.5,9.5,16.9,1.5,1.74,116.6,100.0,0.76,0.03,0.76,0.74,0.74,0.96,0.22,-1.33,42.0,0,1,Michigan State,2022,1211
Derek Clark,Villanova,Big Ten,SF,6-7,79,217,JR,2022,20,220.7173043928703,27.589663049108786,6.8,4.2,2.2,28.7,0.497,0.448,0.284,0.618,4.4,19.2,18.2,19.9,3.2,0.18,102.4,93.8,-1.16,-0.13,-1.16,1.0,1.0,0.72,-0.28,-1.33,42.0,0,1,Nebraska,2022,1212
Luke Sanchez,Virginia Tech,CUSA,G,6-2,74,211,R-JR,2022,22,268.4754469941158,30.50857352205862,3.1,1.5,3.7,20.0,0.447,0.371,0.394,0.934,2.2,6.3,31.2,19.6,3.54,2.93,106.2,95.5,-0.06,-0.01,-0.06,0.74,0.74,0.96,0.22,-1.33,42.0,0,1,Kentucky,2022,1213
Ivan Mitchell,George Mason,AAC,G,6-3,75,171,JR,2020,33,105.60000000000001,8.0,4.3,1.2,2.6,14.3,0.466,0.274,0.75,0.74,0.9,5.9,22.0,20.7,2.48,0.57,111.9,95.0,-0.04,-0.0,-0.04,0.83,0.83,0.74,-0.09,-1.33,42.0,0,1,BYU,2020,1214
Flynn Turner,USC,SEC,SG,6-3,75,202,R-JR,2020,36,317.2047263526702,22.028105996713208,4.8,1.9,1.7,21.1,0.472,0.382,0.05,0.612,1.9,8.8,14.0,5.0,1.81,0.1,104.5,96.0,-1.22,-0.19,-1.22,0.96,0.96,0.82,-0.14,-1.34,42.0,0,1,Michigan,2020,1215
Cameron Carter,UNLV,Big 12,SG,6-5,77,180,R-JR,2024,34,344.2794899022026,25.31466837516195,8.8,1.8,1.7,21.0,0.543,0.323,0.322,0.726,2.1,7.9,14.4,11.3,2.73,4.41,96.6,100.0,-2.31,-0.4,-2.31,0.98,0.98,0.98,0.0,-1.34,41.9,0,1,Boston College,2024,1216
Jordan Murphy,Baylor,MAAC,G,6-5,77,184,JR,2023,22,232.0421623419665,26.36842753885983,4.6,1.8,1.7,13.2,0.467,0.385,0.322,0.786,2.7,7.1,13.8,19.5,1.98,2.4,103.6,102.7,0.87,0.1,0.87,0.74,0.74,0.71,-0.03,-1.34,42.0,0,1,Clemson,2023,1217
Henry Jackson,Iowa State,Horizon,F,6-8,80,206,SO,2021,20,78.35253529429076,9.794066911786345,5.1,6.0,0.2,24.0,0.533,0.223,0.216,0.684,11.0,22.3,1.0,15.6,2.45,0.97,106.6,99.4,-1.51,-0.06,-1.51,0.71,0.71,0.71,0.0,-1.34,42.0,0,1,Nebraska,2021,1218
Tanner Reed,Purdue,ACC,SF,6-4,76,203,R-JR,2022,32,276.063748048355,21.567480316277738,7.2,4.0,1.3,18.3,0.514,0.252,0.279,0.742,6.4,15.8,10.5,17.0,2.27,2.13,114.4,95.4,-0.36,-0.05,-0.36,0.94,0.94,0.74,-0.2,-1.34,41.9,0,1,Virginia Tech,2022,1219
Omar Perez,DePaul,MAC,SG,6-3,75,215,R-JR,2020,21,280.8301345842671,33.432158879079424,5.7,2.4,0.4,17.2,0.532,0.347,0.388,0.742,2.4,10.8,3.0,14.8,3.4,3.37,116.5,109.1,-1.22,-0.17,-1.22,0.76,0.76,0.96,0.2,-1.34,42.0,0,1,USC,2020,1220
Tyler Garcia,Florida State,SEC,SG,6-4,76,186,R-FR,2023,33,321.8028688665436,24.37900521716239,5.4,3.3,2.6,19.8,0.481,0.32,0.412,0.741,2.4,15.9,21.3,11.6,3.49,2.68,98.9,85.3,-0.91,-0.15,-0.91,0.96,0.96,1.0,0.04,-1.35,41.9,0,1,Providence,2023,1221
Eric Rodriguez,Virginia,MAAC,SF,6-7,79,202,JR,2022,32,248.92606324313545,19.447348690869955,1.6,3.0,1.9,10.0,0.466,0.441,0.05,0.444,6.1,10.7,15.7,21.4,3.17,2.05,102.3,96.0,-1.03,-0.13,-1.03,0.74,0.74,0.77,0.03,-1.35,41.9,0,1,San Diego State,2022,1222
Alex Reed,Gonzaga,Big 12,C,6-11,83,204,R-SO,2023,25,202.12895449647274,20.212895449647274,3.1,5.3,0.9,20.0,0.538,0.336,0.322,0.885,11.0,18.2,7.4,9.5,1.79,5.04,120.1,100.3,-0.99,-0.1,-0.99,0.98,0.98,0.69,-0.29,-1.35,41.9,0,1,Connecticut,2023,1223
Uriah Taylor,Boise State,Big 12,C,6-9,81,188,R-FR,2020,24,76.8,8.0,9.2,4.9,1.9,23.1,0.572,0.271,0.479,0.582,11.9,15.2,16.0,10.6,3.27,3.98,131.6,99.4,0.24,0.01,0.24,0.98,0.98,0.96,-0.02,-1.36,41.9,0,1,James Madison,2020,1224
Andrej Cook,Georgetown,Horizon,SF,6-6,78,218,R-JR,2023,30,527.014360849403,43.91786340411692,10.7,3.2,1.6,20.9,0.528,0.421,0.49,0.695,6.5,11.4,13.0,13.1,2.91,1.3,110.3,100.5,0.81,0.21,0.81,0.71,0.71,0.86,0.15,-1.36,41.8,0,1,Purdue,2023,1225
Sam Phillips,Virginia Tech,CUSA,G,6-5,77,208,FR,2024,23,374.75268513806776,40.733987515007364,1.0,1.8,1.9,14.6,0.613,0.282,0.338,0.649,3.2,7.1,15.9,12.4,3.39,2.03,101.8,102.9,-1.48,-0.28,-1.48,0.74,0.74,0.82,0.08,-1.36,41.8,0,1,Austin Peay,2024,1226
Coleman Thompson,Utah State,WAC,SF,6-6,78,180,JR,2020,37,553.559483884484,37.40266783003271,1.0,2.4,2.6,19.8,0.416,0.331,0.416,0.856,7.7,5.6,21.7,20.0,2.46,0.1,107.1,102.0,-0.17,-0.05,-0.17,0.7,0.7,0.76,0.06,-1.36,41.8,0,1,Purdue,2020,1227
Cade Wright,Utah State,Sun Belt,PF,6-9,81,201,R-JR,2020,28,360.44510084211163,32.18259828947425,6.8,5.7,0.9,17.0,0.544,0.38,0.18,0.623,7.7,24.2,7.3,15.3,1.57,2.59,116.2,93.9,1.31,0.24,1.31,0.72,0.72,0.83,0.11,-1.36,41.8,0,1,Tennessee Tech,2020,1228
Andrej Scott,Hofstra,Big 12,SG,6-5,77,225,R-JR,2023,25,513.3242849946814,51.33242849946814,4.5,1.7,1.3,19.5,0.424,0.33,0.05,0.791,1.7,7.8,11.1,13.2,3.48,1.58,125.4,101.9,-1.06,-0.27,-1.06,0.98,0.98,1.0,0.02,-1.36,41.9,0,1,Tulsa,2023,1229
Andre White,Iowa,MAC,W,6-6,78,223,R-FR,2022,25,385.45226287470746,38.54522628747075,2.8,2.7,1.2,21.4,0.381,0.294,0.376,0.775,3.0,11.8,10.1,17.9,2.28,1.48,97.7,103.5,-1.36,-0.26,-1.36,0.76,0.76,0.86,0.1,-1.37,41.8,0,1,Georgetown,2022,1230
Jaylen Rodriguez,Alabama,Big East,G,6-3,75,181,JR,2020,34,506.3015797468778,37.22805733432924,6.9,2.6,2.6,30.0,0.553,0.392,0.53,0.59,3.6,10.6,21.7,7.8,0.2,1.22,106.8,89.3,1.03,0.26,1.03,0.93,0.93,0.86,-0.07,-1.37,41.8,0,1,UCLA,2020,1231
Ivan Brown,Gonzaga,MVC,PG,6-2,74,239,R-SO,2020,31,608.4282603746149,49.06679519150121,7.9,1.9,1.9,22.9,0.447,0.394,0.448,0.816,2.9,7.6,16.1,28.2,1.15,1.5,106.1,90.8,-0.23,-0.07,-0.23,0.79,0.79,0.94,0.15,-1.37,41.8,0,1,Virginia,2020,1232
Elijah Turner,Purdue,Ivy,C,6-8,80,207,R-JR,2022,22,251.69935766802814,28.6021997350032,5.6,5.1,1.7,11.7,0.551,0.301,0.105,0.739,7.7,20.4,14.4,14.4,2.88,5.96,97.3,99.6,0.06,0.01,0.06,0.71,0.71,0.98,0.27,-1.37,41.8,0,1,Cincinnati,2022,1233
Darius Morgan,Vanderbilt,Sun Belt,SF,6-5,77,204,SR,2021,36,501.7240254874736,34.84194621440789,6.7,2.2,1.0,13.3,0.535,0.291,0.25,0.827,4.2,7.9,8.3,11.7,1.58,0.74,117.7,97.4,-1.69,-0.42,-1.69,0.72,0.72,0.82,0.1,-1.37,41.8,0,1,Virginia Tech,2021,1234
Malik King,Duquesne,Big Ten,C,6-10,82,188,SR,2024,30,201.54942539855924,16.795785449879936,7.3,5.2,0.5,17.3,0.458,0.291,0.22,0.606,9.0,20.0,3.9,12.8,1.48,4.81,115.0,96.9,0.43,0.04,0.43,1.0,1.0,0.98,-0.02,-1.37,41.8,0,1,Davidson,2024,1235
Xavier Evans,Indiana,Horizon,G,6-4,76,177,R-FR,2020,29,467.18209285797144,40.27431834982512,5.7,3.1,3.9,18.0,0.512,0.286,0.489,0.595,3.3,14.2,32.4,10.5,1.66,1.92,109.7,90.8,0.03,0.01,0.03,0.71,0.71,0.72,0.01,-1.38,41.7,0,1,Murray State,2020,1236
Coleman Harris,Fordham,Sun Belt,SG,6-5,77,192,R-JR,2023,26,83.2,8.0,9.2,1.0,1.0,18.9,0.503,0.34,0.423,0.839,3.3,2.0,8.4,12.7,2.9,1.85,101.7,103.0,-0.78,-0.03,-0.78,0.72,0.72,1.0,0.28,-1.38,41.7,0,1,Baylor,2023,1237
Todd Martinez,Kentucky,CUSA,C,6-8,80,208,R-SO,2024,34,319.5458444459207,23.496017973964758,6.2,4.3,2.3,14.6,0.486,0.311,0.15,0.771,5.0,19.1,18.9,11.2,2.39,0.35,102.9,101.8,-1.94,-0.31,-1.94,0.74,0.74,0.83,0.09,-1.38,41.7,0,1,Cincinnati,2024,1238
Coleman Taylor,Northwestern,MAAC,C,7-0,84,155,R-JR,2022,19,146.9293506052297,19.332809290161805,4.5,7.0,0.8,20.2,0.493,0.244,0.173,0.759,13.5,25.7,6.4,9.4,0.82,6.54,111.3,107.6,-0.06,-0.0,-0.06,0.74,0.74,0.79,0.05,-1.38,41.7,0,1,TCU,2022,1239
Sam Lopez,Tennessee,A-10,SG,6-2,74,219,R-FR,2023,29,506.0374852125144,43.623921139009866,6.3,1.5,1.9,15.3,0.536,0.293,0.519,0.859,3.2,5.3,15.7,23.7,2.3,2.96,104.8,98.3,-0.42,-0.11,-0.42,0.86,0.86,0.77,-0.09,-1.4,41.6,0,1,Gonzaga,2023,1240
Blake Brown,Wake Forest,CUSA,SG,6-4,76,176,R-JR,2024,24,407.976644986088,42.49756718605083,2.2,2.6,2.1,11.9,0.501,0.29,0.261,0.68,2.0,12.4,17.5,6.9,3.22,2.38,110.6,105.0,0.79,0.16,0.79,0.74,0.74,1.0,0.26,-1.41,41.5,0,1,Fordham,2024,1241
Coleman Stewart,UCLA,AAC,SG,6-3,75,226,R-FR,2021,25,261.1466125873306,26.11466125873306,3.3,1.8,1.9,13.3,0.467,0.348,0.275,0.612,3.0,7.2,15.5,13.2,2.5,0.1,120.5,88.0,-0.96,-0.12,-0.96,0.83,0.83,0.7,-0.13,-1.42,41.5,0,1,Notre Dame,2021,1242
Tyrese Wright,Oregon,A-10,SF,6-5,77,231,SR,2020,25,299.9285102959816,29.992851029598153,2.9,5.2,2.0,18.5,0.42,0.416,0.325,0.797,7.3,21.5,16.3,14.3,2.29,1.78,106.3,95.5,-0.45,-0.07,-0.45,0.86,0.86,0.96,0.1,-1.42,41.5,0,1,Wisconsin,2020,1243
Brandon Gonzalez,Illinois,WAC,F,6-4,76,189,JR,2020,26,178.48117210680587,17.161651164115952,8.4,6.3,1.3,20.5,0.477,0.307,0.132,0.569,16.0,19.2,10.8,10.5,0.64,1.42,107.0,103.5,1.08,0.1,1.08,0.7,0.7,0.7,0.0,-1.42,41.5,0,1,SMU,2020,1244
Evan Cook,Minnesota,CUSA,SF,6-7,79,201,R-JR,2024,23,509.4577104751057,55.37583809512019,10.1,2.7,1.6,27.3,0.581,0.306,0.316,0.69,7.1,8.0,13.5,12.7,1.05,0.45,112.6,99.7,-1.39,-0.35,-1.39,0.74,0.74,0.71,-0.03,-1.42,41.5,0,1,Boise State,2024,1245
Alex Anderson,Gonzaga,Horizon,PG,6-5,77,207,R-JR,2023,25,210.8187963843318,21.08187963843318,5.5,0.7,2.3,18.4,0.495,0.318,0.05,0.709,1.7,2.4,19.5,16.1,3.48,0.96,115.3,107.5,-3.0,-0.32,-3.0,0.71,0.71,1.0,0.29,-1.42,41.5,0,1,Memphis,2023,1246
Luka Martinez,Boise State,Horizon,W,6-5,77,196,FR,2022,29,337.3000195242358,29.07758789002033,6.8,2.1,1.9,17.1,0.512,0.369,0.382,0.775,5.8,5.8,16.2,17.7,2.56,0.1,112.3,96.2,-1.77,-0.3,-1.77,0.71,0.71,0.82,0.11,-1.42,41.5,0,1,Wake Forest,2022,1247
Max Green,Duke,ACC,SF,6-5,77,182,R-FR,2023,24,602.3969384341578,62.74968108689144,7.6,2.4,1.4,15.7,0.604,0.365,0.539,0.702,0.6,12.5,11.6,17.6,1.31,0.95,106.7,96.4,-0.54,-0.16,-0.54,0.94,0.94,0.83,-0.11,-1.43,41.4,0,1,Austin Peay,2023,1248
Kofi Stewart,Penn State,ACC,C,6-10,82,246,R-FR,2022,29,396.5871112874379,34.18854407650327,9.7,4.1,2.0,25.3,0.389,0.333,0.27,0.764,5.5,17.1,16.5,7.5,0.96,1.08,107.1,108.4,-1.28,-0.25,-1.28,0.94,0.94,0.96,0.02,-1.43,41.4,0,1,Iowa State,2022,1249
Luke Davis,Rutgers,SEC,F,6-8,80,237,JR,2021,30,96.0,8.0,4.9,6.6,1.5,18.0,0.478,0.282,0.068,0.594,9.3,27.4,12.6,16.5,0.9,1.31,108.0,106.7,1.26,0.06,1.26,0.96,0.96,0.79,-0.17,-1.43,41.4,0,1,San Diego State,2021,1250
Jaylen Johnson,Michigan,Big East,PF,6-10,82,201,JR,2021,29,497.7403977340276,42.90865497707135,4.8,3.0,1.5,20.6,0.49,0.276,0.197,0.784,8.1,8.8,12.2,13.4,2.35,1.56,103.1,94.0,-2.47,-0.61,-2.47,0.93,0.93,0.79,-0.14,-1.44,41.3,0,1,Alabama,2021,1251
DeShawn Bailey,Saint Mary's,AAC,SG,6-4,76,235,FR,2023,31,750.881084921257,60.55492620332717,1.0,1.1,0.4,17.2,0.509,0.303,0.574,0.858,4.0,2.0,3.0,14.0,2.03,1.52,120.2,105.9,-2.26,-0.85,-2.26,0.83,0.83,0.76,-0.07,-1.44,41.4,0,1,Saint Louis,2023,1252
Eric Cooper,TCU,ACC,PF,6-8,80,175,FR,2020,34,178.81590303323964,13.148228164208797,5.8,4.1,1.5,14.8,0.521,0.179,0.134,0.668,10.1,12.9,12.1,4.0,2.28,2.69,111.2,105.5,0.47,0.04,0.47,0.94,0.94,0.71,-0.23,-1.44,41.4,0,1,Davidson,2020,1253
Zach Walker,Memphis,WCC,C,6-10,82,197,FR,2023,36,597.9338309050347,41.52318270173852,5.5,6.5,1.4,16.5,0.533,0.184,0.228,0.609,11.7,24.3,11.3,11.8,2.82,4.57,108.6,96.1,-0.3,-0.09,-0.3,0.82,0.82,0.72,-0.1,-1.44,41.4,0,1,Wichita State,2023,1254
DeShawn Rodriguez,BYU,Ivy,G,6-1,73,183,R-FR,2020,23,253.99812052201426,27.608491361088507,3.2,2.1,1.9,12.3,0.593,0.463,0.326,0.649,3.7,7.9,16.0,14.2,1.7,0.81,118.3,99.7,-0.14,-0.02,-0.14,0.71,0.71,0.86,0.15,-1.44,41.3,0,1,Maryland,2020,1255
Todd Harris,Kansas,A-10,PG,6-4,76,234,FR,2021,30,175.67461181740873,14.63955098478406,1.0,3.1,3.9,18.7,0.443,0.334,0.466,0.655,4.3,13.0,32.8,27.0,3.27,2.12,102.9,95.2,0.37,0.03,0.37,0.86,0.86,0.96,0.1,-1.44,41.3,0,1,Louisville,2021,1256
Sean Sanchez,Boise State,CUSA,F,6-6,78,226,R-FR,2024,20,281.0997073981736,35.1374634247717,14.5,3.8,1.5,21.7,0.506,0.267,0.434,0.837,4.1,16.8,12.9,11.7,2.94,0.85,97.6,103.2,-1.85,-0.26,-1.85,0.74,0.74,0.69,-0.05,-1.44,41.4,0,1,Auburn,2024,1257
Trevion Lewis,Tulsa,AAC,SG,6-3,75,202,JR,2024,28,335.9110417310146,29.992057297412025,2.8,1.4,1.1,11.0,0.614,0.32,0.573,0.678,2.2,5.5,9.3,6.7,1.57,0.51,113.2,94.0,-1.97,-0.33,-1.97,0.83,0.83,0.96,0.13,-1.45,41.3,0,1,Virginia Tech,2024,1258
Paul Wilson,Providence,MAAC,PF,6-7,79,195,R-JR,2023,35,207.7531521659861,14.839510868999005,11.9,5.3,1.2,24.6,0.448,0.337,0.32,0.607,8.4,20.9,10.1,21.5,4.0,7.15,113.8,103.2,0.97,0.1,0.97,0.74,0.74,0.86,0.12,-1.45,41.3,0,1,St. Bonaventure,2023,1259
Jaylen Edwards,Stanford,OVC,PG,6-3,75,217,R-JR,2024,37,444.7061933048854,30.04771576384361,8.4,3.0,2.4,13.1,0.477,0.263,0.251,0.641,6.0,10.9,19.8,27.3,1.59,1.09,105.8,105.4,-1.78,-0.4,-1.78,0.69,0.69,0.98,0.29,-1.45,41.3,0,1,Arizona,2024,1260
Damian Lopez,North Carolina,MAC,G,6-0,72,212,R-JR,2022,27,400.4878481088053,37.082208158222706,2.7,1.6,0.9,23.5,0.505,0.285,0.476,0.671,2.4,6.3,7.2,21.7,2.08,1.43,125.2,99.8,-3.07,-0.61,-3.07,0.76,0.76,0.69,-0.07,-1.46,41.2,0,1,Wake Forest,2022,1261
Elijah Morgan,Penn State,CUSA,C,6-11,83,186,FR,2020,27,403.97540484047965,37.40513007782219,14.1,3.6,1.0,17.8,0.569,0.318,0.147,0.534,10.7,9.3,8.4,11.5,2.19,4.62,111.7,101.2,-1.19,-0.24,-1.19,0.74,0.74,0.74,0.0,-1.46,41.2,0,1,LSU,2020,1262
Tyrese Bailey,Utah State,WCC,C,7-2,86,194,SR,2024,28,493.40753402089405,44.054244109008394,5.5,5.3,1.1,13.4,0.502,0.115,0.125,0.473,8.2,21.3,9.1,4.0,1.78,5.8,120.0,101.7,-1.02,-0.25,-1.02,0.82,0.82,0.98,0.16,-1.46,41.2,0,1,BYU,2024,1263
Cameron Hill,North Carolina,MVC,SF,6-6,78,225,R-FR,2023,34,165.32936799107713,12.156571175814495,7.9,5.0,1.3,13.2,0.611,0.365,0.151,0.848,5.5,22.1,10.8,12.0,2.6,2.4,118.7,104.7,-0.61,-0.05,-0.61,0.79,0.79,0.76,-0.03,-1.46,41.2,0,1,George Mason,2023,1264
Quinn Davis,Villanova,MAC,PF,6-6,78,226,JR,2022,23,658.5238477898503,71.57867910759242,11.3,5.3,1.0,24.8,0.589,0.248,0.473,0.618,8.4,21.2,8.6,22.9,0.94,8.54,93.7,81.6,0.65,0.21,0.65,0.76,0.76,0.77,0.01,-1.47,41.2,0,1,Clemson,2022,1265
Omar Cook,Oregon,CAA,PF,6-8,80,183,R-FR,2020,34,651.8110701611824,47.92728457067518,8.0,5.3,1.9,20.0,0.5,0.111,0.153,0.798,11.6,17.6,15.8,10.7,1.48,3.33,101.0,102.7,-0.24,-0.08,-0.24,0.77,0.77,0.93,0.16,-1.47,41.2,0,1,Pittsburgh,2020,1266
Damian Lee,Wake Forest,MAC,PF,6-9,81,206,R-JR,2020,23,408.0552870225932,44.35383554593404,5.3,5.3,1.5,17.7,0.573,0.205,0.256,0.661,7.9,21.4,12.1,10.9,2.34,6.81,105.7,89.4,-0.85,-0.17,-0.85,0.76,0.76,0.98,0.22,-1.47,41.2,0,1,Gonzaga,2020,1267
Mike Brown,Florida,WAC,PG,6-3,75,195,SO,2021,33,310.1386196176826,23.49534997103656,7.5,1.7,1.6,18.4,0.512,0.277,0.255,0.591,3.8,5.6,13.6,18.9,1.38,3.05,110.6,100.4,-1.37,-0.21,-1.37,0.7,0.7,0.96,0.26,-1.47,41.2,0,1,Nebraska,2021,1268
Marcus Davis,Kansas,MAC,C,6-10,82,230,R-JR,2024,23,182.15864016222585,19.79985219154629,9.2,6.4,1.1,26.0,0.523,0.361,0.296,0.882,11.7,23.8,9.3,10.8,3.33,2.05,113.8,95.3,0.91,0.08,0.91,0.76,0.76,0.76,0.0,-1.47,41.2,0,1,Memphis,2024,1269
Alex Hill,Auburn,ACC,PF,6-7,79,226,JR,2021,24,464.8889557546836,48.42593289111288,2.8,5.3,1.0,18.5,0.51,0.209,0.295,0.733,17.6,12.1,8.3,12.2,1.38,7.39,107.1,94.1,1.05,0.24,1.05,0.94,0.94,1.0,0.06,-1.48,41.1,0,1,Air Force,2021,1270
Jaylen King,Gonzaga,AAC,C,6-9,81,204,SR,2023,28,197.4353624170115,17.628157358661742,9.4,4.2,1.5,25.4,0.522,0.354,0.076,0.725,7.8,15.5,12.9,12.8,3.76,5.59,117.6,82.2,-0.05,-0.0,-0.05,0.83,0.83,0.71,-0.12,-1.48,41.1,0,1,Vanderbilt,2023,1271
Jaylen Morgan,Oregon,CUSA,PF,6-8,80,188,R-FR,2024,34,397.0889370285854,29.197715957984222,14.6,4.4,1.2,24.2,0.588,0.154,0.001,0.763,6.1,18.4,9.8,12.9,1.14,7.06,107.6,102.6,-0.41,-0.08,-0.41,0.74,0.74,0.94,0.2,-1.48,41.1,0,1,Indiana,2024,1272
Todd Carter,Tennessee,AAC,PF,6-9,81,225,R-JR,2024,26,203.7916915219631,19.595354954034914,1.8,5.8,1.8,19.5,0.562,0.25,0.265,0.526,7.1,24.8,14.7,16.6,0.97,1.4,107.3,98.8,-1.08,-0.11,-1.08,0.83,0.83,0.94,0.11,-1.48,41.1,0,1,Xavier,2024,1273
Owen Wilson,Eastern Kentucky,CAA,G,6-0,72,193,R-FR,2023,30,433.92544253098333,36.16045354424861,4.5,2.6,3.5,23.4,0.509,0.264,0.334,0.787,3.9,10.5,29.1,16.1,0.49,1.24,115.3,103.7,-1.76,-0.38,-1.76,0.77,0.77,1.0,0.23,-1.48,41.1,0,1,Nevada,2023,1274
Victor Cook,Stanford,SEC,C,6-9,81,230,R-SO,2020,26,601.4445064253583,57.831202540899845,7.3,7.8,1.0,21.4,0.462,0.316,0.264,0.473,19.6,23.7,8.2,9.5,3.19,5.74,110.0,100.9,-0.74,-0.22,-0.74,0.96,0.96,1.0,0.04,-1.49,41.0,0,1,Hofstra,2020,1275
Owen Lewis,Hofstra,MVC,PG,6-3,75,197,R-FR,2022,27,530.8799721804643,49.15555297967262,2.1,1.6,2.3,22.0,0.659,0.323,0.241,0.595,2.7,6.5,19.6,18.8,1.49,2.34,115.2,95.2,0.8,0.21,0.8,0.79,0.79,0.72,-0.07,-1.49,41.0,0,1,Murray State,2022,1276
Paul Rivera,Saint Louis,Sun Belt,PF,6-8,80,194,R-FR,2020,32,102.4,8.0,9.0,5.4,1.3,26.3,0.516,0.358,0.162,0.857,11.9,18.4,10.7,16.9,2.65,2.83,100.9,97.5,-1.78,-0.09,-1.78,0.72,0.72,1.0,0.28,-1.49,41.1,0,1,Notre Dame,2020,1277
Xavier Taylor,UNLV,CAA,G,6-3,75,212,FR,2020,30,374.6048269457242,31.21706891214368,8.2,2.2,1.8,10.4,0.582,0.37,0.355,0.792,1.3,10.8,14.6,20.0,2.48,1.34,103.4,96.7,0.45,0.08,0.45,0.77,0.77,0.96,0.19,-1.49,41.1,0,1,Duquesne,2020,1278
Cade Scott,Villanova,Horizon,PF,6-7,79,205,R-SO,2020,27,101.84253822451618,9.429864650418164,2.6,3.4,1.4,19.4,0.526,0.282,0.389,0.626,4.1,15.1,12.0,14.9,2.81,6.78,112.6,96.1,-2.93,-0.15,-2.93,0.71,0.71,0.93,0.22,-1.49,41.1,0,1,Baylor,2020,1279
Zach Baker,Clemson,Sun Belt,PF,6-10,82,207,R-JR,2020,20,424.95559792968334,53.119449741210424,3.6,7.4,1.7,18.4,0.437,0.288,0.152,0.552,12.5,28.8,14.1,15.8,2.43,2.39,109.3,111.8,-1.5,-0.32,-1.5,0.72,0.72,0.86,0.14,-1.49,41.0,0,1,Wichita State,2020,1280
Derek Martin,Austin Peay,MAAC,SF,6-3,75,221,R-FR,2023,31,241.0615465607757,19.440447303288362,6.4,3.6,1.9,29.1,0.547,0.41,0.488,0.67,3.5,16.4,16.2,11.0,2.39,1.37,108.8,100.1,-1.36,-0.16,-1.36,0.74,0.74,0.77,0.03,-1.49,41.1,0,1,Saint Mary's,2023,1281
Mike Parker,USC,WCC,PF,6-7,79,208,R-FR,2021,22,234.7791818686216,26.679452485070637,8.0,5.7,0.2,17.9,0.529,0.285,0.0,0.663,13.1,18.8,1.0,14.4,3.45,0.69,112.4,96.9,-0.05,-0.01,-0.05,0.82,0.82,0.86,0.04,-1.5,41.0,0,1,Florida,2021,1282
Jaylen Mitchell,Wichita State,MAAC,SF,6-6,78,235,R-FR,2020,30,590.5548444561355,49.212903704677956,5.3,2.5,2.2,14.6,0.578,0.33,0.283,0.641,1.6,12.3,18.7,19.1,1.14,1.02,105.6,94.2,-1.45,-0.43,-1.45,0.74,0.74,0.77,0.03,-1.5,41.0,0,1,Indiana,2020,1283
Cade Bailey,Maryland,MAAC,C,6-9,81,197,R-JR,2022,23,396.7892561244288,43.12926697004661,5.0,4.7,1.8,22.5,0.53,0.252,0.203,0.587,6.3,19.9,15.0,16.0,2.86,4.7,110.0,90.4,-1.81,-0.36,-1.81,0.74,0.74,0.83,0.09,-1.5,41.0,0,1,Memphis,2022,1284
Max Adams,DePaul,Sun Belt,W,6-6,78,208,R-SO,2024,30,594.3133779120382,49.52611482600318,9.4,1.7,1.0,24.1,0.543,0.28,0.274,0.747,3.6,5.9,8.6,18.2,1.83,1.73,102.6,101.4,-1.71,-0.51,-1.71,0.72,0.72,0.7,-0.02,-1.51,40.9,0,1,LSU,2024,1285
Sam Hill,Providence,Big Ten,C,7-0,84,171,FR,2024,25,419.16125747150977,41.91612574715098,11.9,5.4,1.1,17.3,0.516,0.347,0.259,0.651,9.8,20.3,9.2,13.4,2.78,9.83,119.9,92.2,-0.47,-0.1,-0.47,1.0,1.0,0.94,-0.06,-1.51,40.9,0,1,Miami,2024,1286
Jake Lopez,Mississippi State,Sun Belt,SF,6-4,76,224,JR,2023,21,111.54504681861083,13.279172240310814,3.7,2.0,1.7,15.4,0.523,0.275,0.563,0.609,5.5,5.5,14.3,18.7,3.41,2.54,109.8,105.8,-0.68,-0.04,-0.68,0.72,0.72,0.96,0.24,-1.51,41.0,0,1,Murray State,2023,1287
Zach Edwards,Louisville,ACC,SG,6-6,78,192,R-JR,2024,27,413.0799508956104,38.248143601445406,11.7,1.2,1.3,25.7,0.503,0.213,0.181,0.626,0.2,6.6,11.1,17.9,2.11,1.29,107.0,91.9,0.48,0.1,0.48,0.94,0.94,0.7,-0.24,-1.51,40.9,0,1,Illinois,2024,1288
Uriah Green,DePaul,Big 12,C,6-10,82,232,R-FR,2021,29,399.43140141926574,34.43374150166084,4.0,6.1,1.7,18.4,0.475,0.252,0.532,0.792,9.1,24.8,14.0,7.2,1.98,4.46,114.4,96.7,-1.15,-0.23,-1.15,0.98,0.98,0.79,-0.19,-1.51,40.9,0,1,Saint Mary's,2021,1289
Grant Morris,Iowa,Big East,C,7-0,84,166,SR,2024,20,158.23216411959385,19.77902051494923,10.4,7.1,0.8,22.2,0.485,0.288,0.268,0.665,9.3,30.3,7.0,11.6,2.54,10.47,115.7,98.3,-1.3,-0.1,-1.3,0.93,0.93,0.72,-0.21,-1.51,40.9,0,1,Michigan State,2024,1290
Quinn Turner,Illinois,OVC,SG,6-4,76,222,FR,2024,27,542.4361000848116,50.22556482266774,4.5,1.7,1.4,24.0,0.513,0.365,0.245,0.692,3.2,6.2,11.3,8.4,0.2,1.13,111.3,92.7,1.03,0.28,1.03,0.69,0.69,0.94,0.25,-1.51,40.9,0,1,Boston College,2024,1291
Brandon Hill,Florida,WCC,G,6-4,76,217,R-FR,2020,31,262.9399378396663,21.204833696747283,7.5,1.9,2.1,24.7,0.578,0.384,0.201,0.76,3.2,7.5,17.8,20.3,1.21,1.07,119.1,105.0,0.56,0.07,0.56,0.82,0.82,0.72,-0.1,-1.52,40.9,0,1,Butler,2020,1292
Andre Williams,Auburn,SEC,G,6-3,75,221,SR,2020,22,268.2874261863198,30.487207521172703,2.5,2.2,1.8,15.9,0.495,0.275,0.34,0.643,1.2,10.9,15.0,16.7,2.16,0.1,101.0,97.9,-1.61,-0.22,-1.61,0.96,0.96,0.93,-0.03,-1.52,40.9,0,1,Syracuse,2020,1293
Chris Brown,Wake Forest,AAC,C,6-11,83,209,JR,2021,27,180.63074987285825,16.725069432672058,12.5,7.0,1.3,19.1,0.481,0.274,0.217,0.613,14.5,24.2,11.2,14.6,1.06,3.04,105.8,90.2,-1.26,-0.11,-1.26,0.83,0.83,0.82,-0.01,-1.52,40.9,0,1,Utah State,2021,1294
Xavier Johnson,Nebraska,AAC,PG,6-3,75,212,JR,2022,24,379.6280677836765,39.544590394132975,12.9,1.4,1.9,28.0,0.509,0.284,0.505,0.584,1.6,6.0,15.9,11.0,0.91,0.1,103.6,93.1,-1.1,-0.21,-1.1,0.83,0.83,0.83,0.0,-1.52,40.9,0,1,North Carolina,2022,1295
Zach Harris,Fordham,Big Ten,SG,6-2,74,173,SO,2020,24,466.4908952209482,48.59280158551544,5.5,1.7,0.4,17.3,0.483,0.262,0.321,0.675,3.2,6.4,3.0,8.7,3.32,0.66,114.0,93.7,-0.84,-0.2,-0.84,1.0,1.0,0.69,-0.31,-1.52,40.9,0,1,Miami,2020,1296
Ryan Edwards,Richmond,ACC,F,6-4,76,254,R-JR,2023,36,468.41846948149913,32.529060380659665,5.2,3.6,1.3,18.0,0.523,0.206,0.479,0.707,8.8,11.1,11.1,9.9,3.67,1.96,111.5,90.3,-1.06,-0.25,-1.06,0.94,0.94,1.0,0.06,-1.52,40.9,0,1,Houston,2023,1297
Will Rivera,Kentucky,MAC,W,6-8,80,196,JR,2021,25,223.23188831592938,22.323188831592937,3.5,3.9,2.0,21.7,0.58,0.336,0.504,0.762,5.6,15.9,16.4,14.0,0.77,1.09,113.9,90.2,-2.46,-0.27,-2.46,0.76,0.76,0.72,-0.04,-1.52,40.9,0,1,Marquette,2021,1298
Luke Campbell,Hofstra,OVC,PF,6-7,79,209,SR,2024,29,518.2938815122513,44.68050702691822,1.0,4.2,1.1,14.2,0.557,0.279,0.361,0.639,5.0,18.4,9.4,14.3,0.82,0.3,118.5,92.7,-1.83,-0.47,-1.83,0.69,0.69,0.74,0.05,-1.53,40.8,0,1,Wisconsin,2024,1299
Tanner White,James Madison,Big Ten,PF,6-7,79,212,SO,2023,19,154.20565027190398,20.290217141039996,10.7,5.3,1.0,23.2,0.562,0.282,0.186,0.681,4.9,24.5,8.6,13.3,1.7,5.61,120.4,99.0,0.77,0.06,0.77,1.0,1.0,0.72,-0.28,-1.53,40.8,0,1,SMU,2023,1300
Zion White,Fordham,CUSA,W,6-6,78,208,R-JR,2023,28,452.76509141660665,40.42545459076845,9.8,2.1,2.2,21.0,0.585,0.302,0.536,0.655,6.3,5.2,18.1,6.5,1.7,0.13,102.7,98.8,-1.52,-0.34,-1.52,0.74,0.74,0.69,-0.05,-1.53,40.8,0,1,Tennessee Tech,2023,1301
Nick Roberts,Arizona,A-10,G,6-3,75,161,SO,2022,36,332.8080221246021,23.11166820309737,1.0,1.6,2.7,18.4,0.461,0.378,0.217,0.723,0.2,8.6,22.4,18.8,1.33,1.73,108.9,106.4,-0.72,-0.12,-0.72,0.86,0.86,0.69,-0.17,-1.53,40.8,0,1,Connecticut,2022,1302
Andre Rogers,Alabama,AAC,SG,6-3,75,203,R-SO,2020,26,200.73039026107728,19.300999063565126,6.5,1.2,0.4,23.6,0.447,0.303,0.309,0.653,2.6,4.2,3.0,15.8,0.2,2.35,121.4,97.7,-0.05,-0.01,-0.05,0.83,0.83,0.71,-0.12,-1.53,40.8,0,1,Minnesota,2020,1303
Cade Harris,Eastern Kentucky,Big Ten,SG,6-2,74,194,FR,2024,23,201.86725642614832,21.94209308979873,5.2,2.1,2.0,21.5,0.537,0.384,0.493,0.803,2.5,8.9,16.6,14.6,1.8,1.17,104.2,100.5,-1.3,-0.13,-1.3,1.0,1.0,0.98,-0.02,-1.53,40.8,0,1,Houston,2024,1304
Kofi Murphy,Auburn,CUSA,SF,6-6,78,240,R-JR,2023,34,337.9332271845951,24.848031410631993,1.0,2.5,1.7,15.8,0.493,0.281,0.455,0.815,6.6,7.2,14.4,13.3,0.2,1.54,117.0,108.8,0.01,0.0,0.01,0.74,0.74,0.72,-0.02,-1.54,40.8,0,1,BYU,2023,1305
Will Sanchez,Ohio State,OVC,F,6-8,80,212,SO,2020,36,155.0763809495685,10.76919312149781,6.8,6.5,1.1,23.0,0.537,0.286,0.251,0.806,9.9,26.2,8.9,14.1,2.9,0.57,111.1,88.2,-0.33,-0.03,-0.33,0.69,0.69,0.76,0.07,-1.54,40.8,0,1,Purdue,2020,1306
Flynn Hall,San Diego State,AAC,PG,6-1,73,219,JR,2021,28,432.5584915112072,38.621293884929216,2.8,1.4,3.1,10.0,0.523,0.306,0.263,0.795,1.9,6.0,26.1,10.4,2.11,0.1,104.7,95.9,1.42,0.31,1.42,0.83,0.83,0.93,0.1,-1.54,40.8,0,1,Utah State,2021,1307
Mike Murphy,Miami,MAAC,SG,6-5,77,209,R-JR,2022,28,321.29498305485197,28.68705205846893,5.5,2.4,2.6,18.7,0.571,0.356,0.438,0.852,5.6,7.8,21.5,5.6,1.94,2.13,100.1,111.9,2.7,0.43,2.7,0.74,0.74,0.72,-0.02,-1.54,40.8,0,1,Virginia Tech,2022,1308
Henry Clark,Houston,WAC,C,7-1,85,158,JR,2020,32,269.2918676222184,21.03842715798581,3.2,4.0,0.6,16.2,0.586,0.226,0.491,0.741,11.0,11.2,4.9,12.7,1.82,1.99,113.9,89.0,0.05,0.01,0.05,0.7,0.7,0.79,0.09,-1.55,40.7,0,1,Oklahoma,2020,1309
Brandon Baker,Alabama,AAC,PG,6-0,72,199,R-JR,2021,24,345.89390730524156,36.030615344295995,6.0,2.3,2.2,26.7,0.524,0.359,0.386,0.726,4.4,8.5,18.4,15.5,1.66,0.93,116.8,108.9,-1.26,-0.22,-1.26,0.83,0.83,0.83,0.0,-1.55,40.7,0,1,Fordham,2021,1310
Jaylen Nelson,Illinois,MVC,F,6-7,79,171,JR,2022,22,319.7108643402984,36.33078003867027,7.8,5.7,0.9,25.7,0.484,0.263,0.168,0.761,13.8,17.6,7.4,18.6,4.17,1.54,109.8,104.3,0.27,0.04,0.27,0.79,0.79,0.93,0.14,-1.56,40.6,0,1,Duquesne,2022,1311
Tyrese Johnson,Butler,Sun Belt,PG,5-11,71,179,SO,2020,28,360.74713961470826,32.20956603702753,4.5,2.4,2.5,17.5,0.502,0.34,0.381,0.806,1.1,12.4,21.0,18.7,1.14,2.06,102.4,101.4,-0.9,-0.16,-0.9,0.72,0.72,0.83,0.11,-1.56,40.7,0,1,DePaul,2020,1312
DeShawn Bell,Austin Peay,AAC,SG,6-5,77,207,R-JR,2021,27,248.87538891693714,23.044017492308996,8.9,3.1,1.8,21.7,0.504,0.251,0.394,0.741,3.2,14.0,15.3,17.5,3.15,0.76,116.4,87.2,-2.51,-0.31,-2.51,0.83,0.83,0.71,-0.12,-1.56,40.6,0,1,Kansas,2021,1313
Alex Lewis,Maryland,CAA,SF,6-6,78,233,SR,2024,30,275.46097474871686,22.955081229059736,4.3,4.3,1.1,17.6,0.547,0.383,0.49,0.77,6.0,18.0,9.0,14.7,1.84,1.85,119.9,91.1,-0.46,-0.06,-0.46,0.77,0.77,0.74,-0.03,-1.56,40.6,0,1,Indiana,2024,1314
Flynn Young,Pittsburgh,Big Ten,PG,6-3,75,197,FR,2024,32,721.80974699084,56.391386483659375,1.0,2.0,1.9,13.1,0.388,0.232,0.392,0.717,5.1,5.8,15.7,19.3,1.17,1.25,115.2,102.7,-1.33,-0.48,-1.33,1.0,1.0,0.82,-0.18,-1.56,40.6,0,1,Vanderbilt,2024,1315
Wade Anderson,James Madison,Horizon,C,6-9,81,226,R-JR,2022,27,441.3449595318697,40.86527403072868,8.7,6.3,1.0,16.7,0.544,0.365,0.402,0.668,11.5,23.4,8.4,4.2,2.41,0.3,124.3,103.2,-0.55,-0.12,-0.55,0.71,0.71,0.94,0.23,-1.56,40.6,0,1,Saint Mary's,2022,1316
Andre Garcia,Clemson,MAC,F,6-9,81,186,JR,2021,37,380.68411460046923,25.72189963516684,2.6,5.5,0.4,19.9,0.56,0.305,0.188,0.763,5.5,24.8,3.7,12.7,1.38,1.54,119.1,88.7,-0.61,-0.12,-0.61,0.76,0.76,0.93,0.17,-1.56,40.6,0,1,DePaul,2021,1317
Kevin Walker,Memphis,Big Ten,PF,6-7,79,177,FR,2021,28,182.85529274566014,16.326365423719654,8.3,6.0,1.0,17.6,0.592,0.293,0.153,0.681,7.4,25.8,8.6,15.1,2.14,8.79,122.1,102.8,1.52,0.14,1.52,1.0,1.0,0.83,-0.17,-1.56,40.6,0,1,Wake Forest,2021,1318
Damian Robinson,Villanova,CAA,C,6-9,81,173,JR,2021,27,319.94729090340036,29.624749157722253,8.0,5.7,1.2,18.1,0.403,0.38,0.12,0.764,8.6,23.3,9.8,8.7,2.26,8.5,112.0,98.2,2.58,0.41,2.58,0.77,0.77,0.76,-0.01,-1.57,40.6,0,1,Saint Louis,2021,1319
Darius Walker,Pittsburgh,Ivy,SG,6-4,76,210,R-JR,2022,31,223.14467408726125,17.995538232843646,1.6,2.0,1.4,14.7,0.488,0.293,0.357,0.633,2.0,9.0,11.6,10.6,1.5,2.89,127.2,99.4,-0.58,-0.06,-0.58,0.71,0.71,0.74,0.03,-1.57,40.6,0,1,Creighton,2022,1320
Kevin Collins,Alabama,MAAC,C,7-0,84,220,R-FR,2022,29,460.31595221684074,39.68240967386558,3.6,3.8,1.2,18.1,0.562,0.321,0.183,0.867,9.5,11.6,10.0,8.7,2.93,6.37,106.4,92.8,-0.58,-0.13,-0.58,0.74,0.74,0.74,0.0,-1.57,40.6,0,1,Nevada,2022,1321
Owen Lopez,Notre Dame,Horizon,PF,6-5,77,205,R-FR,2021,33,753.10271144363,57.05323571542652,11.6,3.3,1.2,24.0,0.519,0.143,0.265,0.735,3.1,15.1,10.1,13.3,3.16,8.67,109.2,92.3,0.49,0.19,0.49,0.71,0.71,1.0,0.29,-1.57,40.6,0,1,Eastern Kentucky,2021,1322
Todd Thomas,Butler,ACC,SF,6-7,79,187,R-JR,2022,31,442.6339070607576,35.69628282748045,5.5,4.3,2.0,17.8,0.485,0.365,0.273,0.63,8.5,15.5,17.0,17.7,0.22,2.85,112.8,104.3,-0.12,-0.03,-0.12,0.94,0.94,0.74,-0.2,-1.58,40.5,0,1,Marquette,2022,1323
Max Sanchez,Syracuse,Big 12,F,6-8,80,235,SR,2022,31,218.52958697421226,17.623353788242923,9.2,5.0,0.7,24.0,0.501,0.262,0.114,0.686,8.5,19.1,6.2,8.9,0.79,0.91,96.5,90.4,-0.96,-0.1,-0.96,0.98,0.98,1.0,0.02,-1.58,40.5,0,1,Mississippi State,2022,1324
Mike Taylor,Alabama,OVC,G,6-3,75,198,R-SO,2022,25,235.8866543749087,23.588665437490867,3.0,2.2,2.3,19.8,0.57,0.261,0.424,0.617,0.7,11.3,19.0,20.5,1.72,1.75,122.6,100.4,-1.3,-0.15,-1.3,0.69,0.69,0.7,0.01,-1.58,40.5,0,1,Eastern Kentucky,2022,1325
Cade Lewis,Boise State,A-10,PF,6-8,80,180,JR,2024,28,630.4439317311011,56.28963676170545,5.7,3.6,1.2,24.3,0.487,0.326,0.042,0.7,2.2,17.8,10.3,13.6,1.2,2.65,111.7,106.1,-0.89,-0.28,-0.89,0.86,0.86,1.0,0.14,-1.58,40.5,0,1,Providence,2024,1326
Alex Thomas,Memphis,MAC,C,6-9,81,206,R-JR,2021,28,267.10610128073205,23.848759042922506,3.5,5.4,0.2,20.6,0.428,0.326,0.142,0.68,4.4,25.6,1.8,18.0,1.41,0.3,106.8,97.8,-1.6,-0.21,-1.6,0.76,0.76,0.93,0.17,-1.58,40.5,0,1,Auburn,2021,1327
Xavier Wright,Hofstra,AAC,SF,6-5,77,252,JR,2021,28,464.56691232408326,41.47918860036457,9.3,3.6,0.9,19.2,0.602,0.354,0.475,0.517,8.3,11.5,7.6,13.7,3.37,1.16,112.9,86.7,-1.85,-0.43,-1.85,0.83,0.83,0.96,0.13,-1.58,40.5,0,1,Auburn,2021,1328
DeShawn Thompson,Mississippi State,MVC,PG,6-1,73,190,R-FR,2024,27,453.2195887158591,41.96477673294992,6.1,2.1,3.1,21.5,0.436,0.338,0.353,0.694,3.6,7.9,26.1,25.3,2.91,1.49,108.2,97.0,-1.87,-0.42,-1.87,0.79,0.79,0.94,0.15,-1.58,40.5,0,1,Penn State,2024,1329
Ben Parker,Syracuse,WCC,C,6-10,82,221,JR,2022,23,283.0706574855568,30.76854972669096,2.4,4.0,1.8,10.0,0.61,0.206,0.091,0.615,12.8,9.7,15.2,11.0,0.84,0.3,110.5,94.5,0.31,0.04,0.31,0.82,0.82,0.86,0.04,-1.59,40.5,0,1,North Carolina,2022,1330
Blake Cook,Saint Louis,SEC,PG,6-0,72,172,JR,2023,26,96.35275952311845,9.264688415684466,7.3,1.7,2.5,19.4,0.408,0.314,0.497,0.646,3.8,5.6,21.2,11.0,1.13,2.28,116.7,94.2,-1.32,-0.06,-1.32,0.96,0.96,0.94,-0.02,-1.59,40.5,0,1,San Diego State,2023,1331
Alex Campbell,Michigan State,ACC,PF,6-8,80,202,R-JR,2023,20,215.35717643827454,26.91964705478432,11.3,5.1,1.1,27.8,0.486,0.241,0.068,0.695,11.7,16.5,9.5,4.0,2.77,5.05,116.8,87.0,-0.97,-0.1,-0.97,0.94,0.94,0.94,0.0,-1.59,40.5,0,1,Iowa State,2023,1332
Brandon Hall,Kansas,AAC,G,6-2,74,215,R-JR,2021,28,360.9179499404403,32.224816958967885,10.6,1.1,2.6,24.6,0.545,0.334,0.194,0.793,1.3,5.0,21.6,15.7,2.58,2.07,107.1,99.4,-1.49,-0.27,-1.49,0.83,0.83,0.86,0.03,-1.59,40.4,0,1,Virginia Tech,2021,1333
Cade Thomas,Belmont,MVC,PF,6-6,78,217,SR,2021,28,609.3025482610669,54.402013237595256,4.4,4.3,1.3,10.9,0.465,0.333,0.058,0.778,13.4,10.3,11.2,16.5,3.22,0.3,102.5,91.2,-0.73,-0.22,-0.73,0.79,0.79,0.74,-0.05,-1.59,40.4,0,1,Mississippi State,2021,1334
Jalen Parker,Auburn,SEC,SF,6-3,75,199,FR,2020,23,73.60000000000001,8.0,7.6,3.4,1.4,21.9,0.537,0.272,0.404,0.792,7.4,11.6,11.7,11.5,2.67,1.7,115.8,99.0,0.72,0.03,0.72,0.96,0.96,0.74,-0.22,-1.59,40.5,0,1,Providence,2020,1335
Luke Moore,Vanderbilt,SEC,PF,6-11,83,213,R-FR,2023,26,261.47623394339314,25.141945571480104,6.5,4.7,0.6,15.3,0.505,0.164,0.199,0.747,8.5,17.7,5.4,12.9,2.37,5.69,112.7,100.5,1.14,0.15,1.14,0.96,0.96,1.0,0.04,-1.59,40.5,0,1,Baylor,2023,1336
Flynn Carter,Villanova,OVC,G,6-1,73,171,R-FR,2024,22,294.7494603739702,33.494256860678426,3.8,1.3,1.6,15.6,0.504,0.319,0.238,0.705,2.0,5.1,13.0,25.9,1.45,2.52,108.8,99.6,-2.15,-0.32,-2.15,0.69,0.69,0.98,0.29,-1.6,40.4,0,1,Belmont,2024,1337
Evan Stewart,Tennessee Tech,SEC,C,6-11,83,212,R-FR,2023,32,351.9282895453255,27.494397620728556,11.1,6.8,1.2,27.9,0.441,0.324,0.296,0.532,10.3,27.4,10.4,11.8,1.99,2.82,109.9,91.2,0.25,0.04,0.25,0.96,0.96,0.98,0.02,-1.6,40.4,0,1,Cincinnati,2023,1338
Uriah Mitchell,USC,ACC,SF,6-3,75,201,R-FR,2022,27,340.3497189509728,31.513862865830816,3.5,3.0,1.7,29.3,0.451,0.367,0.142,0.662,1.6,15.0,13.9,14.0,1.36,1.18,115.3,104.6,0.24,0.04,0.24,0.94,0.94,1.0,0.06,-1.6,40.4,0,1,Belmont,2022,1339
Luka Baker,Purdue,A-10,PG,6-2,74,189,JR,2024,33,230.21469494930756,17.44050719312936,14.4,2.0,1.8,30.1,0.474,0.387,0.431,0.944,4.4,6.7,14.8,15.9,2.1,0.74,100.5,100.0,0.63,0.07,0.63,0.86,0.86,0.96,0.1,-1.6,40.4,0,1,UNLV,2024,1340
Darius Rogers,Saint Louis,AAC,F,6-8,80,207,R-FR,2020,30,506.7797534931485,42.23164612442904,4.1,4.1,1.3,15.5,0.46,0.332,0.0,0.713,6.9,15.9,10.5,16.6,2.74,0.14,109.6,103.7,-2.72,-0.69,-2.72,0.83,0.83,0.96,0.13,-1.6,40.4,0,1,TCU,2020,1341
Andre Bailey,Houston,Horizon,SF,6-6,78,228,R-FR,2023,26,455.4063215157297,43.78906937651247,1.8,3.7,1.4,27.4,0.465,0.373,0.185,0.764,4.2,16.1,11.9,6.8,1.63,0.62,104.0,85.4,-1.65,-0.38,-1.65,0.71,0.71,0.98,0.27,-1.61,40.3,0,1,Tulsa,2023,1342
Ben Murphy,Houston,MAC,PG,6-7,79,205,R-FR,2020,28,468.5729699032348,41.83687231278883,10.2,1.9,3.5,17.8,0.405,0.345,0.215,0.57,0.2,10.5,29.3,21.8,3.43,2.78,96.0,105.0,-2.24,-0.53,-2.24,0.76,0.76,0.74,-0.02,-1.61,40.3,0,1,Maryland,2020,1343
Vince Martin,USC,Big 12,SG,6-4,76,196,JR,2021,24,189.94077355158967,19.78549724495726,7.5,2.5,2.4,18.0,0.543,0.316,0.555,0.612,3.2,10.8,19.8,22.7,1.56,0.63,117.4,103.7,-2.22,-0.21,-2.22,0.98,0.98,0.83,-0.15,-1.61,40.4,0,1,Iowa,2021,1344
Will Lopez,Auburn,MAAC,PG,6-3,75,224,SR,2024,24,469.403415878508,48.896189154011246,9.9,1.4,2.4,20.9,0.638,0.358,0.192,0.8,1.8,5.8,19.8,24.9,2.67,0.61,108.5,107.5,-0.06,-0.01,-0.06,0.74,0.74,0.69,-0.05,-1.62,40.3,0,1,DePaul,2024,1345
Derek Lewis,Oklahoma,MAAC,SG,6-2,74,225,R-SO,2024,35,227.3630251789606,16.240216084211472,7.2,1.0,2.3,11.6,0.511,0.356,0.401,0.66,1.0,4.8,19.4,15.0,2.68,1.74,112.8,96.2,-2.46,-0.28,-2.46,0.74,0.74,0.7,-0.04,-1.62,40.3,0,1,Baylor,2024,1346
Luke Roberts,Georgetown,MAC,PG,6-1,73,230,FR,2021,25,362.5709560170085,36.25709560170085,10.4,1.9,2.4,21.5,0.516,0.259,0.469,0.719,2.8,7.6,20.1,18.3,2.3,0.32,122.9,94.8,-1.26,-0.23,-1.26,0.76,0.76,0.74,-0.02,-1.62,40.3,0,1,Clemson,2021,1347
Kyle Hill,SMU,Horizon,PG,6-1,73,213,R-FR,2021,26,264.45080320505116,25.427961846639533,6.7,1.6,3.0,25.7,0.423,0.343,0.379,0.674,2.9,5.9,25.1,13.2,2.07,2.0,119.7,100.4,0.52,0.07,0.52,0.71,0.71,0.98,0.27,-1.62,40.3,0,1,Stanford,2021,1348
Brandon Cooper,Georgia,Big East,W,6-4,76,174,JR,2023,30,406.3428329647198,33.86190274705998,7.9,3.3,1.8,17.8,0.567,0.286,0.489,0.654,0.6,17.7,15.3,14.8,2.02,2.34,101.1,98.3,0.2,0.04,0.2,0.93,0.93,0.72,-0.21,-1.62,40.3,0,1,Oklahoma,2023,1349
Sam Reed,Saint Mary's,CUSA,SG,6-4,76,196,JR,2023,27,424.9398888295678,39.346286002737756,8.2,1.3,1.8,26.3,0.558,0.383,0.375,0.625,1.2,6.0,15.3,16.1,0.79,1.0,113.1,93.6,0.27,0.06,0.27,0.74,0.74,0.71,-0.03,-1.63,40.2,0,1,Notre Dame,2023,1350
Damian Garcia,Minnesota,AAC,W,6-8,80,208,R-JR,2023,27,291.01828807295317,26.946137784532706,4.6,3.6,1.6,12.4,0.469,0.348,0.349,0.735,1.4,18.9,13.6,5.0,2.39,1.03,100.3,106.1,0.07,0.01,0.07,0.83,0.83,0.76,-0.07,-1.63,40.2,0,1,Kansas,2023,1351
Omar Morgan,Indiana,CAA,F,6-7,79,207,FR,2021,27,582.4005974436996,53.92598124478699,7.8,6.8,0.9,18.2,0.458,0.408,0.19,0.723,15.8,22.2,7.8,6.1,2.84,0.82,114.4,98.6,-0.58,-0.17,-0.58,0.77,0.77,0.69,-0.08,-1.63,40.2,0,1,Murray State,2021,1352
DeShawn Reed,Saint Louis,ACC,PF,6-5,77,228,SR,2023,31,99.2,8.0,4.7,3.9,1.3,19.5,0.493,0.239,0.308,0.727,9.3,12.2,11.0,8.5,1.54,1.09,108.6,104.6,-0.51,-0.03,-0.51,0.94,0.94,0.71,-0.23,-1.63,40.2,0,1,Wichita State,2023,1353
Luka Reed,Xavier,ACC,SG,6-5,77,179,SO,2020,26,397.6247739716648,38.233151343429306,5.0,1.9,0.6,19.3,0.49,0.343,0.164,0.614,1.6,8.8,4.8,17.7,3.74,0.68,109.9,104.2,-2.36,-0.47,-2.36,0.94,0.94,0.71,-0.23,-1.64,40.2,0,1,Butler,2020,1354
Ivan Scott,St. Bonaventure,Ivy,F,6-7,79,204,R-JR,2022,18,57.599999999999994,8.0,8.5,5.9,1.2,14.8,0.529,0.308,0.409,0.659,9.8,23.2,10.2,12.4,0.52,1.62,115.5,110.0,-1.22,-0.04,-1.22,0.71,0.71,0.96,0.25,-1.64,40.1,0,1,Cincinnati,2022,1355
Marcus Allen,Minnesota,CAA,PG,6-2,74,223,R-JR,2022,25,280.8744609646005,28.087446096460052,9.3,3.0,1.6,17.3,0.579,0.371,0.44,0.706,3.9,12.6,13.4,17.2,1.96,1.61,106.9,92.8,-0.62,-0.09,-0.62,0.77,0.77,0.82,0.05,-1.64,40.2,0,1,North Carolina,2022,1356
Jalen Thompson,Clemson,CAA,G,6-1,73,247,R-JR,2020,31,187.09904108657113,15.08863234569122,6.8,2.5,2.5,18.2,0.562,0.359,0.123,0.716,2.3,11.8,20.6,22.3,1.81,0.1,109.4,100.1,-0.08,-0.01,-0.08,0.77,0.77,1.0,0.23,-1.64,40.2,0,1,Illinois,2020,1357
Will Morgan,Kentucky,ACC,PG,6-2,74,225,R-SO,2021,28,220.9761459216076,19.730013028714964,8.3,2.6,2.6,20.4,0.543,0.359,0.346,0.759,5.8,8.6,21.3,18.1,3.03,1.48,117.4,103.9,3.09,0.34,3.09,0.94,0.94,0.96,0.02,-1.65,40.1,0,1,Oregon,2021,1358
Nathan Murphy,Saint Mary's,SEC,PF,6-11,83,212,JR,2022,19,191.70236886407508,25.223995903167776,7.4,5.1,1.2,13.7,0.544,0.312,0.191,0.578,9.4,19.0,9.8,12.5,1.55,5.98,105.4,91.7,0.76,0.07,0.76,0.96,0.96,0.71,-0.25,-1.65,40.1,0,1,Nebraska,2022,1359
Kevin Edwards,DePaul,MAC,F,6-7,79,167,R-FR,2020,30,494.8531243193007,41.237760359941724,7.3,5.3,1.2,19.7,0.424,0.078,0.223,0.776,10.0,19.6,10.2,14.0,1.3,0.85,109.4,106.4,-0.91,-0.23,-0.91,0.76,0.76,0.94,0.18,-1.65,40.1,0,1,Miami,2020,1360
Darius Hill,Auburn,Big 12,PG,6-3,75,196,R-FR,2023,24,280.55263686157053,29.2242330064136,2.8,1.5,3.5,16.7,0.524,0.384,0.383,0.607,2.7,5.6,29.2,17.5,2.83,0.88,108.9,100.6,-1.43,-0.2,-1.43,0.98,0.98,0.74,-0.24,-1.65,40.1,0,1,Georgetown,2023,1361
Jordan Martinez,Tulsa,OVC,SF,6-8,80,237,R-JR,2021,30,382.1264312053178,31.843869267109813,8.6,2.6,1.0,26.2,0.537,0.375,0.314,0.642,5.4,9.0,8.7,5.5,0.65,3.49,105.5,110.7,0.11,0.02,0.11,0.69,0.69,0.98,0.29,-1.66,40.1,0,1,Houston,2021,1362
Tyler Walker,William & Mary,AAC,F,6-2,74,215,SR,2022,32,274.1969126362145,21.42163379970426,8.5,4.9,1.1,18.9,0.477,0.1,0.135,0.753,6.3,20.8,8.9,15.8,1.47,1.26,97.8,98.1,-1.9,-0.26,-1.9,0.83,0.83,0.76,-0.07,-1.66,40.0,0,1,Belmont,2022,1363
Brandon Rodriguez,Connecticut,SEC,C,6-11,83,177,SR,2020,25,143.9801128536594,14.398011285365937,4.2,8.4,1.8,10.0,0.547,0.348,0.164,0.75,11.5,35.0,14.6,7.8,4.36,0.3,107.4,99.2,-0.14,-0.01,-0.14,0.96,0.96,1.0,0.04,-1.67,40.0,0,1,Air Force,2020,1364
Alex Scott,Stanford,OVC,PG,6-2,74,236,R-JR,2022,20,201.3513461880835,25.16891827351044,2.8,2.2,3.2,18.2,0.61,0.374,0.426,0.604,1.9,10.2,26.7,22.3,1.54,2.08,107.4,105.3,2.27,0.23,2.27,0.69,0.69,0.79,0.1,-1.67,40.0,0,1,George Mason,2022,1365
Luke Morgan,St. John's,AAC,SF,6-6,78,194,R-JR,2021,25,442.03806681145227,44.203806681145224,3.6,2.9,1.6,19.3,0.512,0.461,0.638,0.723,3.7,12.3,13.4,20.1,4.72,1.78,116.2,110.2,-0.12,-0.03,-0.12,0.83,0.83,0.74,-0.09,-1.67,40.0,0,1,Auburn,2021,1366
Damian Rodriguez,Hofstra,Horizon,PF,6-9,81,183,JR,2023,36,721.9272368217527,50.13383589039949,7.4,6.5,1.5,15.7,0.512,0.239,0.116,0.69,13.3,22.8,12.9,12.6,1.05,2.57,110.7,92.0,0.15,0.05,0.15,0.71,0.71,0.72,0.01,-1.68,39.9,0,1,Indiana,2023,1367
Uriah Nelson,Baylor,Big Ten,PG,6-3,75,196,R-JR,2020,34,415.91982968248686,30.582340417829915,3.5,2.7,3.7,19.3,0.485,0.364,0.288,0.628,5.3,9.7,30.5,21.6,2.08,0.89,105.2,93.6,-2.14,-0.44,-2.14,1.0,1.0,0.96,-0.04,-1.68,39.9,0,1,SMU,2020,1368
Ivan Thompson,Miami,CAA,C,6-10,82,203,R-JR,2022,27,218.15924571369007,20.199930158675006,2.1,3.0,0.8,16.1,0.484,0.262,0.136,0.675,9.0,7.8,6.8,13.4,3.45,1.15,99.8,99.4,-0.12,-0.01,-0.12,0.77,0.77,0.86,0.09,-1.68,39.9,0,1,Purdue,2022,1369
Cole Jackson,Boston College,A-10,C,7-0,84,184,JR,2023,31,515.5219831816388,41.57435348239022,5.9,3.2,0.8,22.2,0.503,0.364,0.361,0.75,6.2,11.6,6.4,15.4,2.76,0.3,94.4,83.1,-0.35,-0.09,-0.35,0.86,0.86,0.93,0.07,-1.69,39.8,0,1,DePaul,2023,1370
Blake Harris,Tulsa,Sun Belt,W,6-5,77,208,R-SO,2021,32,230.04537791232207,17.97229514940016,3.9,4.2,1.6,13.3,0.425,0.302,0.482,0.811,9.0,14.1,13.6,17.2,1.06,0.1,112.0,93.1,-2.49,-0.29,-2.49,0.72,0.72,0.77,0.05,-1.69,39.9,0,1,Notre Dame,2021,1371
Trevion Williams,Iowa,Ivy,F,6-6,78,188,R-JR,2023,28,304.72617744347156,27.207694414595675,5.6,5.1,0.2,18.1,0.523,0.238,0.01,0.615,6.4,22.2,1.9,11.6,3.62,0.1,113.0,96.8,-0.87,-0.13,-0.87,0.71,0.71,1.0,0.29,-1.69,39.9,0,1,Florida,2023,1372
Cade Johnson,Stanford,A-10,PF,6-9,81,193,R-JR,2024,32,593.8918926132324,46.39780411040878,1.0,5.0,0.4,21.0,0.525,0.31,0.295,0.685,9.0,18.6,3.3,9.8,3.19,9.38,111.0,97.8,-1.75,-0.52,-1.75,0.86,0.86,1.0,0.14,-1.69,39.8,0,1,DePaul,2024,1373
Tanner Anderson,St. John's,MAAC,W,6-5,77,213,JR,2023,28,243.38177963399875,21.73051603874989,6.1,3.3,1.1,16.6,0.565,0.452,0.363,0.768,4.2,14.3,9.5,16.6,4.69,0.41,92.7,95.4,-0.17,-0.02,-0.17,0.74,0.74,0.71,-0.03,-1.69,39.8,0,1,USC,2023,1374
Luka Parker,Duke,WAC,PG,6-4,76,205,R-FR,2023,28,202.63503968192606,18.092414257314825,4.7,1.5,1.6,20.2,0.521,0.385,0.437,0.717,5.0,3.6,13.7,17.7,2.72,1.46,105.1,106.8,-0.08,-0.01,-0.08,0.7,0.7,0.83,0.13,-1.69,39.8,0,1,Auburn,2023,1375
Ben Thompson,Indiana,A-10,PG,6-2,74,189,R-JR,2021,37,681.3459844964104,46.036890844352065,6.6,1.8,4.4,22.4,0.509,0.291,0.535,0.653,7.2,3.0,37.0,23.0,1.08,3.82,102.8,96.7,-2.85,-0.97,-2.85,0.86,0.86,0.83,-0.03,-1.69,39.9,0,1,Fordham,2021,1376
Marcus Mitchell,Davidson,ACC,PF,6-7,79,212,JR,2023,23,451.64927091461425,49.092312055936326,11.1,4.9,1.1,17.1,0.527,0.22,0.364,0.867,7.7,19.7,9.2,18.1,0.2,5.44,104.7,84.1,-1.39,-0.31,-1.39,0.94,0.94,0.69,-0.25,-1.69,39.9,0,1,Belmont,2023,1377
Owen Rivera,Kansas,MAC,F,6-6,78,178,R-FR,2024,27,119.75051385024958,11.088010541689776,3.6,4.4,2.2,11.9,0.559,0.235,0.26,0.704,13.5,10.9,18.4,6.6,0.2,1.44,102.1,98.7,-0.87,-0.05,-0.87,0.76,0.76,0.72,-0.04,-1.7,39.8,0,1,Mississippi State,2024,1378
Evan Evans,Auburn,CUSA,PF,6-8,80,199,R-JR,2023,29,164.85007288211267,14.211213179492471,6.7,4.6,0.2,19.3,0.433,0.273,0.284,0.789,8.6,16.9,1.0,17.5,1.54,4.76,126.7,91.9,-2.04,-0.17,-2.04,0.74,0.74,0.72,-0.02,-1.7,39.8,0,1,San Diego State,2023,1379
Henry Perez,Pittsburgh,Horizon,PG,6-4,76,199,R-JR,2022,37,446.75323174978365,30.18602917228268,1.4,1.4,2.1,19.4,0.521,0.33,0.48,0.749,1.0,6.8,17.3,16.6,4.03,2.12,109.8,106.6,-0.89,-0.2,-0.89,0.71,0.71,0.74,0.03,-1.7,39.8,0,1,Nevada,2022,1380
Jalen Mitchell,Dayton,ACC,F,6-5,77,223,R-JR,2021,29,221.16357179839454,19.065825155034013,6.8,3.5,1.2,20.7,0.46,0.229,0.167,0.825,5.8,13.4,10.0,10.9,5.11,0.1,109.2,113.7,-0.93,-0.1,-0.93,0.94,0.94,0.83,-0.11,-1.7,39.8,0,1,Duquesne,2021,1381
Paul Stewart,Wake Forest,OVC,C,6-9,81,170,R-JR,2023,24,124.81246286134906,13.001298214723862,7.1,3.8,1.4,12.0,0.6,0.272,0.017,0.632,7.8,13.1,11.3,16.7,3.04,7.06,101.0,97.8,0.57,0.04,0.57,0.69,0.69,0.93,0.24,-1.7,39.8,0,1,Nebraska,2023,1382
Uriah Harris,Mississippi State,ACC,SF,6-6,78,196,R-JR,2024,22,348.9902333307944,39.657981060317546,5.0,4.9,1.4,20.3,0.538,0.359,0.355,0.587,8.2,19.2,11.9,13.5,3.33,1.03,117.6,97.8,-1.76,-0.31,-1.76,0.94,0.94,1.0,0.06,-1.71,39.7,0,1,Iowa State,2024,1383
Jalen Morris,Cincinnati,Big 12,SG,6-4,76,197,JR,2021,30,482.24845869964076,40.1873715583034,10.8,1.6,1.5,25.7,0.507,0.296,0.461,0.712,2.3,6.9,12.3,14.1,1.91,2.23,105.8,107.5,-2.32,-0.56,-2.32,0.98,0.98,0.77,-0.21,-1.71,39.7,0,1,St. John's,2021,1384
Quinn Phillips,Marquette,CAA,PF,6-8,80,203,FR,2022,37,523.8295806308066,35.39389058316261,6.0,4.2,1.8,19.7,0.556,0.227,0.094,0.761,5.4,18.0,14.8,12.5,1.12,9.94,125.2,101.9,1.97,0.52,1.97,0.77,0.77,1.0,0.23,-1.71,39.7,0,1,Iowa,2022,1385
Cameron Edwards,Belmont,ACC,G,6-5,77,208,R-JR,2024,28,569.8028739312189,50.87525660100169,13.0,1.5,4.3,22.1,0.512,0.302,0.283,0.691,1.1,7.3,35.6,23.2,2.51,3.05,103.7,113.2,-1.26,-0.36,-1.26,0.94,0.94,0.77,-0.17,-1.71,39.8,0,1,Oklahoma,2024,1386
Tyrese Phillips,George Mason,Sun Belt,SF,6-4,76,221,R-JR,2021,29,612.7372713273288,52.82217856270076,7.6,3.7,2.5,18.2,0.491,0.351,0.399,0.666,9.5,11.0,21.2,14.4,2.24,2.02,113.9,98.3,0.22,0.07,0.22,0.72,0.72,0.83,0.11,-1.71,39.7,0,1,Nebraska,2021,1387
Trevion Jackson,Oklahoma,Big 12,SF,6-5,77,242,SR,2024,24,120.18765239876805,12.519547124871671,1.4,3.4,2.4,15.6,0.531,0.287,0.485,0.735,2.2,16.6,20.2,12.9,0.47,0.1,105.9,105.1,-0.23,-0.01,-0.23,0.98,0.98,0.98,0.0,-1.72,39.7,0,1,UCLA,2024,1388
Eric Thompson,Providence,Sun Belt,SF,6-7,79,211,JR,2022,29,215.50656139839688,18.578151844689387,7.4,3.7,1.5,21.6,0.549,0.404,0.295,0.645,8.1,12.7,12.8,21.4,2.78,1.31,105.5,107.1,-0.01,-0.0,-0.01,0.72,0.72,0.72,0.0,-1.72,39.7,0,1,Clemson,2022,1389
Wade Perez,USC,Big 12,C,6-10,82,192,JR,2022,28,295.0260390478029,26.341610629268114,1.7,5.3,0.8,13.7,0.519,0.327,0.085,0.636,7.4,22.0,6.5,12.3,2.6,5.14,112.0,89.7,-0.69,-0.1,-0.69,0.98,0.98,0.69,-0.29,-1.73,39.6,0,1,Saint Louis,2022,1390
Zion Murphy,Mississippi State,AAC,F,6-9,81,204,SO,2024,24,229.58048672288373,23.91463403363372,6.3,3.8,0.5,18.5,0.575,0.308,0.158,0.796,1.5,19.5,4.0,13.4,2.05,0.1,114.2,100.0,-1.23,-0.14,-1.23,0.83,0.83,0.7,-0.13,-1.73,39.6,0,1,Dayton,2024,1391
Marcus Bailey,St. Bonaventure,ACC,G,6-3,75,189,R-FR,2024,29,376.27828601827207,32.43778327743724,8.2,2.3,1.6,15.8,0.468,0.278,0.364,0.55,3.6,9.4,13.5,16.8,3.36,1.46,99.4,105.5,-0.25,-0.05,-0.25,0.94,0.94,0.98,0.04,-1.73,39.6,0,1,Ohio State,2024,1392
Jake Harris,Gonzaga,AAC,PG,6-1,73,201,R-SO,2021,37,292.33665144397395,19.752476448917157,5.2,1.6,3.0,15.8,0.564,0.367,0.459,0.855,1.8,7.3,25.0,18.1,0.81,2.51,124.1,99.6,-3.28,-0.48,-3.28,0.83,0.83,0.94,0.11,-1.73,39.6,0,1,Richmond,2021,1393
Nathan Bell,Eastern Kentucky,ACC,SF,6-5,77,202,JR,2022,26,320.0180652734664,30.770967814756386,6.7,3.3,2.5,20.7,0.506,0.429,0.344,0.705,3.3,14.9,20.8,20.5,2.4,2.07,108.9,101.4,-0.06,-0.01,-0.06,0.94,0.94,1.0,0.06,-1.74,39.6,0,1,Northwestern,2022,1394
Chris Davis,Wichita State,WCC,C,6-8,80,245,R-FR,2020,23,574.2716557836969,62.420832150401836,7.2,3.4,1.7,28.8,0.421,0.212,0.393,0.64,7.5,11.5,14.1,16.0,1.54,4.31,113.7,95.9,0.94,0.27,0.94,0.82,0.82,0.74,-0.08,-1.74,39.5,0,1,Florida State,2020,1395
Nick Walker,Dayton,Sun Belt,G,6-0,72,237,SO,2022,36,288.9023055758552,20.06266010943439,5.2,2.1,2.2,15.0,0.534,0.424,0.302,0.716,1.8,9.9,18.6,15.9,2.04,1.0,119.2,91.6,-1.48,-0.21,-1.48,0.72,0.72,0.71,-0.01,-1.74,39.5,0,1,Vanderbilt,2022,1396
Isaiah Lopez,James Madison,CUSA,C,6-9,81,189,R-JR,2024,26,216.88369195792455,20.854201149800435,3.1,5.2,1.6,22.7,0.504,0.34,0.198,0.779,6.5,22.4,13.1,14.4,2.33,6.28,102.9,100.2,0.22,0.02,0.22,0.74,0.74,0.98,0.24,-1.74,39.6,0,1,Syracuse,2024,1397
Flynn Rodriguez,Davidson,CUSA,PF,6-7,79,184,R-JR,2020,29,156.6594478230846,13.505124812334879,11.1,2.9,1.8,22.9,0.523,0.438,0.219,0.744,4.7,11.6,15.3,8.8,1.16,4.4,109.7,93.6,-1.29,-0.1,-1.29,0.74,0.74,0.82,0.08,-1.75,39.5,0,1,Xavier,2020,1398
Cameron Hernandez,George Mason,ACC,SF,6-7,79,218,R-JR,2023,25,241.60194550083065,24.160194550083066,7.2,4.5,1.1,17.1,0.488,0.302,0.408,0.662,5.3,19.5,9.2,15.3,1.06,2.43,118.7,93.0,-2.56,-0.31,-2.56,0.94,0.94,0.72,-0.22,-1.75,39.5,0,1,Richmond,2023,1399
Mike Roberts,Oregon,ACC,PF,6-8,80,197,R-JR,2022,31,505.8049996425723,40.7907257776268,1.6,6.7,2.1,10.0,0.518,0.352,0.067,0.728,8.1,29.2,17.2,10.4,0.86,1.33,112.5,95.0,-2.51,-0.64,-2.51,0.94,0.94,0.86,-0.08,-1.75,39.5,0,1,Florida,2022,1400
Kofi Sanchez,Stanford,A-10,W,6-6,78,187,R-JR,2022,31,393.827828777851,31.76030877240734,9.9,3.6,1.6,16.6,0.508,0.313,0.289,0.825,5.5,14.5,13.0,6.7,3.84,2.08,113.3,85.8,-1.37,-0.27,-1.37,0.86,0.86,0.77,-0.09,-1.75,39.5,0,1,Houston,2022,1401
Todd Mitchell,USC,MAC,SF,6-7,79,225,R-JR,2024,33,401.1066029032354,30.386863856305713,8.8,2.8,0.9,20.7,0.52,0.372,0.333,0.75,1.7,13.9,7.6,16.2,0.2,0.1,110.8,99.4,-1.68,-0.34,-1.68,0.76,0.76,0.96,0.2,-1.75,39.5,0,1,Florida State,2024,1402
Luke Bailey,Tennessee Tech,AAC,PG,6-1,73,213,JR,2023,26,142.80229271976694,13.730989684592977,1.0,2.1,3.3,13.6,0.487,0.374,0.327,0.739,0.5,11.0,27.8,23.8,2.08,1.26,114.7,106.4,-1.51,-0.11,-1.51,0.83,0.83,0.74,-0.09,-1.76,39.5,0,1,Providence,2023,1403
Tyrese Allen,Kentucky,AAC,W,6-5,77,210,R-JR,2022,31,575.3225246992384,46.396977798325686,2.2,4.3,2.0,18.4,0.376,0.381,0.355,0.68,7.8,15.9,17.0,8.0,1.08,1.89,90.9,108.5,-1.96,-0.56,-1.96,0.83,0.83,0.82,-0.01,-1.76,39.5,0,1,Iowa,2022,1404
Nathan Edwards,St. Bonaventure,WAC,PF,6-7,79,226,FR,2024,34,274.77665210737536,20.20416559613054,2.3,4.9,0.5,10.0,0.48,0.48,0.222,0.666,6.2,20.8,4.4,9.8,2.63,2.31,100.3,96.1,-2.9,-0.4,-2.9,0.7,0.7,0.98,0.28,-1.76,39.4,0,1,Kansas,2024,1405
Eric Walker,Richmond,OVC,F,6-5,77,199,FR,2024,19,166.7721823634924,21.943708205722686,13.7,3.7,1.1,26.2,0.506,0.197,0.507,0.625,8.8,11.9,9.2,11.5,0.71,4.33,106.2,96.3,0.75,0.06,0.75,0.69,0.69,0.76,0.07,-1.77,39.4,0,1,Hofstra,2024,1406
Jalen Thomas,Gonzaga,Big Ten,PG,6-2,74,204,R-JR,2021,29,780.5433528026207,67.28822006919144,3.8,1.5,3.6,18.2,0.578,0.362,0.462,0.616,1.1,7.4,29.7,8.8,1.84,2.81,101.7,105.5,-2.25,-0.88,-2.25,1.0,1.0,0.94,-0.06,-1.77,39.4,0,1,Florida,2021,1407
DeShawn Jackson,Memphis,Big 12,PF,6-10,82,201,FR,2023,28,470.74794182009447,42.03106623393701,10.9,4.4,0.7,25.5,0.476,0.257,0.227,0.766,7.8,16.7,5.9,12.4,1.43,3.8,106.6,94.7,-0.86,-0.2,-0.86,0.98,0.98,0.74,-0.24,-1.77,39.4,0,1,Wake Forest,2023,1408
Malik Perez,Louisville,Big 12,PF,6-9,81,187,SO,2022,36,607.9350755650728,42.217713580907834,11.8,5.5,1.1,17.4,0.573,0.317,0.147,0.633,10.2,20.4,9.0,15.5,1.92,4.27,113.0,100.0,-1.95,-0.59,-1.95,0.98,0.98,0.77,-0.21,-1.77,39.4,0,1,Tennessee,2022,1409
Kofi Bell,Iowa,Horizon,C,6-9,81,173,R-JR,2021,23,180.10515560565577,19.576647348440844,7.2,4.6,0.9,27.3,0.473,0.282,0.0,0.682,5.6,19.8,7.5,6.5,2.12,4.36,99.4,87.4,-0.33,-0.03,-0.33,0.71,0.71,0.96,0.25,-1.78,39.3,0,1,Nevada,2021,1410
Kyle Parker,Davidson,AAC,F,6-6,78,213,R-JR,2024,25,297.2700995112286,29.727009951122856,6.0,4.0,1.5,24.2,0.614,0.169,0.321,0.757,4.2,17.8,12.4,5.7,3.02,1.15,111.2,105.8,-0.75,-0.11,-0.75,0.83,0.83,0.74,-0.09,-1.78,39.3,0,1,Ohio State,2024,1411
Owen Cooper,Clemson,MVC,SF,6-5,77,174,SO,2024,33,489.90497828580396,37.1140135065003,5.8,2.9,1.3,25.3,0.538,0.208,0.457,0.828,8.2,8.1,10.7,21.0,4.61,1.99,135.0,97.6,1.73,0.42,1.73,0.79,0.79,1.0,0.21,-1.78,39.3,0,1,Arizona,2024,1412
Derek King,Clemson,MAAC,PF,6-9,81,200,R-JR,2024,33,344.6206017141727,26.107621341982778,2.0,5.3,1.2,21.8,0.519,0.279,0.036,0.571,4.8,24.7,10.0,13.9,2.99,4.0,105.5,111.2,0.71,0.12,0.71,0.74,0.74,0.86,0.12,-1.78,39.3,0,1,Virginia,2024,1413
Ben Evans,Iowa State,CUSA,PG,6-2,74,224,R-SO,2023,25,352.67159655687135,35.26715965568714,12.6,0.7,2.1,23.1,0.465,0.41,0.214,0.722,0.2,3.6,17.9,23.7,1.42,0.68,109.6,99.3,-3.65,-0.64,-3.65,0.74,0.74,0.71,-0.03,-1.78,39.3,0,1,Clemson,2023,1414
Luka Hill,Georgia,Horizon,PF,6-9,81,238,R-JR,2021,30,347.10226445997694,28.92518870499807,11.6,5.4,0.6,20.2,0.482,0.283,0.225,0.65,10.2,19.8,4.7,11.6,1.67,9.59,119.9,105.1,-2.08,-0.36,-2.08,0.71,0.71,0.86,0.15,-1.79,39.3,0,1,Louisville,2021,1415
Xavier Cooper,Georgetown,AAC,F,6-10,82,216,R-JR,2021,25,321.99665220226143,32.199665220226144,9.9,3.9,1.0,22.1,0.513,0.244,0.303,0.752,7.9,13.9,8.6,19.4,1.44,3.03,96.2,93.5,-1.89,-0.3,-1.89,0.83,0.83,0.83,0.0,-1.79,39.3,0,1,Minnesota,2021,1416
Will Bailey,UNLV,Horizon,SG,6-4,76,220,SO,2021,22,118.53680862925259,13.470091889687794,2.4,1.9,1.6,15.8,0.506,0.296,0.221,0.793,1.4,9.2,13.4,15.4,1.94,2.27,115.0,106.4,-3.28,-0.19,-3.28,0.71,0.71,0.74,0.03,-1.79,39.3,0,1,William & Mary,2021,1417
DeShawn Young,Minnesota,WCC,SG,6-2,74,214,R-JR,2022,22,236.80642321025815,26.90982081934752,3.5,0.9,1.6,21.4,0.474,0.221,0.366,0.803,1.2,3.8,13.3,12.6,1.6,0.31,113.6,102.3,-4.09,-0.48,-4.09,0.82,0.82,0.79,-0.03,-1.79,39.3,0,1,Murray State,2022,1418
Elijah Martin,Seton Hall,WCC,C,7-0,84,207,FR,2021,23,215.21441641350148,23.39287134929364,11.5,6.3,1.1,21.4,0.507,0.254,0.0,0.786,9.3,25.7,9.2,17.2,1.97,2.99,106.1,109.7,-1.06,-0.11,-1.06,0.82,0.82,0.96,0.14,-1.79,39.2,0,1,Marquette,2021,1419
Brandon Mitchell,Baylor,Horizon,C,6-10,82,203,R-JR,2020,20,270.3201001274849,33.790012515935615,8.5,4.9,1.2,17.1,0.515,0.218,0.15,0.904,10.9,16.5,10.1,10.2,2.82,1.21,116.4,89.5,-1.54,-0.21,-1.54,0.71,0.71,0.82,0.11,-1.8,39.2,0,1,Auburn,2020,1420
Sam King,Marquette,CAA,SF,6-5,77,229,R-FR,2020,20,313.7282974719255,39.216037183990686,2.7,3.9,1.9,22.0,0.54,0.273,0.216,0.74,10.7,10.8,15.6,11.6,2.44,0.87,108.7,113.6,-0.39,-0.06,-0.39,0.77,0.77,0.96,0.19,-1.8,39.2,0,1,Saint Mary's,2020,1421
Zion Wright,Connecticut,A-10,G,6-3,75,190,R-FR,2020,15,359.92689957386,59.98781659564333,3.4,2.2,0.6,15.0,0.485,0.362,0.187,0.76,2.0,10.2,5.2,17.0,2.9,0.37,112.2,100.2,-2.02,-0.36,-2.02,0.86,0.86,0.74,-0.12,-1.8,39.2,0,1,Georgetown,2020,1422
Zion Hernandez,Iowa State,Big Ten,C,6-10,82,216,JR,2024,33,670.6133493930231,50.80404162068357,4.7,3.3,0.9,18.4,0.473,0.298,0.041,0.746,2.9,15.4,7.6,13.6,3.46,1.87,108.3,101.4,-1.92,-0.64,-1.92,1.0,1.0,0.98,-0.02,-1.8,39.2,0,1,Miami,2024,1423
Blake Campbell,Cincinnati,MAAC,PG,6-1,73,248,FR,2020,30,199.0683191813152,16.58902659844293,4.6,1.5,3.3,17.6,0.553,0.306,0.411,0.585,3.0,5.5,27.1,11.4,1.63,0.75,108.7,107.3,0.69,0.07,0.69,0.74,0.74,0.98,0.24,-1.8,39.2,0,1,St. Bonaventure,2020,1424
Henry White,Northwestern,Big East,G,6-1,73,217,R-JR,2021,30,398.3468369262829,33.19556974385691,4.8,1.9,2.7,22.5,0.501,0.291,0.238,0.673,0.2,10.1,22.6,16.9,3.0,1.89,118.5,107.8,-0.23,-0.05,-0.23,0.93,0.93,0.82,-0.11,-1.8,39.2,0,1,Texas,2021,1425
Zion Gonzalez,Iowa,Big 12,SG,6-3,75,205,R-FR,2020,32,501.1097093130147,39.149196040079275,11.8,1.0,1.7,29.5,0.526,0.254,0.119,0.714,3.5,2.0,14.0,13.3,2.94,1.93,96.0,91.6,-2.7,-0.68,-2.7,0.98,0.98,0.74,-0.24,-1.8,39.2,0,1,George Mason,2020,1426
Paul White,Northwestern,CAA,SF,6-5,77,186,JR,2023,30,422.71728172914067,35.22644014409506,8.8,3.0,1.7,28.2,0.501,0.299,0.629,0.723,5.8,11.1,14.6,14.0,3.94,0.29,108.5,93.2,-1.86,-0.39,-1.86,0.77,0.77,0.79,0.02,-1.8,39.2,0,1,Georgia,2023,1427
Brandon Johnson,James Madison,CUSA,G,6-2,74,224,JR,2022,30,555.5370947679851,46.29475789733208,8.7,1.5,2.9,22.9,0.514,0.263,0.323,0.827,3.9,4.3,24.5,13.5,1.92,2.98,95.7,91.4,-0.62,-0.17,-0.62,0.74,0.74,0.69,-0.05,-1.8,39.2,0,1,St. Bonaventure,2022,1428
Blake Anderson,Iowa State,Horizon,SG,6-2,74,184,R-JR,2022,28,154.24928368811356,13.772257472152997,5.0,2.4,1.4,15.7,0.515,0.373,0.263,0.584,0.2,13.1,11.4,12.0,1.17,2.87,99.3,91.9,-2.17,-0.17,-2.17,0.71,0.71,0.82,0.11,-1.8,39.2,0,1,Xavier,2022,1429
Grant Murphy,Oklahoma,WAC,C,6-9,81,204,JR,2020,27,342.8052770928128,31.74122936044563,6.0,4.6,1.4,24.9,0.516,0.309,0.395,0.808,6.1,19.5,11.3,18.7,2.43,5.97,106.6,102.5,-2.58,-0.44,-2.58,0.7,0.7,0.76,0.06,-1.81,39.1,0,1,Michigan State,2020,1430
DeShawn Cooper,Iowa,A-10,SF,6-5,77,211,FR,2024,24,133.1121767078273,13.865851740398679,3.1,1.4,1.4,14.2,0.435,0.279,0.165,0.748,3.2,4.5,12.0,9.5,3.66,1.63,96.9,102.0,-3.03,-0.2,-3.03,0.86,0.86,0.74,-0.12,-1.81,39.2,0,1,Butler,2024,1431
Ben Bailey,Memphis,ACC,PG,6-1,73,204,JR,2024,27,434.92510954427837,40.27084347632207,8.2,1.9,2.4,17.5,0.605,0.3,0.345,0.748,3.5,7.0,19.8,24.5,0.89,4.25,109.7,97.0,0.62,0.13,0.62,0.94,0.94,0.74,-0.2,-1.81,39.1,0,1,Nevada,2024,1432
Todd Brown,Iowa State,Big East,PG,6-2,74,169,R-SO,2024,28,247.07574592201053,22.060334457322366,1.0,1.4,2.9,14.8,0.5,0.321,0.255,0.64,3.6,4.4,24.3,15.3,2.47,0.57,108.2,93.1,-1.01,-0.12,-1.01,0.93,0.93,0.96,0.03,-1.81,39.1,0,1,Miami,2024,1433
Damian Sanchez,Nevada,WCC,G,5-11,71,214,R-JR,2023,24,391.4089624304415,40.77176691983765,9.7,2.3,3.5,22.8,0.675,0.305,0.411,0.757,3.4,9.5,28.8,22.3,1.35,3.61,129.3,103.5,1.62,0.32,1.62,0.82,0.82,1.0,0.18,-1.81,39.2,0,1,Virginia Tech,2023,1434
Ivan Young,SMU,Horizon,W,6-6,78,228,R-FR,2020,31,273.2619056839736,22.03725045838497,4.9,3.6,2.3,25.0,0.432,0.247,0.343,0.556,2.9,17.2,19.2,18.6,0.75,0.45,111.4,103.5,-3.29,-0.45,-3.29,0.71,0.71,0.98,0.27,-1.81,39.1,0,1,Virginia Tech,2020,1435
Omar Young,Providence,Sun Belt,PF,6-6,78,221,FR,2024,18,328.1692978289269,45.57906914290651,5.2,5.6,0.4,19.0,0.589,0.298,0.339,0.849,12.0,19.2,3.5,4.9,3.08,7.86,105.3,97.5,-1.43,-0.24,-1.43,0.72,0.72,0.74,0.02,-1.82,39.1,0,1,Connecticut,2024,1436
Grant Bell,Oregon,Big 12,PF,6-7,79,187,FR,2023,30,687.872137257287,57.32267810477392,6.5,3.3,1.5,14.9,0.526,0.33,0.138,0.827,3.4,14.7,12.8,18.1,2.95,7.76,112.2,108.5,-0.9,-0.31,-0.9,0.98,0.98,0.94,-0.04,-1.82,39.1,0,1,LSU,2023,1437
Coleman Phillips,North Carolina,MAAC,PF,6-10,82,220,R-FR,2022,21,182.24817359212918,21.696211141920138,5.1,5.8,1.4,14.1,0.623,0.372,0.422,0.636,10.7,21.5,11.8,9.8,1.81,6.51,99.3,87.0,0.48,0.04,0.48,0.74,0.74,0.7,-0.04,-1.82,39.1,0,1,Utah State,2022,1438
Ben Mitchell,Virginia Tech,Ivy,SF,6-5,77,194,R-FR,2021,35,276.55072166711335,19.75362297622238,5.0,2.8,1.7,17.2,0.527,0.326,0.583,0.832,3.5,11.8,14.5,10.1,2.14,1.51,119.7,106.4,-2.1,-0.29,-2.1,0.71,0.71,0.94,0.23,-1.82,39.1,0,1,Providence,2021,1439
Jalen Reed,Virginia Tech,OVC,W,6-5,77,207,R-JR,2020,30,237.14359011232892,19.761965842694078,6.7,2.5,1.8,23.3,0.601,0.297,0.27,0.587,5.2,8.7,15.2,11.2,0.8,0.1,117.1,90.9,1.13,0.13,1.13,0.69,0.69,0.76,0.07,-1.83,39.0,0,1,Nevada,2020,1440
Tanner Mitchell,Iowa State,ACC,PF,6-7,79,175,R-FR,2021,28,404.33127860720003,36.101007018500006,5.6,3.9,1.4,19.6,0.447,0.292,0.045,0.732,5.8,15.6,11.8,17.3,3.63,3.94,112.7,101.6,-0.84,-0.17,-0.84,0.94,0.94,1.0,0.06,-1.83,39.0,0,1,Stanford,2021,1441
Ben Bell,Villanova,SEC,PF,6-9,81,179,SO,2024,30,470.1208095741188,39.176734131176566,9.7,4.0,1.2,25.5,0.614,0.301,0.044,0.639,3.5,18.8,10.3,15.1,2.47,7.13,120.9,92.0,-0.54,-0.13,-0.54,0.96,0.96,0.86,-0.1,-1.83,39.0,0,1,Cincinnati,2024,1442
Damian Martinez,Wichita State,SEC,F,6-8,80,208,JR,2021,22,134.99518770010457,15.340362238648245,4.3,3.6,0.6,25.4,0.414,0.335,0.008,0.759,8.6,11.5,4.8,11.5,2.94,2.09,104.0,100.9,-2.37,-0.16,-2.37,0.96,0.96,0.69,-0.27,-1.84,39.0,0,1,Vanderbilt,2021,1443
Cameron Davis,Oregon,ACC,W,6-8,80,224,R-FR,2023,32,471.5492341430728,36.83978391742756,4.2,2.5,2.1,27.3,0.542,0.336,0.178,0.798,4.9,8.9,17.6,15.5,0.92,2.17,125.8,100.2,-0.99,-0.23,-0.99,0.94,0.94,0.94,0.0,-1.84,39.0,0,1,Saint Mary's,2023,1444
Nathan Perez,BYU,MAC,PF,7-0,84,181,R-JR,2024,24,383.1534028254075,39.911812794313285,4.3,4.6,0.7,19.6,0.527,0.352,0.09,0.688,4.5,20.9,6.2,10.7,1.25,3.87,115.8,100.7,1.7,0.33,1.7,0.76,0.76,0.86,0.1,-1.84,39.0,0,1,Michigan,2024,1445
Nick Rivera,Purdue,WCC,C,6-9,81,236,R-FR,2024,25,338.24080329478363,33.82408032947836,13.8,5.7,1.0,21.7,0.408,0.278,0.233,0.7,11.2,20.3,8.5,13.4,3.52,2.37,92.2,104.4,-0.74,-0.12,-0.74,0.82,0.82,0.74,-0.08,-1.85,38.9,0,1,Georgia,2024,1446
Jalen Scott,Georgetown,AAC,SG,6-5,77,186,R-JR,2021,23,283.51336758676115,30.816670389865344,7.2,2.3,1.5,23.9,0.534,0.36,0.647,0.661,3.2,9.4,12.8,18.5,2.49,0.3,116.7,95.7,-1.37,-0.19,-1.37,0.83,0.83,0.79,-0.04,-1.85,38.9,0,1,LSU,2021,1447
Vince Parker,TCU,Horizon,SG,6-5,77,198,R-JR,2021,21,94.02499469882498,11.193451749860117,1.3,1.2,1.6,22.8,0.579,0.327,0.666,0.871,3.2,3.6,13.4,10.7,2.29,0.56,102.0,85.6,-0.25,-0.01,-0.25,0.71,0.71,0.79,0.08,-1.85,38.9,0,1,Cincinnati,2021,1448
Isaiah Thomas,Alabama,WAC,PG,6-1,73,195,R-FR,2022,30,331.4127207431992,27.617726728599933,5.9,1.9,2.6,12.9,0.394,0.333,0.493,0.583,1.7,9.1,21.4,23.2,3.35,0.45,107.2,96.1,-0.7,-0.12,-0.7,0.7,0.7,0.76,0.06,-1.85,38.9,0,1,Georgia,2022,1449
Grant Lewis,St. John's,A-10,F,6-5,77,191,R-FR,2021,29,481.23860153556103,41.486086339272504,10.6,4.8,0.8,16.9,0.559,0.319,0.0,0.657,6.0,20.5,7.1,7.2,1.63,2.1,112.2,94.1,0.95,0.23,0.95,0.86,0.86,0.79,-0.07,-1.85,38.9,0,1,Texas,2021,1450
Todd Lewis,Creighton,ACC,PF,6-6,78,212,R-SO,2024,23,449.71839872656983,48.88243464419238,3.5,3.7,0.7,22.0,0.53,0.196,0.092,0.593,4.6,16.0,6.2,11.9,2.83,5.98,116.9,96.6,-1.91,-0.43,-1.91,0.94,0.94,0.74,-0.2,-1.85,38.9,0,1,Ohio State,2024,1451
Sean Johnson,Purdue,MVC,PG,6-2,74,203,R-FR,2022,20,236.23743591881978,29.529679489852473,7.3,2.4,2.6,19.3,0.462,0.326,0.295,0.684,2.6,10.7,21.3,20.0,1.66,2.07,112.2,104.0,-0.45,-0.05,-0.45,0.79,0.79,1.0,0.21,-1.85,38.9,0,1,USC,2022,1452
Zach Robinson,Butler,CUSA,G,6-2,74,224,R-JR,2023,31,688.4479319120431,55.51999450903574,5.6,2.0,3.7,19.8,0.518,0.339,0.411,0.654,5.5,5.6,31.1,7.0,1.92,1.16,112.2,96.9,2.21,0.76,2.21,0.74,0.74,1.0,0.26,-1.85,38.9,0,1,Clemson,2023,1453
Nathan Sanchez,Murray State,Ivy,C,6-11,83,189,R-SO,2022,21,323.15752456979124,38.4711338773561,6.6,7.4,1.6,21.9,0.522,0.327,0.011,0.694,14.3,26.6,12.9,13.2,1.19,6.3,109.2,102.5,-1.08,-0.17,-1.08,0.71,0.71,1.0,0.29,-1.86,38.9,0,1,Indiana,2022,1454
Jaylen Wright,Tennessee Tech,MAAC,PF,6-6,78,207,R-JR,2023,27,154.15235086202247,14.273365820557636,2.8,3.1,0.8,23.8,0.49,0.317,0.198,0.791,2.0,15.0,6.9,12.9,2.75,4.5,99.3,101.5,-1.07,-0.08,-1.07,0.74,0.74,1.0,0.26,-1.87,38.8,0,1,North Carolina,2023,1455
Andrej Baker,Houston,A-10,C,7-0,84,191,R-FR,2020,19,282.3403419106059,37.15004498823762,4.6,4.6,1.4,10.0,0.445,0.314,0.0,0.581,8.2,17.2,11.5,14.6,3.33,8.54,117.2,100.6,-1.95,-0.28,-1.95,0.86,0.86,0.76,-0.1,-1.87,38.8,0,1,Pittsburgh,2020,1456
Owen Lee,SMU,Big 12,SF,6-6,78,195,R-FR,2022,29,343.67078218834786,29.62679156796102,2.9,2.7,1.4,24.6,0.537,0.386,0.458,0.836,5.6,9.6,11.8,13.6,1.12,0.89,101.6,100.1,-0.15,-0.03,-0.15,0.98,0.98,0.76,-0.22,-1.87,38.8,0,1,Vanderbilt,2022,1457
Nick Lopez,Butler,SEC,PG,6-2,74,207,R-JR,2020,36,271.50787620557924,18.854713625387447,6.1,1.5,4.0,15.7,0.472,0.228,0.342,0.655,2.6,5.5,33.6,15.1,1.61,1.43,112.4,105.4,-0.25,-0.03,-0.25,0.96,0.96,0.71,-0.25,-1.87,38.8,0,1,St. Bonaventure,2020,1458
Jaylen Phillips,Boston College,CUSA,PG,6-1,73,212,R-JR,2020,33,167.98448038522469,12.726096998880658,7.2,0.9,3.4,21.3,0.468,0.349,0.453,0.73,1.2,4.0,28.1,18.9,3.35,1.46,98.1,104.8,-2.22,-0.19,-2.22,0.74,0.74,0.72,-0.02,-1.87,38.8,0,1,Virginia Tech,2020,1459
Ivan King,Miami,ACC,W,6-6,78,200,R-SO,2023,25,149.19239295433636,14.919239295433634,8.5,2.6,1.9,18.1,0.519,0.31,0.75,0.765,1.4,13.0,15.4,28.0,2.54,3.61,107.1,93.6,-3.51,-0.26,-3.51,0.94,0.94,0.72,-0.22,-1.88,38.7,0,1,Illinois,2023,1460
Ryan Cooper,Belmont,Big Ten,SG,6-2,74,226,JR,2021,28,525.4009128369111,46.91079578900991,5.2,1.9,1.3,18.8,0.483,0.282,0.539,0.761,2.8,7.9,10.6,5.5,0.79,0.76,102.5,99.7,-0.21,-0.06,-0.21,1.0,1.0,1.0,0.0,-1.88,38.7,0,1,Davidson,2021,1461
Tyler Lopez,Nevada,OVC,SG,6-4,76,191,R-JR,2023,26,598.6323213760531,57.56080013231281,8.6,3.7,2.2,20.2,0.62,0.431,0.366,0.712,3.0,17.5,18.3,11.2,3.17,1.14,108.5,104.7,0.68,0.2,0.68,0.69,0.69,0.96,0.27,-1.88,38.7,0,1,Kansas,2023,1462
Jake Hall,USC,Horizon,F,6-9,81,257,R-JR,2020,30,243.7655193538633,20.31379327948861,7.0,2.7,1.0,15.4,0.508,0.279,0.358,0.754,2.2,12.7,8.5,12.5,3.51,1.49,114.5,86.0,-2.46,-0.3,-2.46,0.71,0.71,1.0,0.29,-1.88,38.7,0,1,Austin Peay,2020,1463
Malik Rogers,TCU,Horizon,SF,6-7,79,208,R-JR,2024,34,581.0704023201997,42.72576487648528,1.0,2.5,1.4,14.1,0.597,0.332,0.486,0.602,2.2,11.9,11.9,13.3,1.73,3.66,108.3,102.7,0.46,0.13,0.46,0.71,0.71,0.94,0.23,-1.88,38.7,0,1,Wisconsin,2024,1464
Evan Green,SMU,AAC,PG,6-1,73,205,JR,2022,33,190.20792358690332,14.409691180826009,9.2,2.3,3.6,27.5,0.451,0.271,0.235,0.605,0.5,12.2,30.4,11.0,3.78,0.28,132.7,97.8,-2.08,-0.2,-2.08,0.83,0.83,0.7,-0.13,-1.88,38.7,0,1,Connecticut,2022,1465
Sam Lee,DePaul,WCC,G,6-4,76,173,R-JR,2021,35,600.6980076603991,42.907000547171364,8.1,3.1,3.1,23.8,0.531,0.41,0.263,0.681,6.7,10.6,25.6,22.5,0.86,0.85,102.5,101.2,-0.78,-0.23,-0.78,0.82,0.82,0.93,0.11,-1.88,38.7,0,1,Tennessee Tech,2021,1466
Blake Carter,TCU,Ivy,C,6-8,80,201,SR,2020,35,178.11815089803775,12.722725064145555,1.2,7.1,1.5,11.3,0.523,0.343,0.0,0.626,8.8,30.6,12.3,10.3,2.23,6.8,121.8,97.7,-0.7,-0.06,-0.7,0.71,0.71,0.94,0.23,-1.89,38.7,0,1,Xavier,2020,1467
Isaiah Thompson,St. John's,AAC,SG,6-3,75,220,JR,2022,24,304.9058837719658,31.76102955957977,7.0,3.5,2.4,22.1,0.575,0.297,0.394,0.516,3.0,16.6,19.8,13.6,2.51,2.11,116.9,98.4,-4.05,-0.62,-4.05,0.83,0.83,0.71,-0.12,-1.89,38.6,0,1,St. Bonaventure,2022,1468
Kevin Lopez,Stanford,Horizon,SF,6-5,77,187,R-FR,2023,20,550.4490754395522,68.80613442994402,1.6,3.4,2.0,13.0,0.537,0.339,0.357,0.507,6.8,12.0,17.0,9.0,4.31,1.76,113.4,107.4,-1.32,-0.36,-1.32,0.71,0.71,0.83,0.12,-1.89,38.7,0,1,Oregon,2023,1469
Brandon Walker,Baylor,WCC,G,6-3,75,239,JR,2024,25,486.51370490615903,48.6513704906159,9.0,1.6,2.3,24.6,0.457,0.364,0.537,0.792,5.5,3.6,19.5,16.6,3.37,1.87,118.5,100.4,-1.64,-0.4,-1.64,0.82,0.82,0.69,-0.13,-1.9,38.6,0,1,Rutgers,2024,1470
Kofi Hernandez,Davidson,ACC,C,6-9,81,173,R-FR,2022,24,93.7234964788737,9.762864216549344,9.8,5.7,1.1,24.2,0.523,0.399,0.14,0.775,11.0,20.7,8.9,10.6,1.13,1.67,113.2,97.9,-1.18,-0.06,-1.18,0.94,0.94,0.74,-0.2,-1.9,38.6,0,1,Xavier,2022,1471
Ivan Taylor,Michigan State,Big 12,PF,6-7,79,194,R-FR,2024,23,297.92755116459955,32.38342947441299,9.8,4.5,1.1,26.7,0.517,0.204,0.246,0.792,8.4,16.8,9.0,8.7,1.99,8.77,109.3,98.2,-2.44,-0.36,-2.44,0.98,0.98,1.0,0.02,-1.9,38.6,0,1,Maryland,2024,1472
Damian White,Boise State,WCC,SF,6-3,75,216,R-FR,2022,24,246.579595883066,25.68537457115271,6.2,4.1,1.6,12.9,0.489,0.449,0.404,0.515,6.4,16.5,13.6,20.5,0.2,2.64,107.7,93.3,-0.17,-0.02,-0.17,0.82,0.82,0.98,0.16,-1.9,38.6,0,1,Wichita State,2022,1473
Tyler Davis,Penn State,MAAC,F,6-7,79,222,SR,2021,20,381.6425336341051,47.70531670426313,1.0,3.3,1.7,10.0,0.54,0.386,0.362,0.68,1.0,17.5,13.9,13.8,4.16,1.31,127.9,87.6,-2.41,-0.46,-2.41,0.74,0.74,0.86,0.12,-1.9,38.6,0,1,Memphis,2021,1474
Luka Moore,St. Bonaventure,CAA,PF,6-7,79,174,JR,2022,26,199.85472115053335,19.216800110628206,10.0,5.7,1.4,28.0,0.522,0.225,0.221,0.77,10.5,21.0,12.0,10.1,3.89,4.22,108.5,107.0,-1.1,-0.11,-1.1,0.77,0.77,0.86,0.09,-1.91,38.6,0,1,Xavier,2022,1475
Jordan Lopez,Memphis,AAC,SG,6-1,73,194,JR,2021,23,128.1568801472719,13.930095668181728,6.5,1.9,3.1,19.8,0.525,0.325,0.294,0.754,3.3,7.2,25.7,8.6,1.67,0.48,104.4,97.2,-0.13,-0.01,-0.13,0.83,0.83,0.74,-0.09,-1.91,38.5,0,1,Michigan,2021,1476
Jake Morris,Iowa State,Sun Belt,W,6-6,78,192,R-FR,2020,27,539.2450805347767,49.930100049516355,8.8,2.9,1.9,19.6,0.441,0.33,0.626,0.726,6.5,9.8,15.8,10.6,2.36,2.29,108.7,105.7,0.56,0.15,0.56,0.72,0.72,0.93,0.21,-1.91,38.6,0,1,Virginia Tech,2020,1477
Chris Cooper,BYU,Big Ten,SG,6-4,76,195,R-FR,2024,37,441.97063276074465,29.86288059194221,1.0,2.0,2.0,14.8,0.459,0.318,0.328,0.726,1.4,9.7,16.7,20.5,1.71,1.84,114.0,98.0,-2.8,-0.62,-2.8,1.0,1.0,0.98,-0.02,-1.91,38.5,0,1,Air Force,2024,1478
Ryan Hill,USC,A-10,F,6-5,77,229,R-FR,2021,27,276.7479198743424,25.624807395772446,6.6,3.5,0.8,26.5,0.498,0.312,0.16,0.731,4.1,15.2,6.9,16.0,3.6,0.85,119.9,100.0,-1.68,-0.23,-1.68,0.86,0.86,0.74,-0.12,-1.92,38.5,0,1,Wichita State,2021,1479
Jordan Adams,TCU,MAAC,G,6-5,77,214,JR,2024,29,384.09782082439904,33.11188110555164,8.0,1.4,3.2,12.5,0.509,0.352,0.42,0.62,0.5,7.2,26.6,20.1,1.32,1.64,117.3,92.0,-1.42,-0.27,-1.42,0.74,0.74,0.69,-0.05,-1.92,38.5,0,1,Miami,2024,1480
Cade Anderson,USC,Ivy,SF,6-8,80,207,FR,2021,29,292.7886204578429,25.240398315331287,7.5,2.6,1.5,22.4,0.445,0.393,0.429,0.559,2.9,11.5,12.8,13.1,1.94,0.1,115.4,102.9,-1.26,-0.18,-1.26,0.71,0.71,0.7,-0.01,-1.92,38.5,0,1,Baylor,2021,1481
Malik Cooper,Penn State,OVC,W,6-7,79,195,R-SO,2020,32,617.4295086213083,48.23668036103971,4.9,2.8,1.7,15.6,0.46,0.378,0.165,0.831,5.8,9.7,14.1,19.4,0.2,2.53,118.8,97.3,-2.31,-0.71,-2.31,0.69,0.69,0.74,0.05,-1.92,38.5,0,1,Kansas,2020,1482
Marcus Johnson,Oklahoma,MAAC,C,6-10,82,190,JR,2023,32,351.33711530300957,27.448212133047623,1.2,4.1,1.4,25.8,0.411,0.342,0.355,0.695,12.0,10.6,11.9,9.3,0.55,1.69,108.3,94.1,-1.01,-0.18,-1.01,0.74,0.74,0.79,0.05,-1.92,38.5,0,1,Virginia Tech,2023,1483
DeShawn Walker,Houston,A-10,F,6-8,80,219,JR,2024,33,677.7677264075613,51.34603987936071,10.4,6.8,0.7,26.8,0.597,0.394,0.019,0.758,12.8,25.0,5.9,14.3,2.28,3.35,100.8,93.9,-2.51,-0.85,-2.51,0.86,0.86,0.96,0.1,-1.93,38.4,0,1,Cincinnati,2024,1484
Zion Martinez,Auburn,Big 12,W,6-3,75,197,R-JR,2021,35,351.15725640416554,25.082661171726112,3.8,3.7,2.8,18.3,0.461,0.382,0.213,0.762,6.2,14.4,23.0,15.8,2.33,0.1,110.9,95.2,-1.3,-0.23,-1.3,0.98,0.98,0.93,-0.05,-1.93,38.4,0,1,Connecticut,2021,1485
Damian Murphy,Baylor,OVC,SF,6-6,78,191,SO,2021,26,326.90277780452385,31.432959404281142,8.7,4.1,1.2,15.2,0.576,0.24,0.675,0.626,8.3,14.4,10.1,13.5,1.92,1.86,105.4,98.2,-0.77,-0.13,-0.77,0.69,0.69,0.98,0.29,-1.93,38.4,0,1,Wichita State,2021,1486
Luke Edwards,Memphis,A-10,PG,6-2,74,217,JR,2024,26,99.1549457013476,9.534129394360345,6.2,1.2,1.4,25.4,0.524,0.29,0.598,0.785,1.9,4.7,11.9,19.4,1.46,2.7,105.0,93.2,-0.72,-0.04,-0.72,0.86,0.86,0.79,-0.07,-1.93,38.4,0,1,Murray State,2024,1487
Jake Baker,Saint Mary's,Big East,PF,6-11,83,188,JR,2021,30,96.0,8.0,3.7,5.4,1.1,18.7,0.516,0.118,0.0,0.72,9.7,20.0,9.0,7.8,1.17,0.3,111.3,109.7,-0.77,-0.04,-0.77,0.93,0.93,0.76,-0.17,-1.94,38.3,0,1,Penn State,2021,1488
Cole Martinez,Ohio State,CUSA,PF,6-7,79,248,R-FR,2023,24,502.84703962779975,52.37989996122914,6.1,5.3,1.0,14.5,0.562,0.335,0.41,0.745,14.3,15.0,8.5,8.8,2.23,5.17,111.4,96.2,-1.69,-0.42,-1.69,0.74,0.74,0.94,0.2,-1.94,38.4,0,1,Rutgers,2023,1489
Tyrese Hill,Maryland,MVC,SF,6-4,76,209,R-SO,2021,31,324.237088347664,26.14815228610194,7.1,2.8,0.6,19.5,0.582,0.394,0.381,0.486,2.1,13.6,4.9,8.7,0.68,1.29,113.5,88.6,0.73,0.12,0.73,0.79,0.79,0.94,0.15,-1.94,38.4,0,1,Oklahoma,2021,1490
Luke Taylor,Purdue,A-10,PF,6-10,82,220,R-JR,2023,24,463.7067463348858,48.302786076550596,4.9,4.2,1.2,25.3,0.468,0.317,0.262,0.64,10.7,12.5,10.0,12.4,2.32,6.45,101.2,102.6,-0.97,-0.22,-0.97,0.86,0.86,0.7,-0.16,-1.94,38.4,0,1,UCLA,2023,1491
Derek Taylor,St. Bonaventure,WAC,F,6-6,78,189,FR,2020,25,387.4780032911848,38.747800329118476,9.4,6.2,0.2,25.8,0.473,0.312,0.248,0.811,12.1,22.3,1.8,9.9,0.82,2.83,106.5,94.5,-0.63,-0.12,-0.63,0.7,0.7,0.71,0.01,-1.94,38.4,0,1,UNLV,2020,1492
Damian Nelson,Kansas,ACC,G,6-2,74,184,JR,2024,37,251.4432499161737,16.989408778119845,8.5,1.4,2.6,22.3,0.528,0.305,0.05,0.585,1.5,6.1,21.9,22.1,2.21,1.91,117.7,106.8,-2.71,-0.34,-2.71,0.94,0.94,0.82,-0.12,-1.95,38.3,0,1,Boston College,2024,1493
Derek Bailey,Northwestern,OVC,C,7-0,84,243,R-JR,2022,28,512.3704003374563,45.74735717298717,4.4,5.3,1.8,21.1,0.521,0.184,0.166,0.827,12.3,17.4,15.3,7.6,1.23,9.16,115.0,97.5,-0.28,-0.07,-0.28,0.69,0.69,0.98,0.29,-1.95,38.3,0,1,Nevada,2022,1494
Todd Lee,Michigan State,MVC,C,6-8,80,225,R-FR,2024,36,115.19999999999999,8.0,9.0,5.6,1.3,26.3,0.604,0.295,0.355,0.724,9.4,21.5,11.2,15.6,0.2,4.28,102.3,104.4,-1.11,-0.06,-1.11,0.79,0.79,0.96,0.17,-1.96,38.3,0,1,Texas,2024,1495
Ben Baker,Stanford,Horizon,PF,6-9,81,212,SO,2022,18,116.17135228874184,16.134910040103033,2.3,3.1,1.0,12.6,0.49,0.225,0.214,0.773,1.7,15.7,8.1,11.5,3.0,6.5,116.9,100.6,-2.71,-0.16,-2.71,0.71,0.71,1.0,0.29,-1.96,38.3,0,1,Florida,2022,1496
Vince Lopez,Florida State,Big Ten,W,6-6,78,242,R-FR,2021,32,243.78664060316382,19.045831297122174,10.0,3.8,2.1,27.9,0.544,0.382,0.328,0.817,6.2,15.2,17.6,13.5,2.3,1.37,104.1,85.1,-1.4,-0.17,-1.4,1.0,1.0,0.7,-0.3,-1.96,38.2,0,1,Ohio State,2021,1497
Zach Gonzalez,Vanderbilt,Sun Belt,PF,6-9,81,202,R-JR,2020,26,107.45205147054077,10.331928026013534,10.7,4.3,1.9,11.3,0.562,0.279,0.22,0.88,6.4,17.4,15.8,9.9,3.27,5.48,109.5,101.8,-0.82,-0.04,-0.82,0.72,0.72,0.72,0.0,-1.96,38.2,0,1,Houston,2020,1498
Coleman Garcia,Mississippi State,WCC,C,6-9,81,243,R-JR,2020,29,494.1151712618413,42.59613545360701,3.8,6.9,1.5,13.7,0.486,0.313,0.361,0.619,9.5,29.1,12.8,12.0,2.1,3.33,110.4,96.3,-1.14,-0.28,-1.14,0.82,0.82,0.79,-0.03,-1.96,38.3,0,1,Gonzaga,2020,1499
Kevin Davis,UNLV,WAC,G,6-2,74,228,R-JR,2022,27,520.1061272164405,48.157974742263015,1.0,2.7,1.5,24.0,0.497,0.322,0.56,0.71,3.7,11.1,12.9,18.7,3.35,0.69,105.5,106.4,1.93,0.5,1.93,0.7,0.7,0.96,0.26,-1.96,38.2,0,1,Duquesne,2022,1500
Derek Morris,Dayton,Big 12,SF,6-2,74,165,R-JR,2021,30,208.9597305978917,17.413310883157642,5.5,2.9,1.9,28.2,0.548,0.304,0.193,0.703,5.0,11.1,15.7,5.0,1.07,1.63,110.3,110.1,0.08,0.01,0.08,0.98,0.98,0.94,-0.04,-1.97,38.2,0,1,Villanova,2021,1501
Damian Roberts,Georgetown,Horizon,SF,6-6,78,223,FR,2020,33,306.4957045200716,23.21937155455088,5.4,4.7,1.6,21.3,0.406,0.47,0.685,0.752,8.8,17.2,13.4,17.7,3.99,0.24,112.7,101.3,-2.03,-0.31,-2.03,0.71,0.71,0.93,0.22,-1.98,38.1,0,1,SMU,2020,1502
Cole Bailey,Nebraska,MAAC,G,6-3,75,182,R-JR,2023,30,311.07039190525524,25.92253265877127,6.9,1.3,2.4,23.9,0.513,0.304,0.516,0.704,3.1,4.4,20.1,20.2,2.02,0.1,100.4,101.1,2.02,0.31,2.02,0.74,0.74,0.96,0.22,-1.98,38.1,0,1,St. John's,2023,1503
Max Martin,Tulsa,MAC,C,6-11,83,199,R-FR,2024,33,503.1601444674149,38.118192762682945,3.8,5.5,0.6,19.2,0.52,0.335,0.194,0.565,9.3,21.3,5.4,18.0,1.88,7.18,102.5,103.9,1.78,0.45,1.78,0.76,0.76,0.72,-0.04,-1.98,38.1,0,1,UNLV,2024,1504
Blake Bailey,Memphis,Big East,F,6-7,79,218,JR,2022,25,305.8134371259711,30.58134371259711,6.7,5.0,0.3,28.4,0.491,0.153,0.219,0.512,11.8,16.1,2.1,11.5,1.0,2.5,118.2,91.4,0.43,0.07,0.43,0.93,0.93,0.83,-0.1,-1.98,38.1,0,1,Virginia Tech,2022,1505
Tanner Hall,Baylor,MVC,C,6-11,83,169,SR,2022,22,525.5492373707962,59.72150424668138,2.8,4.0,0.7,16.7,0.517,0.324,0.24,0.712,6.4,15.6,6.0,6.0,3.43,6.17,120.7,96.7,-0.12,-0.03,-0.12,0.79,0.79,0.71,-0.08,-1.98,38.1,0,1,Air Force,2022,1506
Isaiah Wright,Memphis,Big 12,PG,6-3,75,213,R-FR,2024,24,129.22031125184031,13.460449088733364,9.8,3.4,3.9,24.0,0.495,0.255,0.302,0.727,3.3,15.8,32.2,26.3,0.66,1.83,114.9,90.7,-0.85,-0.05,-0.85,0.98,0.98,0.71,-0.27,-1.98,38.1,0,1,Wake Forest,2024,1507
Jaylen Robinson,Penn State,SEC,F,6-6,78,163,R-FR,2024,34,558.0342836009215,41.03193261771482,7.7,6.1,1.2,21.3,0.535,0.266,0.337,0.812,12.2,21.7,10.0,9.9,1.46,2.53,119.8,99.6,0.26,0.07,0.26,0.96,0.96,0.94,-0.02,-1.99,38.1,0,1,George Mason,2024,1508
Kyle Hall,Ohio State,CAA,SG,6-6,78,200,R-FR,2020,22,348.26371291047235,39.57542192164459,11.6,1.4,1.5,23.5,0.461,0.276,0.243,0.673,1.6,6.4,12.6,13.0,2.4,1.58,123.0,102.6,-2.42,-0.42,-2.42,0.77,0.77,0.71,-0.06,-1.99,38.1,0,1,Hofstra,2020,1509
Henry Wilson,Wichita State,OVC,C,6-8,80,181,R-SO,2020,25,198.3354802383188,19.83354802383188,11.2,5.7,1.4,19.2,0.493,0.32,0.175,0.784,12.2,19.5,11.7,19.1,0.79,7.19,122.2,101.8,2.96,0.29,2.96,0.69,0.69,0.98,0.29,-1.99,38.1,0,1,Oregon,2020,1510
Jake Cook,Belmont,SEC,F,6-6,78,199,R-FR,2021,19,89.55511920367462,11.783568316272977,8.5,4.9,0.6,19.0,0.581,0.258,0.164,0.719,6.7,20.5,5.2,10.9,0.2,2.67,110.2,102.2,0.63,0.03,0.63,0.96,0.96,0.7,-0.26,-1.99,38.1,0,1,Saint Louis,2021,1511
Andrej Thompson,Austin Peay,CAA,W,6-8,80,189,R-SO,2021,24,219.8831448663751,22.904494256914074,7.9,1.9,1.5,18.0,0.533,0.366,0.615,0.599,4.9,5.6,12.8,21.5,2.79,0.83,114.3,92.1,-3.67,-0.4,-3.67,0.77,0.77,1.0,0.23,-1.99,38.0,0,1,Michigan State,2021,1512
Isaiah Bell,Eastern Kentucky,ACC,C,6-9,81,216,R-JR,2021,19,237.08986529976542,31.196034907863876,1.0,4.6,1.2,12.1,0.549,0.334,0.113,0.708,8.4,17.3,9.8,12.3,4.07,5.06,113.0,94.0,0.09,0.01,0.09,0.94,0.94,0.86,-0.08,-2.0,38.0,0,1,Michigan,2021,1513
Reed Lewis,Butler,MAAC,PG,6-4,76,196,R-FR,2020,28,117.23384284713056,10.467307397065229,4.1,2.5,3.0,19.9,0.498,0.288,0.512,0.77,2.6,11.4,25.3,13.7,2.57,0.54,117.0,98.7,-1.61,-0.09,-1.61,0.74,0.74,0.82,0.08,-2.0,38.0,0,1,Belmont,2020,1514
Tanner Parker,Stanford,CAA,PF,6-8,80,213,FR,2020,30,375.5561704006479,31.296347533387326,7.0,4.4,0.8,26.1,0.528,0.416,0.182,0.656,7.8,16.8,6.6,6.8,0.85,6.21,116.6,100.9,-1.28,-0.24,-1.28,0.77,0.77,0.72,-0.05,-2.01,38.0,0,1,Butler,2020,1515
Cole Campbell,Michigan State,AAC,C,7-0,84,214,JR,2022,24,76.8,8.0,4.3,3.5,1.5,26.3,0.505,0.343,0.208,0.531,9.5,9.8,12.5,15.2,2.25,6.54,118.2,99.3,-0.99,-0.04,-0.99,0.83,0.83,0.98,0.15,-2.02,37.9,0,1,Minnesota,2022,1516
Patrick Cooper,Wisconsin,WCC,PG,6-0,72,211,R-FR,2023,30,419.20646462783714,34.933872052319764,7.4,1.8,3.5,17.6,0.586,0.382,0.276,0.668,2.5,7.6,28.8,30.2,2.21,1.54,125.4,113.2,-0.62,-0.13,-0.62,0.82,0.82,0.74,-0.08,-2.02,37.9,0,1,Michigan State,2023,1517
Isaiah Adams,Iowa State,Horizon,W,6-4,76,236,SR,2023,15,156.38156320242155,26.063593867070256,5.7,3.2,0.4,15.0,0.441,0.272,0.468,0.657,5.4,12.6,3.0,12.6,4.21,2.52,112.2,99.7,0.27,0.02,0.27,0.71,0.71,0.96,0.25,-2.02,37.9,0,1,Tennessee,2023,1518
Grant Thompson,Notre Dame,WAC,SF,6-5,77,238,R-JR,2021,32,295.98561128579377,23.123875881702638,8.5,3.2,2.4,21.2,0.6,0.319,0.494,0.778,4.6,13.3,19.9,21.6,2.94,1.54,111.6,102.5,0.15,0.02,0.15,0.7,0.7,0.71,0.01,-2.03,37.8,0,1,Saint Mary's,2021,1519
Tanner Jackson,Mississippi State,Ivy,C,6-11,83,215,R-FR,2021,19,60.8,8.0,2.9,4.8,1.8,26.8,0.501,0.417,0.122,0.685,5.6,21.2,15.1,16.4,2.17,2.4,110.1,107.4,-1.38,-0.04,-1.38,0.71,0.71,0.86,0.15,-2.03,37.8,0,1,James Madison,2021,1520
Todd Parker,Clemson,Big 12,G,6-5,77,197,JR,2022,31,262.3230009960646,21.15508072548908,3.0,1.4,2.1,19.1,0.469,0.319,0.271,0.604,2.4,5.2,17.8,22.2,1.48,1.96,117.0,97.4,-0.84,-0.11,-0.84,0.98,0.98,0.69,-0.29,-2.03,37.8,0,1,Xavier,2022,1521
Malik Anderson,Wichita State,SEC,SG,6-3,75,179,R-JR,2024,28,240.20819511888803,21.447160278472147,11.5,2.5,2.3,18.3,0.562,0.255,0.487,0.738,2.9,10.9,19.2,16.5,1.03,0.1,114.0,98.6,-0.07,-0.01,-0.07,0.96,0.96,0.71,-0.25,-2.03,37.8,0,1,Duke,2024,1522
Quinn Baker,Michigan,CUSA,F,6-8,80,212,R-FR,2020,24,364.75024195972395,37.99481687080458,1.0,5.2,1.5,10.0,0.5,0.281,0.305,0.784,7.1,21.8,12.8,9.3,3.16,1.16,99.4,94.8,-1.13,-0.21,-1.13,0.74,0.74,0.96,0.22,-2.03,37.8,0,1,San Diego State,2020,1523
Luke Lopez,Auburn,CUSA,G,6-0,72,184,R-JR,2021,37,222.62867022886826,15.042477718166774,4.1,2.2,2.7,16.8,0.481,0.329,0.409,0.638,3.9,8.5,22.1,20.8,1.35,0.91,109.5,104.6,-1.96,-0.22,-1.96,0.74,0.74,0.83,0.09,-2.03,37.8,0,1,BYU,2021,1524
Kofi Rogers,Michigan State,OVC,SG,6-4,76,171,R-FR,2024,27,322.11611157088134,29.825565886192717,13.9,1.8,1.7,29.3,0.62,0.419,0.35,0.573,2.8,7.3,14.2,15.7,2.9,0.1,122.8,105.0,-1.03,-0.17,-1.03,0.69,0.69,0.71,0.02,-2.04,37.8,0,1,Xavier,2024,1525
Sam Stewart,USC,AAC,PF,6-9,81,197,FR,2021,28,321.07484026004454,28.667396451789696,6.6,4.9,0.8,28.7,0.515,0.331,0.475,0.66,11.2,16.1,6.8,19.5,1.43,0.3,104.6,86.6,-2.52,-0.41,-2.52,0.83,0.83,0.7,-0.13,-2.04,37.8,0,1,Nebraska,2021,1526
Andrej Murphy,Arizona,A-10,SF,6-7,79,189,R-JR,2020,25,107.68742043140527,10.768742043140527,5.9,4.2,0.5,16.4,0.44,0.309,0.457,0.773,8.2,15.1,4.5,8.2,3.3,1.03,107.7,102.4,0.49,0.03,0.49,0.86,0.86,0.79,-0.07,-2.04,37.7,0,1,Wake Forest,2020,1527
Omar Stewart,Dayton,Big Ten,C,6-11,83,202,R-JR,2024,14,44.800000000000004,8.0,7.2,4.6,0.3,10.0,0.539,0.241,0.337,0.474,7.7,17.6,2.8,12.9,2.01,6.04,110.4,95.1,-0.46,-0.01,-0.46,1.0,1.0,0.82,-0.18,-2.04,37.8,0,1,Oklahoma,2024,1528
Derek Perez,Eastern Kentucky,CUSA,F,6-7,79,191,JR,2024,27,233.23127414249973,21.595488346527755,9.5,4.0,1.1,16.2,0.513,0.231,0.321,0.662,4.7,17.8,9.5,5.1,2.16,2.37,113.9,112.4,1.28,0.15,1.28,0.74,0.74,0.76,0.02,-2.04,37.8,0,1,Maryland,2024,1529
Andre Hernandez,Xavier,ACC,SF,6-7,79,215,R-JR,2021,21,498.55014431624505,59.35120765669584,6.2,1.9,2.5,17.8,0.509,0.393,0.559,0.715,5.6,5.1,21.1,12.6,2.06,2.47,111.8,104.3,0.1,0.02,0.1,0.94,0.94,0.82,-0.12,-2.05,37.7,0,1,Kentucky,2021,1530
Grant Moore,Georgia,AAC,C,6-10,82,236,R-FR,2024,20,442.43250053514885,55.304062566893606,8.5,4.0,1.5,15.5,0.547,0.24,0.188,0.664,1.0,21.1,12.1,11.4,1.96,3.57,97.3,87.8,0.62,0.14,0.62,0.83,0.83,0.94,0.11,-2.05,37.7,0,1,Vanderbilt,2024,1531
Luke Brown,James Madison,Big 12,SF,6-5,77,232,JR,2022,22,94.67976043152606,10.75906368540069,3.3,3.9,1.4,29.7,0.419,0.333,0.434,0.829,12.3,9.1,11.4,9.9,2.04,0.1,118.8,101.0,-1.82,-0.09,-1.82,0.98,0.98,0.76,-0.22,-2.05,37.7,0,1,Dayton,2022,1532
Patrick Martinez,Stanford,MAC,C,6-9,81,195,R-JR,2020,32,710.8197007130984,55.532789118210815,7.3,2.5,1.7,16.6,0.459,0.337,0.056,0.671,2.5,11.5,14.0,12.6,1.57,3.28,122.9,95.0,-1.04,-0.37,-1.04,0.76,0.76,0.72,-0.04,-2.06,37.6,0,1,Louisville,2020,1533
Tyler Young,Duquesne,ACC,G,6-1,73,218,R-JR,2024,30,251.09364003805115,20.92447000317093,10.5,1.9,2.2,24.8,0.624,0.373,0.081,0.611,3.8,7.0,18.4,23.8,2.84,0.65,118.4,92.3,-2.65,-0.33,-2.65,0.94,0.94,0.86,-0.08,-2.07,37.6,0,1,Michigan,2024,1534
Damian Thompson,Wichita State,WAC,G,6-2,74,237,R-FR,2021,20,336.52131020961406,42.06516377620175,10.8,1.6,1.9,27.7,0.486,0.36,0.407,0.719,2.4,6.4,16.2,23.1,2.44,2.21,114.1,107.7,-0.65,-0.11,-0.65,0.7,0.7,0.94,0.24,-2.07,37.6,0,1,Mississippi State,2021,1535
Luke Rivera,Rutgers,MAC,C,6-11,83,188,R-JR,2022,31,679.7414710021237,54.81786056468741,8.0,3.6,1.6,27.1,0.497,0.262,0.081,0.665,6.5,13.3,13.4,9.3,2.17,0.89,110.2,92.0,-2.99,-1.02,-2.99,0.76,0.76,0.76,0.0,-2.07,37.6,0,1,Alabama,2022,1536
Zach Brown,Notre Dame,ACC,C,6-10,82,221,R-JR,2022,35,112.00000000000001,8.0,4.6,6.2,0.2,26.3,0.588,0.294,0.26,0.713,9.6,24.8,1.9,13.5,1.37,1.62,110.7,90.7,-1.74,-0.1,-1.74,0.94,0.94,0.94,0.0,-2.07,37.6,0,1,Kentucky,2022,1537
Omar Rogers,Nevada,A-10,F,6-5,77,228,R-JR,2024,36,281.71818598747984,19.563762915797213,11.9,5.1,0.7,18.4,0.615,0.189,0.441,0.742,10.0,18.5,5.8,10.6,2.88,1.05,115.8,98.6,-1.68,-0.24,-1.68,0.86,0.86,0.77,-0.09,-2.07,37.6,0,1,Saint Louis,2024,1538
Vince King,Ohio State,MAAC,SG,6-4,76,198,JR,2021,35,147.46180097000934,10.532985783572094,5.3,1.6,1.8,19.4,0.577,0.324,0.05,0.671,0.5,8.7,14.8,16.8,3.6,1.47,129.8,100.4,-3.33,-0.25,-3.33,0.74,0.74,0.86,0.12,-2.07,37.6,0,1,Nevada,2021,1539
Damian Rogers,Iowa State,Horizon,SF,6-3,75,233,FR,2020,25,178.68181023175464,17.868181023175463,5.7,3.2,1.4,17.9,0.554,0.308,0.254,0.659,2.9,14.9,11.8,9.7,2.0,0.1,104.2,107.3,-3.31,-0.3,-3.31,0.71,0.71,0.83,0.12,-2.08,37.5,0,1,Stanford,2020,1540
Reed Baker,Wisconsin,Big Ten,PF,6-8,80,223,R-FR,2021,30,593.0323884518239,49.41936570431866,7.8,4.6,1.7,15.7,0.537,0.331,0.144,0.867,8.5,17.1,14.1,12.3,1.35,0.67,103.6,87.0,-0.94,-0.28,-0.94,1.0,1.0,0.86,-0.14,-2.08,37.5,0,1,Fordham,2021,1541
Jake Young,Oregon,OVC,F,6-8,80,199,JR,2023,29,562.4201912962526,48.48449924967695,6.7,5.0,1.5,22.9,0.576,0.452,0.137,0.701,11.0,16.5,12.2,4.0,2.13,1.4,110.4,94.0,2.09,0.59,2.09,0.69,0.69,0.93,0.24,-2.08,37.5,0,1,Maryland,2023,1542
Nick Morris,Texas,Horizon,C,6-9,81,220,R-JR,2023,33,383.11163445432476,29.02360867078218,12.1,4.5,0.9,18.5,0.477,0.369,0.0,0.837,10.7,14.5,7.6,17.9,1.7,6.29,125.9,98.9,-1.4,-0.27,-1.4,0.71,0.71,0.69,-0.02,-2.09,37.5,0,1,Richmond,2023,1543
Tanner Harris,St. Bonaventure,ACC,PF,6-9,81,188,R-JR,2022,37,616.0909590519955,41.62776750351321,6.8,5.5,0.8,16.8,0.59,0.202,0.0,0.69,15.2,15.3,6.3,11.0,1.89,4.61,91.3,92.1,-0.66,-0.2,-0.66,0.94,0.94,0.83,-0.11,-2.09,37.5,0,1,Miami,2022,1544
Jalen Roberts,DePaul,Big 12,SF,6-5,77,202,R-JR,2020,23,317.3679454198852,34.49651580650926,5.6,3.9,1.1,23.3,0.56,0.414,0.645,0.73,2.4,19.1,8.9,15.4,1.94,1.07,117.3,99.5,0.94,0.15,0.94,0.98,0.98,0.72,-0.26,-2.1,37.4,0,1,BYU,2020,1545
Ryan Phillips,TCU,Big East,SG,6-3,75,201,R-JR,2024,30,584.5378696760528,48.71148913967106,6.4,2.0,0.6,24.0,0.465,0.368,0.05,0.812,2.7,8.5,5.3,20.5,2.54,2.28,98.7,101.4,-0.82,-0.24,-0.82,0.93,0.93,0.96,0.03,-2.1,37.4,0,1,St. Bonaventure,2024,1546
Paul Allen,Georgia,Horizon,SG,6-6,78,221,R-FR,2024,32,357.8793498030098,27.959324203360143,5.0,2.2,2.5,16.1,0.496,0.21,0.244,0.637,3.0,9.2,21.2,9.2,2.33,1.66,101.9,104.6,1.66,0.3,1.66,0.71,0.71,1.0,0.29,-2.1,37.4,0,1,Georgetown,2024,1547
Zach Cooper,Saint Louis,CUSA,W,6-4,76,193,R-JR,2024,24,317.0038776125852,33.02123725131096,5.7,3.3,1.2,20.8,0.499,0.278,0.634,0.775,6.8,11.4,10.2,18.1,2.81,1.1,101.3,89.6,-1.15,-0.18,-1.15,0.74,0.74,0.82,0.08,-2.1,37.4,0,1,St. Bonaventure,2024,1548
Sean Rodriguez,UCLA,WCC,G,6-3,75,217,SR,2022,26,441.71968772726314,42.47304689685223,6.7,2.2,2.3,19.5,0.606,0.297,0.483,0.617,3.4,8.8,19.2,15.5,1.33,2.53,110.3,100.6,0.17,0.04,0.17,0.82,0.82,0.76,-0.06,-2.1,37.4,0,1,Michigan,2022,1549
Ivan Allen,Butler,A-10,W,6-8,80,242,R-JR,2020,36,115.19999999999999,8.0,11.1,2.3,1.5,28.2,0.572,0.315,0.428,0.693,4.7,8.0,12.5,10.8,2.69,0.93,121.7,93.6,-0.53,-0.03,-0.53,0.86,0.86,0.69,-0.17,-2.1,37.4,0,1,Utah State,2020,1550
Jake Brown,Florida State,MVC,PF,6-9,81,196,SO,2022,26,396.14166004387386,38.090544234987874,1.0,5.0,0.8,18.7,0.464,0.249,0.234,0.583,5.8,22.3,6.6,14.2,2.13,3.83,103.6,99.2,-2.07,-0.41,-2.07,0.79,0.79,0.96,0.17,-2.1,37.4,0,1,Baylor,2022,1551
Chris Jackson,Indiana,ACC,PF,6-9,81,203,JR,2021,26,372.2681330232447,35.7950127906966,6.6,5.5,1.5,17.3,0.542,0.21,0.33,0.641,5.0,25.6,12.5,11.4,3.09,3.34,114.7,98.6,-0.9,-0.17,-0.9,0.94,0.94,0.86,-0.08,-2.11,37.3,0,1,Mississippi State,2021,1552
Will Gonzalez,Rutgers,Big East,PF,6-8,80,218,R-FR,2022,24,354.89954528353,36.96870263370104,6.8,4.3,0.9,21.6,0.536,0.189,0.213,0.605,4.4,19.5,7.4,13.3,2.58,0.93,116.6,100.0,-1.98,-0.35,-1.98,0.93,0.93,0.7,-0.23,-2.11,37.4,0,1,Wichita State,2022,1553
Will Campbell,Clemson,Sun Belt,SF,6-5,77,201,R-FR,2020,29,297.658545463792,25.660219436533794,8.9,4.1,0.8,25.5,0.548,0.261,0.446,0.51,5.1,17.8,6.9,7.6,2.42,2.89,113.6,87.7,-3.97,-0.59,-3.97,0.72,0.72,0.86,0.14,-2.11,37.3,0,1,Belmont,2020,1554
Vince Carter,Wake Forest,Ivy,PF,6-4,76,172,SO,2021,23,159.9603550102825,17.38699510981332,5.9,3.9,1.5,17.8,0.506,0.265,0.152,0.726,6.3,15.3,12.5,16.2,4.0,4.63,119.2,97.4,-0.38,-0.03,-0.38,0.71,0.71,0.98,0.27,-2.12,37.3,0,1,Air Force,2021,1555
Quinn Murphy,Stanford,WAC,F,6-7,79,208,R-JR,2021,19,259.6245755582016,34.161128362921275,10.6,4.9,1.4,23.4,0.549,0.339,0.02,0.777,14.0,13.1,11.7,9.2,2.1,0.55,108.2,97.1,0.86,0.11,0.86,0.7,0.7,0.93,0.23,-2.12,37.3,0,1,LSU,2021,1556
Darius Wilson,Butler,ACC,W,6-6,78,201,R-JR,2023,26,322.8401939615639,31.042326342458065,8.4,3.0,1.0,18.7,0.475,0.354,0.423,0.825,3.9,12.9,8.0,13.7,0.65,1.97,124.0,104.4,-2.47,-0.4,-2.47,0.94,0.94,0.82,-0.12,-2.12,37.3,0,1,UNLV,2023,1557
Malik Adams,Georgetown,CAA,C,6-9,81,199,R-JR,2021,20,257.13016974350273,32.14127121793784,8.7,5.4,0.8,17.9,0.553,0.248,0.52,0.714,15.8,14.3,6.3,10.3,2.1,3.75,103.1,104.6,-0.07,-0.01,-0.07,0.77,0.77,0.76,-0.01,-2.12,37.3,0,1,Austin Peay,2021,1558
DeShawn Turner,North Carolina,Sun Belt,SG,6-3,75,206,R-JR,2021,29,215.55691836233424,18.582492962270194,8.0,1.2,1.3,14.9,0.576,0.401,0.211,0.634,3.8,3.0,11.2,10.3,1.74,0.81,97.6,102.8,-0.48,-0.05,-0.48,0.72,0.72,0.74,0.02,-2.12,37.3,0,1,Memphis,2021,1559
Wade Collins,Penn State,AAC,C,6-10,82,243,JR,2024,26,421.5341289594485,40.53212778456235,6.1,5.4,1.0,20.4,0.487,0.239,0.281,0.555,11.6,18.2,8.1,6.2,1.22,7.5,108.1,100.4,-2.68,-0.56,-2.68,0.83,0.83,0.82,-0.01,-2.12,37.3,0,1,Virginia Tech,2024,1560
Will Thomas,Arizona,MAC,PF,6-7,79,183,FR,2022,28,357.3629685918156,31.907407909983537,7.2,2.1,1.2,26.4,0.507,0.22,0.307,0.879,3.4,8.3,9.7,14.3,2.24,0.3,96.7,95.9,-0.73,-0.13,-0.73,0.76,0.76,0.94,0.18,-2.12,37.3,0,1,Virginia Tech,2022,1561
Kevin Allen,Wichita State,Horizon,PF,6-11,83,254,R-FR,2023,30,550.4036897977023,45.86697414980853,1.2,4.2,0.7,22.8,0.545,0.273,0.33,0.761,1.0,22.3,5.8,12.9,0.53,3.04,108.0,102.4,-2.0,-0.55,-2.0,0.71,0.71,0.71,0.0,-2.12,37.3,0,1,St. John's,2023,1562
Jordan Walker,Nevada,WAC,C,6-9,81,169,R-FR,2024,31,512.8656150337814,41.36013024465979,2.4,4.9,0.8,13.6,0.547,0.364,0.032,0.69,7.3,19.8,7.1,11.4,3.82,1.26,110.9,92.5,0.22,0.06,0.22,0.7,0.7,0.93,0.23,-2.13,37.2,0,1,Boise State,2024,1563
Xavier Phillips,Iowa,MAAC,SF,6-5,77,184,JR,2023,30,521.6709284381983,43.47257736984986,5.6,4.1,1.7,21.3,0.419,0.347,0.435,0.752,9.2,13.7,14.1,18.6,4.44,2.42,110.0,101.6,-1.32,-0.34,-1.32,0.74,0.74,0.94,0.2,-2.13,37.2,0,1,Xavier,2023,1564
Will Baker,Louisville,ACC,PF,6-9,81,192,JR,2022,27,421.16222821073194,38.99650261210481,9.8,5.6,0.6,24.9,0.594,0.229,0.371,0.729,9.1,22.2,4.8,7.2,2.22,2.98,128.5,93.7,0.72,0.15,0.72,0.94,0.94,0.94,0.0,-2.14,37.1,0,1,Alabama,2022,1565
Owen Roberts,Oklahoma,Big 12,PF,6-9,81,191,R-JR,2022,32,102.4,8.0,5.9,1.9,0.7,23.4,0.351,0.33,0.261,0.692,1.0,9.8,5.5,18.4,3.13,3.97,101.9,98.7,-1.62,-0.08,-1.62,0.98,0.98,0.77,-0.21,-2.14,37.2,0,1,Wichita State,2022,1566
Flynn Evans,Murray State,Big 12,SG,6-5,77,179,R-JR,2023,28,287.6492149526765,25.68296562077469,1.3,1.9,1.1,12.9,0.533,0.371,0.255,0.755,3.9,6.8,9.2,20.2,3.07,1.65,122.4,98.6,-2.81,-0.4,-2.81,0.98,0.98,0.71,-0.27,-2.14,37.1,0,1,Auburn,2023,1567
Blake Reed,Villanova,AAC,SG,6-1,73,229,FR,2023,28,198.6357830028118,17.7353377681082,6.4,2.4,1.4,23.2,0.54,0.377,0.465,0.646,1.4,11.9,12.1,12.6,2.08,0.1,109.3,89.3,0.11,0.01,0.11,0.83,0.83,0.82,-0.01,-2.14,37.2,0,1,Tennessee,2023,1568
Jake Rivera,Utah State,ACC,C,6-9,81,224,FR,2020,25,371.84519260691303,37.1845192606913,4.3,4.2,0.4,23.7,0.498,0.371,0.253,0.785,8.4,14.9,3.1,7.2,2.08,7.75,102.4,116.7,-1.77,-0.33,-1.77,0.94,0.94,0.98,0.04,-2.14,37.1,0,1,Miami,2020,1569
Xavier King,Notre Dame,Big East,F,6-7,79,197,R-JR,2020,27,237.70900853794973,22.010093383143495,2.7,4.6,1.7,23.9,0.455,0.287,0.493,0.726,9.8,15.7,13.8,10.5,3.93,3.2,105.0,96.6,-2.39,-0.28,-2.39,0.93,0.93,0.94,0.01,-2.14,37.1,0,1,LSU,2020,1570
Todd Green,Xavier,Horizon,SF,6-6,78,223,R-SO,2024,25,394.29173461096195,39.4291734610962,6.5,4.1,0.9,19.1,0.489,0.238,0.318,0.778,3.4,19.2,7.6,10.1,1.48,2.05,106.8,91.6,-0.51,-0.1,-0.51,0.71,0.71,0.69,-0.02,-2.14,37.1,0,1,Alabama,2024,1571
Will Young,Mississippi State,ACC,F,6-5,77,186,R-JR,2020,31,633.8898423576916,51.12014857723319,1.0,3.7,1.1,15.8,0.498,0.351,0.303,0.758,7.9,12.5,8.9,16.9,1.29,1.55,123.0,96.4,-1.61,-0.51,-1.61,0.94,0.94,0.83,-0.11,-2.14,37.1,0,1,Texas,2020,1572
Damian Martin,TCU,A-10,C,6-9,81,192,R-JR,2020,25,437.3445282451942,43.73445282451942,1.0,5.3,1.1,19.8,0.457,0.257,0.178,0.738,9.5,19.9,9.2,5.5,2.2,1.06,102.7,93.8,-0.21,-0.05,-0.21,0.86,0.86,0.94,0.08,-2.15,37.1,0,1,Pittsburgh,2020,1573
Alex Walker,Richmond,MAC,PF,6-8,80,219,R-FR,2023,25,339.0203111402027,33.90203111402027,6.2,5.4,1.6,17.8,0.524,0.26,0.0,0.698,11.6,18.3,13.4,14.0,2.14,2.93,106.6,90.1,-1.26,-0.21,-1.26,0.76,0.76,0.71,-0.05,-2.16,37.0,0,1,Murray State,2023,1574
Malik Morris,Kentucky,WCC,W,6-6,78,191,R-FR,2024,26,131.84654806268264,12.677552698334868,7.1,2.5,2.5,17.4,0.536,0.273,0.434,0.742,7.0,7.0,20.9,12.0,1.19,2.52,121.4,96.8,-2.74,-0.18,-2.74,0.82,0.82,0.93,0.11,-2.16,37.0,0,1,SMU,2024,1575
Zach Lewis,Oklahoma,Big East,SF,6-5,77,223,R-JR,2021,26,501.7207496023125,48.24237976945312,5.6,3.7,1.4,18.5,0.506,0.393,0.322,0.527,6.7,14.1,12.0,21.4,1.66,2.92,99.4,99.9,-2.58,-0.65,-2.58,0.93,0.93,0.94,0.01,-2.16,37.0,0,1,Auburn,2021,1576
Grant Rogers,Marquette,Big Ten,C,6-9,81,219,R-JR,2020,31,449.39435371433717,36.241480138252996,2.2,5.2,1.4,20.4,0.537,0.305,0.015,0.697,5.7,23.2,11.7,14.4,3.91,3.68,106.3,95.9,-3.26,-0.73,-3.26,1.0,1.0,0.86,-0.14,-2.16,37.1,0,1,Baylor,2020,1577
Jordan Morris,Georgia,Big Ten,PF,6-7,79,182,FR,2020,25,176.03805856703963,17.603805856703964,5.5,6.4,1.2,19.6,0.534,0.319,0.2,0.674,13.9,21.5,10.2,14.4,1.49,9.94,102.0,98.7,-0.89,-0.08,-0.89,1.0,1.0,1.0,0.0,-2.16,37.1,0,1,James Madison,2020,1578
Darius Reed,James Madison,Horizon,SF,6-9,81,211,R-FR,2020,34,548.7308312634425,40.34785523995901,7.0,4.7,1.3,21.1,0.555,0.374,0.75,0.703,5.6,20.5,11.1,13.0,4.03,2.46,101.1,99.9,1.0,0.28,1.0,0.71,0.71,0.98,0.27,-2.17,37.0,0,1,Northwestern,2020,1579
Marcus Stewart,SMU,SEC,C,6-9,81,196,JR,2020,20,345.6884811462205,43.211060143277564,5.0,5.2,1.6,16.2,0.487,0.337,0.104,0.794,8.3,20.4,13.4,7.8,1.95,5.55,111.3,90.4,0.45,0.08,0.45,0.96,0.96,0.96,0.0,-2.17,37.0,0,1,Georgia,2020,1580
Alex Nelson,Tulsa,Sun Belt,F,6-7,79,188,JR,2021,32,588.7639293052516,45.99718197697278,2.7,5.1,0.4,16.3,0.359,0.411,0.307,0.744,6.7,21.7,2.9,10.0,2.54,2.11,108.9,101.5,-2.7,-0.79,-2.7,0.72,0.72,0.79,0.07,-2.17,37.0,0,1,Louisville,2021,1581
Omar Thompson,USC,WAC,SG,6-5,77,188,R-FR,2024,31,749.1722930259153,60.41712040531576,5.3,0.8,2.7,18.2,0.544,0.289,0.267,0.712,2.3,2.2,22.5,12.3,3.44,0.79,112.1,105.0,0.26,0.1,0.26,0.7,0.7,0.93,0.23,-2.17,37.0,0,1,Saint Mary's,2024,1582
Jordan Thompson,Houston,CUSA,SF,6-6,78,226,JR,2022,24,319.9592402462079,33.329087525646656,3.9,3.5,1.1,15.5,0.399,0.396,0.05,0.802,4.1,15.4,8.9,5.0,1.34,1.37,111.1,90.6,-2.05,-0.33,-2.05,0.74,0.74,0.69,-0.05,-2.17,37.0,0,1,SMU,2022,1583
Grant Cooper,Vanderbilt,A-10,F,6-7,79,175,R-JR,2021,28,683.384101094336,61.016437597708574,11.9,6.0,0.7,16.6,0.657,0.197,0.081,0.68,16.6,16.6,5.6,8.9,3.34,2.5,109.3,87.3,-1.19,-0.41,-1.19,0.86,0.86,0.82,-0.04,-2.17,37.0,0,1,Georgia,2021,1584
Xavier Hill,Marquette,MVC,PG,6-4,76,176,R-FR,2023,25,629.503913449567,62.9503913449567,7.3,2.1,2.2,23.1,0.579,0.357,0.414,0.64,0.2,11.2,18.6,23.8,2.55,2.7,118.0,84.1,0.79,0.25,0.79,0.79,0.79,0.98,0.19,-2.18,36.9,0,1,Purdue,2023,1585
Jalen Carter,Boise State,Horizon,C,6-10,82,191,JR,2021,28,563.8525289185329,50.34397579629759,3.2,4.3,1.7,22.3,0.448,0.174,0.325,0.724,6.7,17.0,14.4,13.5,2.18,3.64,110.5,104.2,-0.31,-0.09,-0.31,0.71,0.71,0.69,-0.02,-2.18,36.9,0,1,San Diego State,2021,1586
Malik Allen,Pittsburgh,MAAC,PF,6-8,80,204,R-JR,2020,26,461.9405253399847,44.417358205767755,6.4,4.5,1.7,25.9,0.518,0.125,0.263,0.67,5.3,19.7,13.9,15.6,2.06,6.69,117.3,98.5,-1.57,-0.36,-1.57,0.74,0.74,0.74,0.0,-2.18,36.9,0,1,Auburn,2020,1587
Zion Brown,Michigan State,Sun Belt,W,6-5,77,165,SR,2021,35,650.7176566339083,46.47983261670774,5.4,2.7,0.4,22.0,0.517,0.347,0.246,0.718,1.4,13.5,3.3,10.0,3.06,1.97,110.2,96.4,-3.0,-0.98,-3.0,0.72,0.72,1.0,0.28,-2.19,36.9,0,1,Baylor,2021,1588
Trevion Hall,Nevada,Sun Belt,PF,6-7,79,218,R-FR,2023,25,356.686172734235,35.6686172734235,3.5,5.9,0.2,14.3,0.5,0.237,0.249,0.829,9.7,22.9,1.0,13.7,2.54,2.56,109.5,107.1,-0.75,-0.13,-0.75,0.72,0.72,0.74,0.02,-2.19,36.9,0,1,Virginia Tech,2023,1589
Luka Anderson,Tennessee,A-10,W,6-6,78,187,R-FR,2021,23,347.7281976304124,37.796543220697004,9.3,3.1,2.5,15.9,0.533,0.374,0.408,0.467,6.5,10.8,21.1,15.6,2.96,0.79,104.3,98.4,-1.72,-0.3,-1.72,0.86,0.86,0.72,-0.14,-2.19,36.9,0,1,Arizona,2021,1590
Elijah Rogers,Villanova,CUSA,W,6-5,77,182,R-FR,2022,26,516.6663733252539,49.6794589735821,5.8,5.0,2.7,22.7,0.382,0.311,0.335,0.679,4.7,22.9,22.3,16.8,2.44,2.63,109.6,103.9,-0.79,-0.2,-0.79,0.74,0.74,0.74,0.0,-2.2,36.8,0,1,Belmont,2022,1591
Sam Taylor,Kansas,Big Ten,PF,6-7,79,189,R-FR,2021,29,452.72486792483846,39.02800585558952,6.3,4.9,1.1,15.3,0.517,0.228,0.448,0.619,8.6,18.5,9.0,12.6,4.07,4.86,114.3,96.2,-1.55,-0.35,-1.55,1.0,1.0,0.98,-0.02,-2.21,36.8,0,1,UNLV,2021,1592
Darius Cook,Saint Mary's,Big Ten,G,6-5,77,226,FR,2022,20,208.78658025781843,26.0983225322273,5.9,1.6,1.7,18.5,0.524,0.364,0.349,0.703,1.8,7.2,14.1,23.2,2.16,0.1,97.8,104.2,-1.75,-0.18,-1.75,1.0,1.0,0.83,-0.17,-2.21,36.7,0,1,Penn State,2022,1593
Kevin Perez,Eastern Kentucky,Big Ten,W,6-7,79,215,R-FR,2020,31,479.276089760585,38.6512975613375,10.5,1.5,2.9,21.4,0.484,0.31,0.328,0.597,4.2,4.1,24.6,18.8,4.66,2.64,112.2,84.9,0.6,0.14,0.6,1.0,1.0,0.77,-0.23,-2.21,36.7,0,1,Belmont,2020,1594
Jordan Bell,Boise State,Big East,SG,6-5,77,192,JR,2024,24,120.94803681932117,12.598753835345956,4.5,2.3,1.0,20.8,0.398,0.371,0.05,0.717,3.4,9.6,8.0,17.1,2.21,2.09,106.9,100.6,-0.55,-0.03,-0.55,0.93,0.93,0.79,-0.14,-2.22,36.7,0,1,Iowa State,2024,1595
Damian Baker,UNLV,MAAC,F,6-7,79,191,SR,2023,29,197.7093595304444,17.043910304348657,8.1,3.9,1.2,20.4,0.599,0.195,0.236,0.672,8.6,13.2,10.3,10.0,3.01,2.85,113.5,93.3,-1.27,-0.13,-1.27,0.74,0.74,0.96,0.22,-2.22,36.7,0,1,Florida State,2023,1596
Elijah Perez,Notre Dame,MAAC,F,6-8,80,216,JR,2021,29,575.4179222922987,49.60499330106024,2.2,4.4,1.2,13.3,0.541,0.351,0.133,0.778,5.7,18.9,10.4,11.5,2.6,1.23,105.6,108.7,1.18,0.34,1.18,0.74,0.74,1.0,0.26,-2.22,36.7,0,1,North Carolina,2021,1597
Xavier Roberts,St. Bonaventure,Big 12,F,6-6,78,200,JR,2020,26,266.2251397485985,25.59857112967293,5.4,5.0,1.1,28.2,0.541,0.285,0.394,0.709,4.1,23.6,8.9,17.0,3.02,2.43,104.7,92.3,0.12,0.02,0.12,0.98,0.98,0.77,-0.21,-2.22,36.7,0,1,Villanova,2020,1598
Cole Mitchell,San Diego State,Big East,PF,6-11,83,217,R-FR,2020,22,138.43262093072332,15.730979651218561,8.5,4.9,1.2,25.1,0.526,0.322,0.386,0.626,10.8,16.5,9.9,15.9,0.51,9.48,109.4,88.6,-1.83,-0.13,-1.83,0.93,0.93,1.0,0.07,-2.22,36.7,0,1,Tennessee Tech,2020,1599
Ben Carter,Arizona,SEC,F,6-6,78,215,R-FR,2020,17,490.14182890651597,72.07968072154647,1.6,5.7,0.6,21.0,0.472,0.323,0.155,0.655,16.2,15.3,4.9,17.9,3.05,2.59,111.0,89.9,-1.14,-0.28,-1.14,0.96,0.96,0.86,-0.1,-2.22,36.7,0,1,Clemson,2020,1600
Jalen Garcia,Marquette,CAA,F,6-7,79,228,R-JR,2022,30,282.04808293314414,23.504006911095345,11.6,4.5,0.9,22.0,0.58,0.411,0.081,0.535,11.0,14.1,7.9,5.8,1.3,0.1,108.1,96.6,0.29,0.04,0.29,0.77,0.77,0.72,-0.05,-2.22,36.7,0,1,Nevada,2022,1601
Flynn Lee,Providence,AAC,SF,6-4,76,213,R-JR,2024,32,709.0851670620708,55.397278676724284,4.9,1.3,2.3,15.2,0.564,0.281,0.632,0.659,4.1,3.0,19.3,9.5,1.38,2.59,93.6,106.8,-2.56,-0.91,-2.56,0.83,0.83,0.79,-0.04,-2.23,36.6,0,1,St. John's,2024,1602
Trevion Green,Butler,OVC,C,6-10,82,193,JR,2020,23,133.0566163226988,14.46267568724987,3.1,7.1,0.6,16.9,0.48,0.293,0.071,0.744,15.4,24.2,4.8,11.0,0.93,4.99,111.6,100.3,-3.03,-0.2,-3.03,0.69,0.69,0.86,0.17,-2.23,36.6,0,1,Memphis,2020,1603
Todd Robinson,Indiana,Ivy,G,6-2,74,205,R-SO,2020,29,677.3380523547801,58.39121140989482,3.4,1.4,2.6,21.9,0.534,0.465,0.314,0.841,1.9,5.9,21.4,17.6,2.76,0.1,111.9,95.6,-2.43,-0.82,-2.43,0.71,0.71,0.86,0.15,-2.23,36.6,0,1,Davidson,2020,1604
Victor Anderson,Richmond,Sun Belt,PG,5-11,71,186,R-FR,2023,29,424.2999588815633,36.57758266220373,11.0,2.8,3.6,23.7,0.434,0.411,0.483,0.655,3.6,11.9,30.2,23.1,0.61,1.9,113.8,105.4,-0.49,-0.1,-0.49,0.72,0.72,0.86,0.14,-2.23,36.6,0,1,Marquette,2023,1605
Evan Johnson,SMU,ACC,C,6-11,83,196,JR,2021,34,337.1386089300507,24.789603597797846,4.0,5.6,1.3,22.6,0.525,0.357,0.306,0.737,13.4,17.7,11.1,11.4,3.22,2.75,97.0,102.2,-2.13,-0.36,-2.13,0.94,0.94,1.0,0.06,-2.24,36.5,0,1,James Madison,2021,1606
DeShawn Scott,Fordham,MAAC,SG,6-4,76,169,R-JR,2020,18,115.60835623092203,16.056716143183614,2.3,2.7,1.4,20.4,0.478,0.306,0.475,0.58,4.9,10.4,12.1,10.9,2.05,2.65,106.4,95.6,-1.57,-0.09,-1.57,0.74,0.74,0.74,0.0,-2.24,36.5,0,1,Notre Dame,2020,1607
Kevin Young,Virginia Tech,MAC,F,6-5,77,190,R-JR,2020,28,133.3755997378149,11.908535690876331,7.5,4.3,1.3,21.1,0.537,0.308,0.149,0.65,2.7,20.9,11.0,18.7,2.16,1.78,111.9,104.2,-1.44,-0.1,-1.44,0.76,0.76,0.93,0.17,-2.24,36.6,0,1,USC,2020,1608
Kevin Taylor,Hofstra,ACC,PG,6-1,73,200,R-FR,2024,30,438.39525260781727,36.532937717318106,3.2,1.8,2.2,15.9,0.474,0.32,0.45,0.56,2.2,7.9,18.6,25.0,3.43,1.92,123.7,103.5,-1.86,-0.41,-1.86,0.94,0.94,0.82,-0.12,-2.24,36.5,0,1,DePaul,2024,1609
Victor Martin,Wisconsin,CAA,SF,6-6,78,200,R-SO,2024,17,365.29227146160986,53.71945168553086,8.3,3.4,1.3,11.8,0.548,0.473,0.603,0.695,6.5,12.2,10.9,11.0,2.15,0.1,121.4,109.1,-1.8,-0.33,-1.8,0.77,0.77,0.82,0.05,-2.24,36.5,0,1,TCU,2024,1610
Vince Hall,Illinois,WCC,PG,6-4,76,195,R-FR,2020,19,275.8896010582772,36.30126329714174,14.8,1.9,3.6,11.5,0.526,0.27,0.321,0.763,0.2,10.2,30.3,19.2,2.02,1.47,99.0,98.4,-0.74,-0.1,-0.74,0.82,0.82,0.71,-0.11,-2.24,36.6,0,1,Houston,2020,1611
Max Thompson,Oregon,Big 12,SF,6-5,77,262,SR,2021,23,336.606080153014,36.58761740793631,1.4,4.9,1.6,14.1,0.511,0.398,0.146,0.688,7.5,20.0,13.0,25.0,1.06,2.09,104.6,107.9,-0.85,-0.14,-0.85,0.98,0.98,0.83,-0.15,-2.24,36.6,0,1,Iowa,2021,1612
Xavier Mitchell,Notre Dame,Horizon,PF,6-8,80,195,JR,2020,19,335.7392171984494,44.176212789269655,4.3,4.2,0.7,15.8,0.531,0.185,0.213,0.67,11.4,11.7,6.0,4.0,0.2,9.0,127.3,99.7,-2.8,-0.47,-2.8,0.71,0.71,0.74,0.03,-2.24,36.5,0,1,Oregon,2020,1613
Jake Evans,Houston,Sun Belt,C,6-10,82,227,R-FR,2021,21,67.2,8.0,9.0,6.2,1.6,24.5,0.528,0.286,0.55,0.617,10.1,24.5,13.3,14.3,3.27,4.64,123.9,106.8,-1.77,-0.06,-1.77,0.72,0.72,0.94,0.22,-2.24,36.5,0,1,Virginia Tech,2021,1614
Evan Turner,Boise State,AAC,PF,6-7,79,193,JR,2021,22,336.12807851884827,38.19637255896002,5.5,6.3,1.0,20.9,0.541,0.374,0.05,0.64,9.9,25.1,8.2,14.1,2.24,4.39,120.0,99.3,-0.88,-0.15,-0.88,0.83,0.83,0.94,0.11,-2.25,36.5,0,1,Xavier,2021,1615
Elijah Phillips,Iowa,SEC,W,6-6,78,175,R-FR,2020,32,474.98597015846804,37.10827891863032,5.6,3.7,1.8,24.3,0.435,0.313,0.458,0.792,8.1,12.5,14.9,17.6,0.7,0.55,106.5,90.2,-2.25,-0.53,-2.25,0.96,0.96,0.86,-0.1,-2.25,36.5,0,1,Wisconsin,2020,1616
Cole Bell,SMU,ACC,G,6-4,76,194,SO,2024,29,407.13831284753047,35.09813041789056,10.7,1.9,3.5,23.1,0.538,0.219,0.325,0.504,2.6,8.0,29.3,23.9,2.4,1.0,114.6,95.1,-0.4,-0.08,-0.4,0.94,0.94,0.7,-0.24,-2.26,36.4,0,1,Oklahoma,2024,1617
Henry Evans,George Mason,CAA,PG,6-0,72,181,R-FR,2020,25,335.67949074499046,33.56794907449905,10.2,2.2,2.9,29.5,0.506,0.486,0.487,0.582,3.9,8.1,24.0,17.3,1.65,2.03,105.7,97.4,-0.6,-0.1,-0.6,0.77,0.77,0.98,0.21,-2.26,36.5,0,1,Villanova,2020,1618
Blake Hernandez,Saint Mary's,CAA,PF,6-7,79,193,R-JR,2023,27,161.91414463841608,14.99205042948297,8.9,4.7,1.1,24.8,0.456,0.28,0.146,0.788,6.5,19.9,9.0,14.9,2.64,6.07,105.1,95.6,-1.28,-0.1,-1.28,0.77,0.77,0.76,-0.01,-2.26,36.4,0,1,Michigan State,2023,1619
Cameron Walker,Mississippi State,CAA,C,6-10,82,155,FR,2021,31,239.2646761522914,19.295538399378337,7.6,3.6,0.8,28.4,0.527,0.228,0.018,0.727,8.2,12.0,6.9,14.5,0.88,1.66,104.7,94.7,0.71,0.09,0.71,0.77,0.77,1.0,0.23,-2.26,36.4,0,1,Baylor,2021,1620
Cole Stewart,Saint Louis,A-10,F,6-8,80,180,R-FR,2023,31,441.6358800173649,35.61579677559394,5.7,7.3,1.7,21.7,0.438,0.264,0.112,0.778,13.7,27.0,14.3,11.6,2.55,2.27,109.7,99.3,0.74,0.16,0.74,0.86,0.86,0.69,-0.17,-2.27,36.4,0,1,Kansas,2023,1621
Luka Cook,Marquette,A-10,PF,6-9,81,216,FR,2020,19,415.9293087734347,54.72754062808351,7.6,4.6,1.3,26.2,0.554,0.326,0.456,0.784,9.8,15.7,10.6,14.4,2.2,2.64,101.4,99.7,-3.19,-0.66,-3.19,0.86,0.86,1.0,0.14,-2.27,36.4,0,1,North Carolina,2020,1622
Cade Adams,Cincinnati,Ivy,SF,6-7,79,221,R-JR,2024,31,305.43757554623517,24.632062544051223,5.3,2.7,2.4,17.9,0.486,0.257,0.453,0.685,3.9,11.0,19.6,10.0,1.36,2.75,110.3,103.2,-0.54,-0.08,-0.54,0.71,0.71,0.83,0.12,-2.27,36.4,0,1,Mississippi State,2024,1623
Evan Mitchell,UCLA,WAC,C,7-0,84,250,R-JR,2022,25,507.8010295872358,50.78010295872358,1.2,3.5,1.2,11.1,0.464,0.351,0.32,0.447,1.0,18.7,10.1,10.3,2.17,3.88,109.5,93.8,-2.19,-0.56,-2.19,0.7,0.7,0.96,0.26,-2.27,36.4,0,1,Murray State,2022,1624
Elijah Lee,Austin Peay,WAC,PG,6-3,75,189,SO,2024,28,314.2043178643315,28.053956952172452,5.4,1.5,3.3,15.1,0.546,0.376,0.503,0.934,1.9,6.6,27.4,22.1,1.66,1.1,115.3,94.2,-1.88,-0.3,-1.88,0.7,0.7,0.76,0.06,-2.28,36.3,0,1,Duke,2024,1625
Uriah Davis,Louisville,AAC,SF,6-6,78,242,R-FR,2022,20,241.8848057029966,30.23560071287458,6.3,2.4,1.6,18.2,0.482,0.263,0.498,0.695,3.1,10.3,13.7,21.6,2.51,0.59,103.6,95.7,-1.02,-0.12,-1.02,0.83,0.83,0.98,0.15,-2.28,36.3,0,1,Ohio State,2022,1626
Nathan Adams,Saint Mary's,MVC,PF,6-8,80,187,R-JR,2022,29,553.1396132919396,47.684449421718924,8.3,6.2,1.1,24.8,0.538,0.283,0.202,0.704,11.4,23.0,8.9,10.7,1.13,4.93,106.7,88.0,-0.03,-0.01,-0.03,0.79,0.79,0.96,0.17,-2.28,36.3,0,1,Auburn,2022,1627
Eric Edwards,Kentucky,AAC,SG,6-3,75,205,R-FR,2022,31,190.43728295678252,15.357845399740528,3.1,1.9,0.5,20.6,0.509,0.364,0.372,0.642,1.3,9.5,4.5,20.7,2.33,1.16,112.3,95.1,-2.36,-0.22,-2.36,0.83,0.83,0.7,-0.13,-2.29,36.2,0,1,Louisville,2022,1628
Reed Johnson,Tulsa,MAAC,G,6-2,74,201,R-JR,2020,27,535.6700018677451,49.59907424701344,8.5,2.6,1.8,15.6,0.482,0.374,0.365,0.634,3.8,10.7,15.4,19.8,2.79,3.2,108.3,99.0,-0.37,-0.1,-0.37,0.74,0.74,0.82,0.08,-2.29,36.2,0,1,Georgia,2020,1629
Ryan Evans,St. John's,A-10,SG,6-3,75,197,R-JR,2022,28,165.8691129667888,14.809742229177573,4.9,1.2,2.8,17.4,0.483,0.368,0.179,0.794,0.4,6.0,23.6,18.5,2.3,0.56,105.4,99.0,-1.52,-0.13,-1.52,0.86,0.86,0.71,-0.15,-2.29,36.3,0,1,UCLA,2022,1630
Tyrese Brown,Georgia,ACC,C,6-10,82,170,R-JR,2023,29,353.5867352709426,30.48161510956402,3.3,1.9,1.9,22.4,0.481,0.248,0.122,0.823,4.9,5.9,15.4,20.9,1.79,0.3,107.1,96.5,-1.77,-0.31,-1.77,0.94,0.94,0.77,-0.17,-2.3,36.2,0,1,Tennessee,2023,1631
Andrej Stewart,Tulsa,Big 12,SF,6-5,77,210,R-FR,2021,29,173.87697700263038,14.989394569192276,7.1,2.4,2.7,17.8,0.467,0.337,0.236,0.568,8.0,5.3,22.5,10.7,2.77,2.13,100.5,100.8,-1.42,-0.12,-1.42,0.98,0.98,0.98,0.0,-2.3,36.2,0,1,San Diego State,2021,1632
Jake Lee,Iowa State,Horizon,G,6-2,74,211,JR,2022,26,278.3227513984445,26.761803019081196,4.6,1.7,2.0,21.6,0.467,0.319,0.339,0.692,3.3,6.3,16.6,20.2,0.2,0.9,100.1,106.4,-2.7,-0.38,-2.7,0.71,0.71,0.98,0.27,-2.3,36.2,0,1,Providence,2022,1633
Reed Young,Florida State,A-10,PF,6-7,79,182,R-JR,2021,23,73.60000000000001,8.0,12.2,3.0,1.4,15.1,0.552,0.321,0.304,0.69,2.3,14.3,11.7,16.4,0.2,4.7,99.3,99.1,-1.18,-0.04,-1.18,0.86,0.86,0.71,-0.15,-2.3,36.2,0,1,Creighton,2021,1634
Sam Carter,Connecticut,ACC,SG,6-4,76,204,JR,2022,23,486.19800498121845,52.84760923708897,8.8,1.6,1.5,20.2,0.557,0.322,0.387,0.776,0.7,8.1,12.3,14.2,2.05,0.78,126.5,82.7,0.29,0.07,0.29,0.94,0.94,0.82,-0.12,-2.3,36.2,0,1,William & Mary,2022,1635
Omar Lopez,Fordham,Ivy,G,6-5,77,201,JR,2021,31,208.13439336952487,16.78503172334878,7.4,1.7,2.5,21.0,0.527,0.26,0.526,0.607,0.2,9.1,20.5,16.8,2.87,1.18,96.5,97.1,-0.43,-0.04,-0.43,0.71,0.71,0.86,0.15,-2.31,36.1,0,1,Dayton,2021,1636
Vince White,Florida State,Horizon,SF,6-6,78,184,R-SO,2021,26,495.5294392723047,47.64706146849084,7.3,2.6,2.5,17.3,0.538,0.285,0.449,0.787,7.5,6.8,20.8,16.5,3.38,0.63,118.0,103.4,-3.32,-0.82,-3.32,0.71,0.71,0.76,0.05,-2.31,36.2,0,1,DePaul,2021,1637
Damian Thomas,Connecticut,SEC,F,6-9,81,168,SO,2024,22,159.37081063035362,18.11031938981291,4.8,3.7,1.5,16.5,0.484,0.133,0.277,0.821,5.9,14.8,12.4,11.7,2.76,0.48,114.5,100.5,-2.5,-0.2,-2.5,0.96,0.96,0.96,0.0,-2.32,36.1,0,1,St. Bonaventure,2024,1638
Jalen Hall,Richmond,MAAC,PF,6-9,81,197,R-JR,2022,24,106.03303178661409,11.045107477772302,2.7,3.1,0.7,12.3,0.553,0.261,0.218,0.822,6.7,10.8,5.7,20.2,2.47,7.44,110.6,94.0,-3.51,-0.19,-3.51,0.74,0.74,0.94,0.2,-2.32,36.1,0,1,Belmont,2022,1639
Derek Williams,Oregon,WCC,C,6-11,83,178,R-FR,2021,33,541.4094709413963,41.01586901071184,12.8,5.2,0.4,23.5,0.506,0.277,0.187,0.741,9.6,19.2,3.1,7.7,0.47,1.0,113.8,96.6,-2.3,-0.62,-2.3,0.82,0.82,0.83,0.01,-2.32,36.1,0,1,Clemson,2021,1640
Zach Campbell,UCLA,WCC,F,6-8,80,186,R-JR,2020,28,329.98884669582617,29.463289883555905,4.9,6.4,1.5,15.1,0.602,0.332,0.298,0.685,12.8,22.7,12.3,7.6,1.66,0.83,117.8,104.1,0.18,0.03,0.18,0.82,0.82,0.76,-0.06,-2.33,36.0,0,1,BYU,2020,1641
Sam Thompson,Saint Mary's,MAC,C,6-9,81,211,R-JR,2021,21,501.45518500581005,59.697045834025005,5.3,4.7,0.8,14.9,0.553,0.359,0.266,0.862,10.2,16.0,7.0,11.1,1.69,7.87,121.3,90.0,-0.55,-0.14,-0.55,0.76,0.76,0.71,-0.05,-2.33,36.0,0,1,UNLV,2021,1642
Kyle Taylor,Memphis,MAC,PG,6-6,78,184,R-FR,2021,35,511.82630440129884,36.559021742949916,2.7,1.9,3.8,20.2,0.527,0.339,0.229,0.666,2.3,8.3,31.7,22.6,1.61,1.48,121.7,88.6,-1.24,-0.32,-1.24,0.76,0.76,0.82,0.06,-2.33,36.0,0,1,USC,2021,1643
Malik Rivera,Kentucky,CUSA,PG,6-3,75,224,R-FR,2020,29,426.09435195884197,36.73227172058983,1.0,2.0,2.4,17.7,0.488,0.34,0.317,0.763,3.6,7.7,20.4,19.3,0.2,1.43,96.9,101.6,-0.01,-0.0,-0.01,0.74,0.74,0.7,-0.04,-2.33,36.0,0,1,Butler,2020,1644
Tyrese Cooper,George Mason,A-10,PG,6-3,75,190,R-FR,2023,30,168.23217256826666,14.019347714022224,11.7,2.0,2.0,16.6,0.565,0.192,0.402,0.681,4.5,6.4,17.1,12.1,1.57,4.17,98.6,90.5,-1.17,-0.1,-1.17,0.86,0.86,0.98,0.12,-2.34,36.0,0,1,Xavier,2023,1645
Jaylen Baker,Alabama,Big 12,PF,6-6,78,209,JR,2020,30,328.56522174240195,27.380435145200167,10.3,4.2,1.9,20.3,0.51,0.175,0.062,0.868,4.9,18.3,16.0,14.4,2.49,2.5,105.2,96.2,0.09,0.01,0.09,0.98,0.98,0.82,-0.16,-2.34,35.9,0,1,Pittsburgh,2020,1646
Malik Brown,Hofstra,MVC,SG,6-7,79,234,R-JR,2022,18,106.54032111409043,14.797266821401449,9.8,2.6,2.1,19.7,0.467,0.291,0.357,0.603,3.4,10.9,17.2,14.6,3.01,0.87,102.9,98.3,-2.66,-0.14,-2.66,0.79,0.79,0.86,0.07,-2.35,35.9,0,1,Clemson,2022,1647
Grant Hernandez,St. John's,MVC,C,6-10,82,207,R-JR,2020,19,347.25403336382305,45.6913201794504,9.5,2.8,0.2,22.5,0.552,0.298,0.057,0.623,1.0,14.7,1.1,10.1,2.6,1.58,121.7,110.6,-0.45,-0.08,-0.45,0.79,0.79,0.72,-0.07,-2.35,35.9,0,1,Florida,2020,1648
Tyrese Turner,Kansas,WCC,PG,6-3,75,220,R-FR,2023,25,489.33190780182906,48.933190780182905,6.4,1.7,1.7,31.6,0.519,0.347,0.085,0.749,2.8,6.6,13.9,22.0,0.2,1.05,107.4,94.4,-1.18,-0.29,-1.18,0.82,0.82,0.69,-0.13,-2.35,35.9,0,1,Iowa,2023,1649
Blake Rivera,Rutgers,OVC,C,6-9,81,203,R-FR,2022,30,171.51954592558556,14.293295493798798,4.3,6.6,0.2,24.2,0.482,0.321,0.131,0.633,5.5,30.9,1.0,5.8,3.3,6.72,112.5,87.3,0.03,0.0,0.03,0.69,0.69,0.82,0.13,-2.35,35.9,0,1,Vanderbilt,2022,1650
Trevion Wright,William & Mary,OVC,PG,6-3,75,234,R-JR,2022,23,249.42303826198196,27.111199811084994,2.4,2.5,2.2,19.4,0.521,0.418,0.265,0.685,1.9,12.1,18.6,13.5,1.42,0.71,105.8,94.1,-0.9,-0.11,-0.9,0.69,0.69,1.0,0.31,-2.35,35.9,0,1,Pittsburgh,2022,1651
Brandon Nelson,Connecticut,WCC,SF,6-6,78,189,R-SO,2021,23,350.59121283630066,38.107740525684854,2.5,2.8,1.5,12.8,0.431,0.284,0.587,0.744,4.0,11.5,12.7,17.2,1.32,1.85,111.0,93.6,0.49,0.09,0.49,0.82,0.82,0.74,-0.08,-2.35,35.9,0,1,Belmont,2021,1652
Eric Adams,Northwestern,OVC,PG,6-4,76,230,R-SO,2023,24,163.27311114375107,17.007615744140736,8.5,2.7,2.0,22.3,0.544,0.337,0.229,0.777,3.7,11.3,16.5,35.0,2.42,0.74,129.9,103.7,-0.29,-0.02,-0.29,0.69,0.69,0.83,0.14,-2.36,35.8,0,1,Providence,2023,1653
Cade Nelson,Illinois,Ivy,PF,6-7,79,174,R-FR,2022,29,146.8183199880372,12.656751723106654,5.5,4.9,1.1,18.4,0.526,0.329,0.0,0.677,8.4,18.8,9.2,12.8,2.63,9.33,116.1,90.0,0.66,0.05,0.66,0.71,0.71,0.82,0.11,-2.36,35.8,0,1,Kansas,2022,1654
Zion Stewart,Michigan,MAAC,SG,6-3,75,211,R-FR,2023,23,201.91901798900943,21.94771934663146,7.8,2.0,2.1,22.2,0.458,0.395,0.192,0.694,3.7,7.4,17.6,18.3,2.59,1.0,119.7,97.4,-2.57,-0.26,-2.57,0.74,0.74,0.76,0.02,-2.36,35.8,0,1,Mississippi State,2023,1655
Nathan Lee,Connecticut,SEC,PF,6-7,79,229,SO,2021,31,240.47103067187578,19.39282505418353,1.3,3.8,1.4,11.2,0.502,0.357,0.238,0.576,7.2,14.0,11.7,10.7,2.13,4.03,98.2,106.6,-0.36,-0.04,-0.36,0.96,0.96,0.72,-0.24,-2.36,35.8,0,1,Ohio State,2021,1656
Eric White,Florida,Big Ten,SF,6-4,76,240,JR,2024,30,409.3965081724107,34.11637568103422,17.6,2.2,2.4,28.6,0.541,0.358,0.326,0.739,4.4,7.7,20.1,16.1,0.34,0.82,116.9,88.6,-1.61,-0.33,-1.61,1.0,1.0,0.94,-0.06,-2.36,35.8,0,1,Rutgers,2024,1657
Sam Gonzalez,Tennessee Tech,CUSA,SG,6-1,73,186,R-JR,2020,26,327.92613748254075,31.531359373321227,7.9,2.8,1.4,16.4,0.607,0.412,0.224,0.707,4.3,11.4,11.9,16.2,2.62,0.96,117.1,110.2,0.71,0.12,0.71,0.74,0.74,0.7,-0.04,-2.37,35.8,0,1,Belmont,2020,1658
Paul Campbell,Nevada,Sun Belt,SF,6-9,81,212,JR,2021,26,371.51171320471576,35.72228011583805,4.6,2.8,1.8,20.6,0.47,0.356,0.415,0.701,6.2,9.5,14.9,13.4,1.15,1.54,109.6,91.4,0.24,0.04,0.24,0.72,0.72,1.0,0.28,-2.37,35.8,0,1,Syracuse,2021,1659
Tanner Rodriguez,James Madison,Big East,W,6-4,76,225,R-JR,2022,25,168.79189575527502,16.8791895755275,3.6,4.5,1.1,10.2,0.547,0.206,0.484,0.652,6.7,18.3,8.9,7.3,1.92,0.82,110.7,101.5,-0.23,-0.02,-0.23,0.93,0.93,0.76,-0.17,-2.37,35.8,0,1,Michigan State,2022,1660
Luke Lewis,Providence,MAC,SF,6-5,77,192,R-FR,2022,28,485.56187349609473,43.35373870500846,6.8,3.9,1.3,23.8,0.5,0.349,0.355,0.573,7.9,13.8,11.0,18.7,2.44,1.76,117.1,103.0,-0.58,-0.14,-0.58,0.76,0.76,1.0,0.24,-2.37,35.8,0,1,Butler,2022,1661
Sean White,Minnesota,OVC,G,6-1,73,196,R-FR,2024,24,248.53390109970778,25.888948031219563,5.4,2.4,4.5,16.8,0.528,0.367,0.334,0.545,3.4,9.9,37.8,18.1,2.38,1.98,118.7,105.0,0.02,0.0,0.02,0.69,0.69,0.76,0.07,-2.37,35.8,0,1,Oklahoma,2024,1662
Kevin Carter,Nebraska,Horizon,C,7-0,84,178,R-JR,2020,30,283.7191812823694,23.643265106864114,12.8,4.8,0.7,24.9,0.531,0.312,0.097,0.768,3.7,22.9,5.9,4.0,2.74,3.73,120.0,104.9,-2.31,-0.33,-2.31,0.71,0.71,0.76,0.05,-2.38,35.7,0,1,Tennessee Tech,2020,1663
Paul Clark,Nevada,Sun Belt,C,6-8,80,185,JR,2023,22,114.38633142534711,12.998446752880351,5.7,4.8,1.0,20.9,0.499,0.311,0.0,0.685,5.9,20.7,7.9,11.7,1.46,8.81,99.7,96.7,-0.76,-0.04,-0.76,0.72,0.72,0.77,0.05,-2.38,35.7,0,1,Cincinnati,2023,1664
Eric Wright,Wichita State,SEC,C,6-9,81,183,JR,2020,32,386.0867707457294,30.163028964510108,10.1,4.7,0.9,29.9,0.546,0.274,0.214,0.699,6.1,20.0,7.9,17.8,1.41,3.65,101.0,100.2,-2.43,-0.47,-2.43,0.96,0.96,0.77,-0.19,-2.38,35.7,0,1,Belmont,2020,1665
Sean Moore,Dayton,AAC,C,7-2,86,183,R-FR,2020,27,563.7589792537985,52.19990548646283,5.8,4.5,0.2,26.1,0.575,0.375,0.277,0.7,8.3,16.8,1.0,14.5,2.44,6.56,110.6,102.7,-3.07,-0.86,-3.07,0.83,0.83,0.74,-0.09,-2.38,35.7,0,1,Richmond,2020,1666
Eric Cook,Indiana,OVC,W,6-7,79,231,FR,2021,22,272.89815557601406,31.01115404272887,6.6,3.6,1.8,12.8,0.499,0.339,0.418,0.676,6.1,13.7,15.3,9.2,1.95,1.91,122.6,97.6,-0.78,-0.11,-0.78,0.69,0.69,0.72,0.03,-2.39,35.7,0,1,St. Bonaventure,2021,1667
Ryan Clark,Virginia Tech,Horizon,G,6-1,73,187,SR,2020,22,257.9405584192088,29.311427093091908,7.3,2.1,2.0,20.4,0.531,0.269,0.357,0.697,2.9,9.0,17.0,21.8,2.72,0.78,101.5,95.3,-3.77,-0.49,-3.77,0.71,0.71,0.76,0.05,-2.39,35.7,0,1,Oklahoma,2020,1668
Kevin Stewart,Nebraska,Horizon,PG,6-1,73,194,R-SO,2024,23,465.7702288880085,50.62719879217484,5.4,1.5,2.3,22.9,0.489,0.412,0.397,0.719,3.0,5.4,18.8,17.1,3.2,3.29,102.5,103.5,-1.1,-0.26,-1.1,0.71,0.71,1.0,0.29,-2.39,35.6,0,1,St. John's,2024,1669
Alex Harris,George Mason,Big 12,C,7-0,84,218,R-FR,2023,22,251.56631605369,28.5870813697375,8.7,6.2,1.2,23.1,0.58,0.196,0.429,0.759,8.5,26.0,9.6,11.9,1.54,5.95,115.4,98.2,-1.12,-0.14,-1.12,0.98,0.98,0.86,-0.12,-2.4,35.6,0,1,Ohio State,2023,1670
Cameron Stewart,Murray State,Big Ten,PG,5-9,69,232,FR,2024,22,396.0458851097643,45.00521421701867,1.0,1.1,2.2,17.4,0.421,0.342,0.364,0.686,0.8,5.1,18.6,15.2,3.3,1.76,104.2,104.6,-2.05,-0.41,-2.05,1.0,1.0,0.77,-0.23,-2.4,35.6,0,1,Texas,2024,1671
Malik Thompson,Pittsburgh,OVC,SG,6-5,77,199,FR,2021,23,209.03298627798972,22.72097676934671,7.2,1.2,1.6,26.2,0.437,0.309,0.75,0.828,4.5,2.0,13.4,5.6,2.67,1.44,120.6,92.9,-1.63,-0.17,-1.63,0.69,0.69,0.82,0.13,-2.4,35.6,0,1,Mississippi State,2021,1672
Henry Lee,Connecticut,Big Ten,G,6-2,74,239,R-SO,2022,30,623.2769013904921,51.939741782541006,6.0,2.4,2.9,15.4,0.577,0.286,0.457,0.697,1.2,12.3,24.1,21.5,1.53,3.18,110.3,104.1,-1.49,-0.47,-1.49,1.0,1.0,0.98,-0.02,-2.4,35.6,0,1,Syracuse,2022,1673
Ben Hernandez,Tennessee,AAC,PF,6-9,81,224,R-FR,2023,26,327.9936299893958,31.5378490374419,7.9,4.4,2.0,21.5,0.476,0.243,0.141,0.539,10.1,14.1,16.9,9.3,1.87,4.42,106.6,88.1,-1.0,-0.16,-1.0,0.83,0.83,0.83,0.0,-2.4,35.6,0,1,Iowa State,2023,1674
Mike Garcia,Texas,Big East,SG,6-3,75,244,R-FR,2023,30,222.06579836052885,18.50548319671074,2.3,1.9,0.4,17.1,0.563,0.332,0.246,0.597,4.1,6.3,3.0,21.1,1.4,1.25,124.4,97.4,-1.93,-0.21,-1.93,0.93,0.93,0.86,-0.07,-2.4,35.6,0,1,Virginia Tech,2023,1675
Jake Jackson,Tulsa,Horizon,SF,6-5,77,228,JR,2020,19,103.60837652953649,13.632681122307433,8.6,1.8,1.2,30.3,0.564,0.463,0.168,0.822,5.5,4.3,9.7,10.9,2.68,0.13,118.8,102.0,1.64,0.09,1.64,0.71,0.71,0.93,0.22,-2.41,35.6,0,1,Florida,2020,1676
Ben Johnson,Fordham,Sun Belt,SF,6-5,77,240,R-JR,2020,21,331.08821914190844,39.415264183560524,7.7,1.4,1.6,22.7,0.509,0.443,0.732,0.74,0.5,7.2,13.1,12.5,2.32,1.64,99.9,103.0,-3.37,-0.56,-3.37,0.72,0.72,0.74,0.02,-2.41,35.5,0,1,Richmond,2020,1677
Owen Sanchez,Nebraska,CUSA,PG,6-4,76,218,JR,2023,25,423.77766506432704,42.37776650643271,6.2,2.8,3.4,21.9,0.466,0.403,0.639,0.479,6.2,9.3,28.4,9.3,1.96,2.32,99.9,81.7,-0.37,-0.08,-0.37,0.74,0.74,0.76,0.02,-2.41,35.5,0,1,Saint Mary's,2023,1678
Zach Thomas,Houston,AAC,G,6-3,75,211,R-JR,2023,26,548.7704094119324,52.76638552037811,1.0,2.7,3.0,22.8,0.457,0.412,0.214,0.488,4.3,10.6,24.7,9.0,2.8,2.53,126.4,97.0,-0.81,-0.22,-0.81,0.83,0.83,0.96,0.13,-2.41,35.5,0,1,Michigan State,2023,1679
Henry Bailey,Louisville,OVC,PF,6-7,79,219,R-FR,2021,29,235.91303534023388,20.337330632778784,5.7,7.6,0.2,21.9,0.556,0.277,0.071,0.681,13.0,29.0,2.0,12.1,0.42,2.68,113.0,92.1,-0.87,-0.1,-0.87,0.69,0.69,1.0,0.31,-2.42,35.5,0,1,Connecticut,2021,1680
Andre Moore,Michigan State,Big 12,G,6-0,72,241,JR,2023,26,202.6879484748191,19.489225814886453,3.1,1.3,3.2,24.7,0.461,0.294,0.644,0.739,3.1,4.0,26.7,16.9,1.64,0.84,99.3,98.1,-1.63,-0.16,-1.63,0.98,0.98,0.96,-0.02,-2.42,35.5,0,1,Maryland,2023,1681
Victor Morris,Michigan,AAC,F,6-6,78,219,R-JR,2022,19,247.41835624463832,32.55504687429451,13.5,4.2,0.8,18.9,0.589,0.248,0.137,0.666,4.3,18.8,6.6,14.3,2.72,3.13,110.1,93.9,-3.02,-0.37,-3.02,0.83,0.83,1.0,0.17,-2.43,35.4,0,1,Kansas,2022,1682
Jordan Young,Kansas,MAC,G,6-3,75,207,R-JR,2021,30,348.7889606883692,29.065746724030763,5.7,2.1,2.9,22.6,0.553,0.283,0.347,0.602,4.0,7.8,24.5,14.8,2.86,2.19,99.8,103.8,-2.48,-0.43,-2.48,0.76,0.76,0.96,0.2,-2.43,35.4,0,1,USC,2021,1683
Omar Moore,Seton Hall,Horizon,PF,6-8,80,184,JR,2022,32,203.8612728540906,15.926661941725827,1.1,5.1,0.6,17.6,0.56,0.271,0.0,0.659,12.9,15.4,4.6,16.8,1.09,8.37,134.3,98.5,2.0,0.2,2.0,0.71,0.71,0.96,0.25,-2.43,35.4,0,1,Maryland,2022,1684
Vince Anderson,Villanova,WAC,SG,6-3,75,217,R-FR,2021,25,413.87902628079615,41.387902628079615,5.5,3.0,2.4,15.8,0.462,0.371,0.368,0.644,2.0,14.6,20.1,19.9,0.45,1.35,104.1,102.5,0.11,0.02,0.11,0.7,0.7,0.79,0.09,-2.44,35.3,0,1,Saint Mary's,2021,1685
Ivan Rivera,James Madison,A-10,W,6-7,79,156,JR,2023,23,116.69520635736247,12.684261560582875,10.9,3.5,0.7,24.7,0.437,0.287,0.57,0.652,5.8,13.6,5.9,14.8,2.55,2.64,101.1,93.7,-0.53,-0.03,-0.53,0.86,0.86,0.76,-0.1,-2.44,35.4,0,1,North Carolina,2023,1686
Jordan Taylor,SMU,ACC,G,6-4,76,230,R-JR,2020,27,423.81003295525653,39.24166971807931,9.8,2.0,2.1,16.4,0.564,0.251,0.312,0.744,3.1,8.1,17.7,17.3,3.68,4.05,114.7,104.4,-2.1,-0.45,-2.1,0.94,0.94,0.83,-0.11,-2.44,35.3,0,1,Mississippi State,2020,1687
Kyle Campbell,Murray State,WAC,PG,6-4,76,221,R-JR,2024,30,570.4115767024218,47.53429805853516,1.0,2.4,4.0,16.4,0.472,0.37,0.408,0.873,3.5,9.7,33.2,15.0,2.77,0.69,117.0,109.0,-0.67,-0.19,-0.67,0.7,0.7,0.72,0.02,-2.44,35.3,0,1,Xavier,2024,1688
Luke Wilson,USC,SEC,G,6-1,73,221,R-FR,2022,28,91.76926738270247,8.193684587741291,7.6,2.1,3.6,17.9,0.568,0.305,0.252,0.88,4.7,7.1,30.3,15.4,2.04,0.44,96.6,94.7,-1.16,-0.05,-1.16,0.96,0.96,1.0,0.04,-2.44,35.4,0,1,Miami,2022,1689
Vince Gonzalez,SMU,ACC,F,6-6,78,255,R-SO,2024,21,541.2905209926065,64.43934773721506,8.6,2.8,0.9,28.6,0.389,0.336,0.206,0.773,6.1,9.3,7.2,9.6,1.21,0.9,103.1,95.4,-1.63,-0.44,-1.63,0.94,0.94,0.94,0.0,-2.45,35.3,0,1,Miami,2024,1690
Eric Hernandez,Ohio State,WAC,G,6-4,76,187,R-FR,2022,37,717.1173776492925,48.45387686819544,2.6,3.5,3.0,13.5,0.514,0.312,0.382,0.609,5.0,14.7,25.3,17.9,0.91,3.05,110.9,97.5,-0.2,-0.07,-0.2,0.7,0.7,0.86,0.16,-2.45,35.3,0,1,Indiana,2022,1691
Jaylen Evans,Oregon,WCC,F,6-6,78,212,FR,2022,18,57.599999999999994,8.0,3.5,4.4,0.5,18.9,0.514,0.278,0.176,0.72,11.8,12.4,4.3,8.2,2.49,2.74,106.8,83.7,-4.89,-0.14,-4.89,0.82,0.82,0.96,0.14,-2.45,35.3,0,1,Ohio State,2022,1692
Derek Rodriguez,SMU,MAAC,PG,6-4,76,167,FR,2024,36,532.0966564977712,36.95115670123411,6.6,2.4,2.1,24.7,0.528,0.419,0.287,0.733,4.6,9.1,17.9,20.6,2.31,2.01,106.3,100.5,-1.27,-0.34,-1.27,0.74,0.74,0.96,0.22,-2.45,35.3,0,1,Florida,2024,1693
Reed Murphy,UCLA,A-10,F,6-5,77,180,SR,2023,31,167.662152261553,13.521141311415562,12.7,4.5,1.9,21.4,0.543,0.229,0.262,0.846,10.0,14.7,15.7,13.2,3.84,0.45,104.8,102.8,-5.38,-0.45,-5.38,0.86,0.86,0.98,0.12,-2.45,35.3,0,1,Duquesne,2023,1694
Malik Nelson,Dayton,Sun Belt,W,6-7,79,208,JR,2023,28,631.5175778287262,56.385498020421984,5.2,3.4,1.5,20.1,0.595,0.308,0.7,0.667,4.9,13.8,12.5,17.1,2.65,1.99,107.0,89.1,-1.74,-0.55,-1.74,0.72,0.72,0.74,0.02,-2.45,35.3,0,1,William & Mary,2023,1695
Tyrese Reed,Air Force,WAC,G,6-1,73,228,R-JR,2023,32,260.2798569272449,20.334363822441006,11.6,2.4,2.4,25.2,0.597,0.459,0.4,0.644,2.9,10.4,20.2,17.8,2.41,1.99,113.0,100.5,1.64,0.21,1.64,0.7,0.7,0.77,0.07,-2.46,35.2,0,1,Hofstra,2023,1696
Sam Wilson,LSU,OVC,SF,6-6,78,203,R-FR,2020,22,70.4,8.0,5.5,3.7,2.2,17.4,0.508,0.252,0.397,0.531,5.8,14.9,18.4,13.4,3.71,1.83,116.9,94.8,1.8,0.06,1.8,0.69,0.69,1.0,0.31,-2.46,35.3,0,1,Illinois,2020,1697
Vince Campbell,St. Bonaventure,SEC,F,6-7,79,196,R-JR,2022,21,175.5634947282639,20.900416039079037,5.2,3.9,0.7,20.5,0.461,0.246,0.271,0.727,9.8,11.7,5.5,5.3,2.77,3.42,110.6,99.8,-2.66,-0.23,-2.66,0.96,0.96,0.98,0.02,-2.46,35.2,0,1,Xavier,2022,1698
Kofi Davis,Memphis,SEC,SF,6-5,77,214,R-FR,2024,25,458.58620587688733,45.85862058768873,1.0,2.1,1.7,10.0,0.489,0.245,0.559,0.756,2.3,9.5,13.9,9.2,0.2,1.34,114.4,101.7,-0.65,-0.15,-0.65,0.96,0.96,0.86,-0.1,-2.46,35.3,0,1,SMU,2024,1699
Victor Rodriguez,Alabama,ACC,PF,6-9,81,231,JR,2022,22,254.76529364135064,28.950601550153483,11.6,5.9,1.0,29.1,0.577,0.33,0.09,0.702,9.5,23.4,8.2,13.4,0.52,5.1,104.6,98.5,-1.19,-0.15,-1.19,0.94,0.94,0.7,-0.24,-2.46,35.2,0,1,Hofstra,2022,1700
Mike Scott,Vanderbilt,CAA,F,6-8,80,204,R-SO,2021,23,141.73279688318848,15.405738791650926,11.6,4.8,0.5,22.8,0.502,0.084,0.048,0.619,3.1,23.5,4.6,13.4,1.41,2.77,103.2,93.4,-1.39,-0.1,-1.39,0.77,0.77,0.77,0.0,-2.47,35.2,0,1,Duke,2021,1701
Ryan Garcia,Florida State,OVC,G,6-3,75,185,R-JR,2022,31,457.2403056719678,36.874218199352235,4.6,2.7,0.9,12.8,0.485,0.341,0.23,0.801,1.9,13.2,7.1,18.7,3.63,0.61,108.4,96.8,-3.53,-0.81,-3.53,0.69,0.69,1.0,0.31,-2.47,35.2,0,1,Wisconsin,2022,1702
Tyler Green,St. Bonaventure,ACC,W,6-8,80,190,R-FR,2024,21,321.0690106656359,38.22250126971856,5.9,3.7,1.2,22.3,0.461,0.428,0.45,0.701,9.3,11.1,10.0,14.0,2.57,0.23,110.2,87.9,-2.34,-0.38,-2.34,0.94,0.94,0.94,0.0,-2.47,35.2,0,1,Tennessee Tech,2024,1703
Luke Rogers,Minnesota,WAC,PG,6-4,76,205,R-FR,2022,28,463.9211859344561,41.42153445843358,9.7,2.1,3.3,21.4,0.541,0.288,0.615,0.812,3.1,8.5,27.3,24.3,4.1,0.96,119.2,98.7,-3.91,-0.91,-3.91,0.7,0.7,0.79,0.09,-2.47,35.2,0,1,Vanderbilt,2022,1704
Omar Taylor,Mississippi State,Big Ten,SF,6-5,77,226,R-FR,2021,30,500.8422494538686,41.736854121155716,11.6,2.4,1.6,27.1,0.538,0.303,0.208,0.744,6.4,6.9,13.1,16.2,2.47,2.23,105.4,89.5,-2.55,-0.64,-2.55,1.0,1.0,0.86,-0.14,-2.47,35.2,0,1,Butler,2021,1705
Grant Young,Syracuse,SEC,F,6-6,78,196,FR,2021,26,404.73578224388945,38.916902138835525,4.8,5.8,0.4,16.3,0.616,0.186,0.3,0.507,13.7,18.5,3.3,8.7,0.57,1.88,101.7,101.2,-0.6,-0.12,-0.6,0.96,0.96,0.77,-0.19,-2.47,35.2,0,1,Rutgers,2021,1706
Jaylen Turner,San Diego State,OVC,SF,6-5,77,245,R-JR,2022,23,203.51572986393995,22.121274985210864,1.1,2.5,1.8,20.1,0.47,0.348,0.422,0.814,6.7,7.1,15.0,16.3,3.46,1.35,108.2,105.7,-1.3,-0.13,-1.3,0.69,0.69,0.94,0.25,-2.47,35.2,0,1,Mississippi State,2022,1707
Isaiah Lewis,Louisville,A-10,PF,6-8,80,199,R-JR,2022,27,359.74260007897453,33.30950000731246,1.3,5.1,1.4,19.6,0.491,0.185,0.0,0.727,9.1,19.3,12.1,13.8,3.68,7.45,110.3,99.5,-0.29,-0.05,-0.29,0.86,0.86,0.71,-0.15,-2.47,35.2,0,1,George Mason,2022,1708
Ryan White,Stanford,WCC,SF,6-7,79,230,R-JR,2021,33,346.2140745473099,26.22833898085681,4.5,4.2,2.0,15.6,0.528,0.284,0.607,0.635,6.2,17.4,16.7,11.0,1.18,3.37,102.2,95.4,0.15,0.03,0.15,0.82,0.82,1.0,0.18,-2.48,35.1,0,1,SMU,2021,1709
Blake Green,Butler,MVC,PG,6-6,78,212,R-FR,2023,25,370.00983662763184,37.00098366276318,3.4,1.0,3.2,22.6,0.492,0.381,0.193,0.678,2.3,3.2,27.0,19.1,2.0,1.74,115.1,110.4,-0.18,-0.03,-0.18,0.79,0.79,0.7,-0.09,-2.48,35.1,0,1,Texas,2023,1710
Darius Sanchez,Creighton,MAAC,SF,6-5,77,233,R-JR,2020,29,181.55909557770852,15.651646170492114,10.4,3.2,1.2,19.4,0.568,0.38,0.401,0.704,6.7,11.2,10.2,13.0,1.85,1.88,104.2,106.0,0.17,0.02,0.17,0.74,0.74,0.83,0.09,-2.48,35.1,0,1,Eastern Kentucky,2020,1711
Paul Carter,DePaul,ACC,SF,6-7,79,213,SR,2022,29,263.6865953143166,22.73160304433764,5.9,3.3,1.6,24.9,0.528,0.327,0.134,0.883,5.7,12.6,13.3,19.6,0.98,0.12,105.0,100.6,-1.74,-0.23,-1.74,0.94,0.94,0.7,-0.24,-2.49,35.1,0,1,Mississippi State,2022,1712
Jake Thompson,Georgia,ACC,SF,6-5,77,183,JR,2023,26,478.53542686739564,46.01302181417266,1.6,4.5,0.8,10.0,0.544,0.218,0.544,0.688,8.7,16.4,6.3,16.6,1.42,1.2,100.7,104.2,-0.14,-0.03,-0.14,0.94,0.94,0.74,-0.2,-2.5,35.0,0,1,Michigan State,2023,1713
Andrej Lopez,Oklahoma,Big East,F,6-7,79,187,R-SO,2020,35,357.4797619301095,25.534268709293535,1.9,5.8,0.9,16.4,0.511,0.255,0.234,0.79,10.8,21.3,7.5,15.8,2.21,0.96,94.9,101.9,-1.99,-0.36,-1.99,0.93,0.93,0.72,-0.21,-2.5,35.0,0,1,Alabama,2020,1714
Sam Rivera,Cincinnati,WAC,SF,6-5,77,164,R-FR,2021,21,225.18555760792316,26.807804477133715,9.4,2.5,1.5,18.1,0.524,0.382,0.472,0.749,3.6,10.4,12.5,16.6,3.58,2.05,103.8,96.6,-0.75,-0.08,-0.75,0.7,0.7,0.96,0.26,-2.5,35.0,0,1,William & Mary,2021,1715
Jordan Mitchell,Providence,Ivy,F,6-6,78,183,R-FR,2023,22,350.5415840746225,39.83427091757074,11.4,4.9,1.2,25.1,0.593,0.305,0.202,0.681,10.9,16.1,9.9,15.1,1.64,0.88,102.3,92.8,-3.42,-0.6,-3.42,0.71,0.71,0.69,-0.02,-2.51,34.9,0,1,Creighton,2023,1716
Chris Thompson,Belmont,WAC,SG,6-6,78,204,R-JR,2024,19,242.77187856600858,31.94366823236955,5.6,2.8,1.4,15.9,0.473,0.304,0.247,0.747,2.9,12.7,12.1,14.8,2.94,2.52,99.6,101.6,-1.6,-0.19,-1.6,0.7,0.7,0.86,0.16,-2.51,35.0,0,1,Houston,2024,1717
Owen Robinson,Tennessee Tech,AAC,SG,6-3,75,217,SO,2023,33,540.952205800408,40.981227712152126,4.6,2.1,2.1,16.8,0.547,0.294,0.278,0.78,1.3,10.7,17.2,19.0,3.26,2.04,99.2,102.3,-0.9,-0.24,-0.9,0.83,0.83,0.82,-0.01,-2.51,34.9,0,1,Cincinnati,2023,1718
Trevion Martin,Alabama,WAC,C,6-10,82,188,R-JR,2020,21,305.5428283645264,36.37414623387219,5.5,5.6,1.4,27.1,0.499,0.249,0.288,0.758,11.2,20.2,12.0,6.8,3.72,0.3,112.5,98.9,-1.36,-0.21,-1.36,0.7,0.7,0.76,0.06,-2.51,34.9,0,1,BYU,2020,1719
Andrej Edwards,Purdue,MAC,C,6-10,82,222,R-FR,2023,30,146.42632419629444,12.202193683024538,7.3,3.8,1.2,19.5,0.547,0.217,0.191,0.715,8.4,12.6,10.0,12.6,2.62,4.16,121.2,98.9,1.86,0.14,1.86,0.76,0.76,0.79,0.03,-2.52,34.9,0,1,Penn State,2023,1720
Malik Carter,Iowa State,WAC,PG,6-3,75,205,R-FR,2020,26,625.1552837091947,60.11108497203796,7.3,1.9,2.0,16.8,0.616,0.322,0.63,0.618,3.9,7.0,17.0,15.5,0.2,2.76,114.1,98.3,-1.91,-0.6,-1.91,0.7,0.7,0.86,0.16,-2.52,34.9,0,1,Louisville,2020,1721
Reed Collins,St. Bonaventure,A-10,SF,6-7,79,189,R-JR,2024,24,428.8021867506269,44.66689445319031,4.1,2.4,1.6,17.8,0.512,0.242,0.364,0.866,1.2,11.9,13.7,15.2,1.24,0.1,99.2,106.5,-3.25,-0.7,-3.25,0.86,0.86,1.0,0.14,-2.52,34.9,0,1,Florida State,2024,1722
Uriah Martinez,Butler,SEC,W,6-6,78,223,R-SO,2021,27,473.63698983401025,43.855276836482425,3.9,3.3,2.1,21.4,0.524,0.366,0.522,0.614,7.3,11.3,17.2,19.9,0.2,2.71,109.5,93.0,-1.52,-0.36,-1.52,0.96,0.96,0.96,0.0,-2.52,34.9,0,1,Arizona,2021,1723
Jaylen Anderson,Alabama,AAC,W,6-6,78,206,R-FR,2023,24,296.18901971973105,30.85302288747198,8.7,2.9,1.6,17.2,0.53,0.192,0.48,0.752,6.0,10.2,13.6,17.3,1.57,2.36,98.8,99.7,-1.28,-0.19,-1.28,0.83,0.83,0.71,-0.12,-2.53,34.8,0,1,Pittsburgh,2023,1724
Derek Brown,Alabama,ACC,W,6-7,79,228,JR,2021,26,225.96404707770625,21.727312219010216,12.4,3.5,1.7,24.3,0.579,0.279,0.488,0.651,6.9,12.7,13.8,12.0,0.65,0.99,118.1,101.7,-1.23,-0.14,-1.23,0.94,0.94,0.69,-0.25,-2.53,34.8,0,1,Purdue,2021,1725
Cade Parker,Alabama,Big 12,W,6-7,79,173,R-JR,2021,26,235.78197883092605,22.671344118358274,9.6,1.9,1.5,21.8,0.565,0.325,0.191,0.702,2.8,7.7,12.3,13.7,1.01,1.33,109.4,94.5,-1.06,-0.12,-1.06,0.98,0.98,0.79,-0.19,-2.53,34.8,0,1,Penn State,2021,1726
Todd Campbell,Duquesne,WAC,PF,6-7,79,184,R-JR,2020,30,352.4544519763808,29.371204331365067,1.0,4.8,1.9,20.3,0.528,0.24,0.417,0.605,10.0,16.4,16.0,8.8,1.46,2.08,113.1,91.0,-1.23,-0.22,-1.23,0.7,0.7,0.93,0.23,-2.53,34.8,0,1,Pittsburgh,2020,1727
Nathan Anderson,Wichita State,Sun Belt,SG,6-6,78,215,FR,2024,26,109.76235865699849,10.554072947788317,3.4,1.0,1.3,16.9,0.489,0.34,0.205,0.767,0.9,4.5,10.8,13.4,3.06,1.43,96.9,102.0,-1.7,-0.09,-1.7,0.72,0.72,0.86,0.14,-2.53,34.8,0,1,Iowa,2024,1728
Chris Martin,Houston,Big Ten,W,6-5,77,220,R-JR,2024,26,256.62774321523887,24.67574453992681,7.4,1.2,2.9,14.5,0.462,0.305,0.573,0.737,3.3,3.1,23.8,5.0,3.33,1.99,107.7,94.6,-0.41,-0.05,-0.41,1.0,1.0,0.93,-0.07,-2.54,34.8,0,1,BYU,2024,1729
Kofi Morris,Notre Dame,A-10,SG,6-5,77,219,R-JR,2021,31,417.9983388487831,33.70954345554703,13.6,2.5,1.7,31.3,0.554,0.207,0.31,0.776,2.0,11.7,13.8,14.5,1.93,0.98,106.7,100.2,-1.49,-0.31,-1.49,0.86,0.86,0.98,0.12,-2.54,34.7,0,1,Connecticut,2021,1730
Kofi Thomas,Florida,MAAC,F,6-6,78,207,R-FR,2021,37,275.18128563328094,18.59333011035682,5.5,6.2,1.5,16.8,0.502,0.283,0.021,0.618,14.2,20.3,12.7,10.4,2.9,1.64,104.4,118.1,-3.64,-0.5,-3.64,0.74,0.74,0.94,0.2,-2.54,34.8,0,1,San Diego State,2021,1731
Todd Walker,Iowa State,Sun Belt,SG,6-2,74,194,FR,2021,26,477.6194550006501,45.924947596216356,8.9,1.2,1.2,10.0,0.436,0.493,0.459,0.712,2.9,3.7,10.0,21.0,2.86,0.74,98.9,96.0,-4.28,-1.02,-4.28,0.72,0.72,0.74,0.02,-2.54,34.8,0,1,Murray State,2021,1732
Darius Wright,Davidson,CUSA,SG,6-3,75,205,JR,2022,19,266.5401768469091,35.07107590090909,10.0,1.6,1.4,21.4,0.551,0.331,0.434,0.663,1.6,7.3,11.7,22.7,3.11,0.53,127.3,96.4,-0.98,-0.13,-0.98,0.74,0.74,0.86,0.12,-2.54,34.7,0,1,Tennessee,2022,1733
Chris Garcia,Wichita State,MVC,F,6-7,79,185,R-FR,2023,37,459.03427427113377,31.015829342644174,4.3,1.5,1.2,17.6,0.479,0.326,0.054,0.765,2.2,5.9,10.3,8.6,1.63,2.38,114.6,91.5,-1.44,-0.33,-1.44,0.79,0.79,0.79,0.0,-2.54,34.8,0,1,Kansas,2023,1734
Elijah Lewis,Indiana,WAC,SG,6-2,74,188,R-FR,2021,19,286.3048780622639,37.671694481876834,8.9,1.4,2.4,23.3,0.45,0.44,0.418,0.625,0.8,6.9,20.3,16.1,0.96,1.86,120.5,106.3,0.52,0.07,0.52,0.7,0.7,0.71,0.01,-2.54,34.7,0,1,Boise State,2021,1735
Omar Harris,Pittsburgh,MAAC,SF,6-6,78,206,R-JR,2022,31,399.48729076260645,32.216716996984395,10.7,3.3,1.7,21.1,0.538,0.299,0.517,0.792,5.7,12.4,13.9,15.3,2.73,0.1,107.0,91.4,-1.67,-0.33,-1.67,0.74,0.74,0.76,0.02,-2.54,34.8,0,1,Eastern Kentucky,2022,1736
Chris Adams,Davidson,WCC,F,6-10,82,207,SO,2024,27,352.20155979012566,32.61125553612275,12.1,5.9,0.5,24.6,0.518,0.301,0.153,0.742,14.4,18.6,4.1,7.4,1.92,0.36,91.2,97.0,0.28,0.05,0.28,0.82,0.82,0.98,0.16,-2.54,34.7,0,1,BYU,2024,1737
Flynn Green,George Mason,CAA,SF,6-5,77,204,R-FR,2022,29,444.9034105809475,38.35374229146099,11.8,2.8,2.0,23.7,0.545,0.294,0.49,0.831,5.0,10.7,16.4,11.4,0.88,2.65,107.3,99.0,-1.93,-0.43,-1.93,0.77,0.77,0.82,0.05,-2.54,34.8,0,1,Mississippi State,2022,1738
Jaylen Rivera,Oregon,MAC,PG,6-2,74,186,R-FR,2022,25,530.9994337302618,53.099943373026186,3.1,1.6,1.7,16.7,0.539,0.341,0.184,0.623,1.2,7.6,13.8,7.0,0.83,1.33,104.4,95.5,-1.13,-0.3,-1.13,0.76,0.76,0.96,0.2,-2.55,34.7,0,1,Davidson,2022,1739
Vince Murphy,Vanderbilt,WCC,SF,6-6,78,188,R-JR,2024,30,110.35767338532709,9.196472782110591,5.4,4.2,2.0,23.6,0.458,0.369,0.325,0.723,6.3,17.1,16.4,10.1,0.44,2.88,98.7,91.8,-1.89,-0.1,-1.89,0.82,0.82,0.82,0.0,-2.55,34.7,0,1,Richmond,2024,1740
Paul Morgan,Xavier,Big Ten,F,6-7,79,173,SR,2022,27,293.8829276443222,27.211382189289093,6.5,5.4,1.1,16.5,0.45,0.336,0.103,0.677,10.6,19.2,9.0,11.1,3.01,0.83,111.5,96.3,-0.24,-0.03,-0.24,1.0,1.0,0.94,-0.06,-2.55,34.7,0,1,Miami,2022,1741
Coleman Clark,Miami,CUSA,SF,6-4,76,191,R-FR,2022,37,156.93452156038683,10.603683889215326,5.1,4.1,1.8,21.7,0.453,0.277,0.565,0.855,4.5,18.2,15.3,12.8,1.11,0.73,116.3,94.4,-0.28,-0.02,-0.28,0.74,0.74,0.96,0.22,-2.55,34.7,0,1,Clemson,2022,1742
Flynn Walker,Penn State,MVC,PF,6-11,83,188,R-JR,2024,37,396.4712190975997,26.788595884972956,1.0,3.9,0.6,18.0,0.521,0.265,0.129,0.69,9.3,12.4,4.9,14.7,2.71,0.56,114.6,103.9,-0.62,-0.12,-0.62,0.79,0.79,0.74,-0.05,-2.55,34.7,0,1,Duke,2024,1743
Jordan Sanchez,Baylor,SEC,W,6-3,75,212,R-FR,2020,35,374.10671993096514,26.72190856649751,5.5,3.1,0.9,17.0,0.632,0.235,0.175,0.625,6.0,11.0,7.7,21.1,2.86,3.26,98.2,105.8,-0.55,-0.1,-0.55,0.96,0.96,0.74,-0.22,-2.55,34.7,0,1,Georgetown,2020,1744
Sam Bailey,San Diego State,SEC,C,6-11,83,205,R-SO,2020,26,172.50365309120156,16.58688972030784,9.4,4.7,1.1,26.9,0.477,0.273,0.36,0.706,8.6,17.6,9.0,18.0,0.2,0.3,105.2,98.2,0.56,0.05,0.56,0.96,0.96,0.74,-0.22,-2.56,34.6,0,1,James Madison,2020,1745
Damian Reed,Xavier,WCC,SF,6-5,77,190,FR,2024,34,633.7075243977013,46.59614149983098,1.0,4.5,0.9,23.0,0.415,0.315,0.191,0.671,7.3,17.8,7.3,16.5,4.17,3.33,80.7,111.8,-0.34,-0.11,-0.34,0.82,0.82,0.69,-0.13,-2.56,34.7,0,1,UNLV,2024,1746
Isaiah Baker,Austin Peay,ACC,SF,6-5,77,190,R-JR,2021,30,348.7127674352371,29.059397286269757,2.9,4.0,1.0,24.0,0.468,0.353,0.537,0.668,5.6,16.4,8.2,18.9,1.94,2.28,115.9,97.2,-1.11,-0.19,-1.11,0.94,0.94,0.77,-0.17,-2.56,34.6,0,1,Michigan,2021,1747
Eric Nelson,Duquesne,A-10,W,6-6,78,218,SR,2020,26,247.78936596014654,23.825900573091012,3.2,1.8,1.9,23.1,0.559,0.234,0.221,0.772,2.2,7.8,15.6,17.8,3.02,0.1,108.8,96.1,-1.66,-0.21,-1.66,0.86,0.86,0.74,-0.12,-2.56,34.6,0,1,William & Mary,2020,1748
Isaiah Green,Richmond,OVC,PG,6-3,75,191,R-JR,2023,32,773.6565973503166,60.44192166799348,6.2,3.0,3.6,18.9,0.494,0.338,0.077,0.702,3.4,13.3,29.6,27.6,3.88,2.89,110.1,101.3,-4.05,-1.56,-4.05,0.69,0.69,0.72,0.03,-2.57,34.6,0,1,Murray State,2023,1749
Jaylen Roberts,Maryland,Sun Belt,F,6-9,81,181,R-JR,2020,16,325.60649075640595,50.876014180688436,4.7,5.7,1.7,16.8,0.521,0.273,0.131,0.786,8.7,23.1,14.1,12.1,1.84,1.88,115.0,92.2,0.11,0.02,0.11,0.72,0.72,0.71,-0.01,-2.57,34.6,0,1,Wake Forest,2020,1750
Owen Carter,Belmont,CUSA,W,6-4,76,195,JR,2020,22,186.1356642348977,21.15178002669292,11.1,2.0,2.8,24.4,0.612,0.214,0.153,0.688,4.3,6.7,23.7,15.3,2.67,0.81,118.0,96.8,-0.1,-0.01,-0.1,0.74,0.74,0.98,0.24,-2.57,34.6,0,1,Marquette,2020,1751
Xavier Gonzalez,Nebraska,SEC,G,6-2,74,178,R-JR,2023,16,185.25704181707204,28.946412783917506,11.4,1.5,2.8,24.2,0.503,0.357,0.392,0.679,1.9,6.5,23.6,10.2,3.66,0.76,114.5,98.6,-3.1,-0.29,-3.1,0.96,0.96,1.0,0.04,-2.57,34.6,0,1,UCLA,2023,1752
Luka Scott,North Carolina,CUSA,PF,6-7,79,185,SO,2020,33,301.71107368227854,22.856899521384737,4.4,3.8,1.4,13.8,0.522,0.25,0.323,0.681,6.3,14.9,11.6,18.1,0.2,11.5,112.1,102.5,-2.29,-0.35,-2.29,0.74,0.74,0.82,0.08,-2.58,34.5,0,1,Oklahoma,2020,1753
Nathan Roberts,Mississippi State,AAC,C,7-0,84,216,JR,2023,37,693.3286684779188,46.846531653913424,2.7,5.4,0.8,10.0,0.519,0.328,0.053,0.64,10.7,19.3,7.0,9.7,2.33,3.48,101.5,96.7,-0.51,-0.18,-0.51,0.83,0.83,0.74,-0.09,-2.58,34.5,0,1,Ohio State,2023,1754
Todd Clark,Dayton,Ivy,C,6-11,83,217,JR,2021,26,83.2,8.0,8.2,5.0,1.2,18.6,0.567,0.289,0.206,0.728,5.7,21.8,10.0,8.0,1.73,0.97,113.1,102.1,0.26,0.01,0.26,0.71,0.71,0.7,-0.01,-2.58,34.5,0,1,William & Mary,2021,1755
Kyle Cook,Florida State,Ivy,SF,6-6,78,199,R-FR,2023,25,450.48475828758916,45.04847582875892,5.7,2.8,1.0,10.1,0.549,0.294,0.727,0.755,7.0,8.7,8.5,12.9,2.13,3.41,119.1,99.8,-1.67,-0.38,-1.67,0.71,0.71,0.74,0.03,-2.58,34.5,0,1,Georgetown,2023,1756
Will Reed,Boise State,Horizon,SF,6-4,76,173,R-JR,2024,34,786.8859078390905,57.859257929344885,4.7,3.4,0.5,22.8,0.528,0.297,0.416,0.767,7.4,11.5,3.9,7.9,2.68,0.99,115.9,91.9,1.75,0.69,1.75,0.71,0.71,0.94,0.23,-2.58,34.5,0,1,Villanova,2024,1757
Chris Moore,LSU,SEC,W,6-8,80,196,R-JR,2021,20,235.63001340437066,29.45375167554633,5.1,3.9,1.3,23.3,0.478,0.32,0.432,0.804,8.3,13.6,11.2,14.7,2.44,0.86,112.6,93.3,-1.01,-0.12,-1.01,0.96,0.96,0.7,-0.26,-2.59,34.4,0,1,Stanford,2021,1758
Alex Rogers,Murray State,OVC,W,6-7,79,204,FR,2021,20,181.21548195328532,22.651935244160665,1.1,3.0,1.7,20.0,0.361,0.329,0.345,0.755,7.4,9.3,14.3,13.5,2.2,2.99,110.5,105.5,-3.7,-0.34,-3.7,0.69,0.69,0.86,0.17,-2.59,34.5,0,1,Pittsburgh,2021,1759
DeShawn Green,Georgetown,Big Ten,PG,6-0,72,214,R-FR,2023,20,100.60339150294199,12.575423937867749,2.6,0.9,2.9,16.4,0.514,0.351,0.061,0.743,2.0,2.7,24.5,20.5,1.39,2.15,99.4,84.2,-1.96,-0.1,-1.96,1.0,1.0,0.72,-0.28,-2.59,34.5,0,1,William & Mary,2023,1760
Wade Bell,Davidson,AAC,SG,6-3,75,209,JR,2021,32,143.3585805875523,11.199889108402521,5.4,1.9,2.1,21.4,0.518,0.334,0.551,0.727,4.0,6.5,17.1,20.5,3.87,0.1,112.1,90.1,-1.77,-0.13,-1.77,0.83,0.83,1.0,0.17,-2.59,34.5,0,1,Maryland,2021,1761
Tanner Sanchez,Fordham,Big Ten,SF,6-6,78,207,R-FR,2021,35,594.5402740370544,42.46716243121816,2.8,2.2,1.3,19.5,0.504,0.307,0.678,0.69,4.9,7.5,11.2,12.2,3.3,1.2,107.2,102.6,-1.64,-0.49,-1.64,1.0,1.0,0.79,-0.21,-2.6,34.4,0,1,Illinois,2021,1762
Jordan Brown,North Carolina,CAA,SF,6-8,80,195,R-JR,2020,29,310.8583727036899,26.798135577904304,5.5,3.0,1.0,14.2,0.489,0.456,0.299,0.727,1.7,14.9,8.0,20.7,4.0,2.07,110.7,97.8,-1.97,-0.31,-1.97,0.77,0.77,1.0,0.23,-2.6,34.4,0,1,William & Mary,2020,1763
Paul Anderson,Villanova,CUSA,PG,6-3,75,177,JR,2022,24,251.01843537906143,26.1477536853189,4.0,1.3,2.5,18.1,0.616,0.437,0.256,0.702,1.8,5.6,20.7,26.3,3.49,1.52,101.4,101.0,-1.24,-0.16,-1.24,0.74,0.74,1.0,0.26,-2.6,34.4,0,1,Georgetown,2022,1764
Isaiah Moore,UCLA,Ivy,SG,6-4,76,194,R-FR,2024,32,541.8248382993794,42.33006549213901,1.0,1.2,1.0,12.4,0.532,0.212,0.304,0.622,2.4,4.5,8.2,5.8,0.8,1.03,105.7,105.3,-3.02,-0.82,-3.02,0.71,0.71,0.96,0.25,-2.6,34.4,0,1,Davidson,2024,1765
Andre Lopez,Arizona,Sun Belt,SF,6-4,76,220,JR,2024,24,430.8421700109124,44.87939270947004,11.6,1.7,2.3,24.1,0.566,0.382,0.616,0.699,6.3,3.0,19.6,18.1,3.56,0.56,119.0,105.2,-1.68,-0.36,-1.68,0.72,0.72,0.82,0.1,-2.6,34.4,0,1,Baylor,2024,1766
Kevin Clark,Penn State,Horizon,G,6-4,76,192,FR,2023,37,208.95246562351792,14.118409839426887,10.2,2.1,2.8,19.4,0.575,0.347,0.323,0.731,1.4,10.1,23.3,13.1,2.63,1.87,105.8,96.6,0.38,0.04,0.38,0.71,0.71,0.86,0.15,-2.6,34.4,0,1,Alabama,2023,1767
Victor Rogers,Florida,Big East,SF,6-3,75,190,R-FR,2024,23,260.34204999483336,28.29804891248189,5.6,3.4,2.0,19.7,0.553,0.374,0.376,0.697,10.7,8.1,16.4,17.1,3.32,0.47,114.7,95.8,-0.64,-0.08,-0.64,0.93,0.93,0.71,-0.22,-2.6,34.4,0,1,Hofstra,2024,1768
Tanner Allen,Cincinnati,WAC,PG,6-2,74,199,JR,2024,32,239.70218332548907,18.726733072303833,4.6,2.1,2.8,14.8,0.571,0.376,0.478,0.594,2.4,9.0,23.1,9.4,2.33,2.14,124.1,95.2,-1.73,-0.21,-1.73,0.7,0.7,0.71,0.01,-2.61,34.3,0,1,Xavier,2024,1769
Eric Moore,Tulsa,Big Ten,SF,6-5,77,191,R-FR,2023,27,86.4,8.0,5.7,3.2,2.9,19.3,0.491,0.307,0.401,0.873,4.7,13.2,24.0,11.8,4.01,1.51,124.1,102.5,-0.47,-0.02,-0.47,1.0,1.0,0.93,-0.07,-2.61,34.3,0,1,Pittsburgh,2023,1770
Darius Roberts,Auburn,CUSA,F,6-5,77,205,JR,2024,28,378.30456148236743,33.77719298949709,9.6,6.3,1.2,26.5,0.521,0.283,0.113,0.714,11.3,23.9,9.9,12.8,3.19,0.1,111.1,95.5,0.27,0.05,0.27,0.74,0.74,0.96,0.22,-2.61,34.4,0,1,Wake Forest,2024,1771
Eric Sanchez,Villanova,MAC,SG,6-4,76,176,FR,2022,36,115.19999999999999,8.0,10.1,2.6,0.9,32.2,0.519,0.29,0.185,0.829,2.9,11.7,7.9,9.0,1.17,0.1,106.2,87.7,-0.85,-0.05,-0.85,0.76,0.76,0.71,-0.05,-2.61,34.4,0,1,James Madison,2022,1772
Jake Johnson,Mississippi State,Sun Belt,PF,6-8,80,180,SO,2021,28,207.61451182689981,18.537009984544625,4.8,6.0,0.7,21.8,0.564,0.376,0.11,0.729,9.8,23.8,6.1,14.8,1.34,3.08,108.4,101.8,-2.22,-0.23,-2.22,0.72,0.72,1.0,0.28,-2.61,34.3,0,1,Miami,2021,1773
Max Rogers,Saint Louis,SEC,F,6-5,77,222,R-JR,2022,30,494.98173620620463,41.24847801718372,10.5,4.3,0.5,20.8,0.61,0.385,0.267,0.665,5.1,18.8,3.8,11.2,2.05,2.68,106.5,100.8,-1.67,-0.41,-1.67,0.96,0.96,0.72,-0.24,-2.62,34.3,0,1,Iowa,2022,1774
Blake King,Georgia,SEC,PF,6-8,80,208,FR,2021,19,218.88045047596253,28.800059273152964,2.8,4.3,1.3,18.1,0.451,0.364,0.361,0.759,8.5,15.1,10.6,18.2,2.34,3.34,107.7,96.6,-0.91,-0.1,-0.91,0.96,0.96,0.76,-0.2,-2.62,34.3,0,1,Wichita State,2021,1775
Chris Martinez,Air Force,ACC,C,6-9,81,174,SR,2021,28,241.08550496270124,21.525491514526895,2.3,5.1,1.0,18.8,0.599,0.329,0.0,0.722,12.1,16.0,8.4,17.1,1.84,5.61,105.6,97.8,-1.63,-0.2,-1.63,0.94,0.94,0.77,-0.17,-2.62,34.3,0,1,George Mason,2021,1776
Tanner Martin,St. John's,WAC,PF,6-10,82,206,SO,2024,36,234.60039847462312,16.291694338515494,4.5,4.4,0.4,25.2,0.391,0.188,0.153,0.719,7.5,16.7,3.2,17.0,0.97,1.42,107.0,95.0,-0.83,-0.1,-0.83,0.7,0.7,0.93,0.23,-2.63,34.2,0,1,Cincinnati,2024,1777
Reed Cooper,UNLV,Horizon,C,6-11,83,222,JR,2021,33,534.8358119703081,40.51786454320516,3.1,4.8,0.6,18.6,0.54,0.302,0.0,0.622,11.5,15.2,4.7,13.3,1.72,5.76,125.9,98.5,-1.59,-0.43,-1.59,0.71,0.71,0.96,0.25,-2.63,34.2,0,1,Creighton,2021,1778
Patrick Phillips,SMU,Ivy,SF,6-7,79,221,R-FR,2022,32,550.5210111738741,43.00945399795891,5.7,3.6,2.0,17.0,0.561,0.317,0.284,0.79,6.3,13.6,16.9,8.4,3.08,0.96,107.6,94.1,-0.55,-0.15,-0.55,0.71,0.71,0.94,0.23,-2.63,34.2,0,1,Villanova,2022,1779
Blake Wilson,Nevada,Big 12,SF,6-4,76,210,R-JR,2021,28,283.8544625941503,25.344148445906274,6.8,2.6,1.8,23.4,0.538,0.3,0.144,0.814,6.5,8.2,15.4,18.3,3.93,1.75,119.2,90.8,-0.5,-0.07,-0.5,0.98,0.98,0.71,-0.27,-2.63,34.2,0,1,Duquesne,2021,1780
Zach Stewart,Wake Forest,MAAC,C,6-9,81,209,FR,2024,32,410.6018877304729,32.0782724789432,9.9,3.4,1.2,25.3,0.532,0.371,0.117,0.846,7.1,11.5,9.9,14.0,4.17,6.64,120.9,106.6,-2.14,-0.44,-2.14,0.74,0.74,0.74,0.0,-2.64,34.2,0,1,BYU,2024,1781
Mike Adams,James Madison,A-10,PF,6-8,80,194,R-FR,2021,22,385.008245528016,43.750936991820005,2.5,5.7,2.1,18.2,0.474,0.418,0.407,0.549,4.2,27.4,17.7,13.7,2.34,4.34,107.7,91.1,0.66,0.13,0.66,0.86,0.86,0.77,-0.09,-2.64,34.2,0,1,Utah State,2021,1782
Malik Wilson,DePaul,OVC,SF,6-2,74,207,R-JR,2024,28,458.66176558573585,40.95194335586927,5.1,3.0,2.9,13.1,0.501,0.236,0.344,0.684,3.6,13.0,24.3,20.4,2.28,1.62,115.6,101.1,0.22,0.05,0.22,0.69,0.69,0.83,0.14,-2.64,34.2,0,1,Eastern Kentucky,2024,1783
Kyle Bailey,Austin Peay,Sun Belt,SF,6-6,78,184,R-JR,2022,28,379.3326846781528,33.8689897034065,6.4,4.2,1.6,16.6,0.452,0.381,0.501,0.78,4.4,18.7,13.1,15.8,4.98,0.99,114.8,90.0,-2.41,-0.46,-2.41,0.72,0.72,1.0,0.28,-2.65,34.1,0,1,Miami,2022,1784
Quinn Hall,LSU,CAA,SF,6-6,78,236,R-FR,2024,27,360.32256401769354,33.36320037200866,2.7,3.4,2.0,20.3,0.421,0.335,0.28,0.619,6.1,12.6,16.5,22.4,2.81,0.81,118.7,97.6,-2.69,-0.48,-2.69,0.77,0.77,0.7,-0.07,-2.65,34.1,0,1,Austin Peay,2024,1785
Kevin Bell,Saint Mary's,MAC,PF,7-0,84,222,R-JR,2023,26,495.6134869323227,47.65514297426179,11.2,4.5,0.8,26.8,0.56,0.385,0.311,0.68,13.2,11.6,6.4,4.0,1.95,3.46,107.4,97.6,-2.11,-0.52,-2.11,0.76,0.76,1.0,0.24,-2.65,34.1,0,1,Tennessee,2023,1786
Zach Green,North Carolina,Big Ten,SF,6-5,77,193,R-JR,2020,37,241.89102340789884,16.34398806810127,8.4,3.2,2.4,24.0,0.487,0.308,0.581,0.817,4.7,13.1,20.4,15.2,1.28,1.57,103.8,98.9,-2.21,-0.27,-2.21,1.0,1.0,0.83,-0.17,-2.65,34.1,0,1,Oklahoma,2020,1787
Cole Johnson,Syracuse,CAA,C,6-10,82,177,R-JR,2023,37,400.5892068357687,27.066838299714103,15.7,4.1,1.0,27.8,0.458,0.256,0.147,0.624,8.9,13.6,8.1,7.6,0.2,3.93,119.6,100.4,-1.48,-0.3,-1.48,0.77,0.77,0.76,-0.01,-2.65,34.1,0,1,Eastern Kentucky,2023,1788
Todd Sanchez,Virginia,WAC,C,7-1,85,183,R-SO,2020,29,309.0485658627931,26.642117746792508,1.0,5.2,0.9,14.6,0.525,0.291,0.212,0.927,15.1,13.7,7.9,6.9,1.61,5.29,120.1,94.8,-2.34,-0.36,-2.34,0.7,0.7,1.0,0.3,-2.65,34.1,0,1,George Mason,2020,1789
Marcus Morgan,Syracuse,Big East,PF,6-8,80,203,R-JR,2020,23,253.34865513622816,27.5378972974161,5.2,5.5,0.4,17.3,0.433,0.24,0.125,0.659,14.5,16.1,3.7,12.1,1.82,9.15,111.0,103.7,-1.69,-0.21,-1.69,0.93,0.93,1.0,0.07,-2.66,34.0,0,1,Penn State,2020,1790
Cole Cooper,Belmont,Horizon,F,6-5,77,199,SR,2021,35,466.4712013918321,33.319371527988004,7.0,5.9,1.4,14.0,0.537,0.213,0.066,0.648,9.0,23.9,11.5,16.4,2.61,1.08,99.6,102.9,-0.48,-0.11,-0.48,0.71,0.71,0.93,0.22,-2.66,34.0,0,1,Hofstra,2021,1791
Luka Martin,UNLV,Big 12,PF,6-8,80,208,R-JR,2020,32,652.6341852856489,50.98704572544131,6.8,4.8,1.6,20.7,0.542,0.313,0.059,0.777,4.6,22.2,13.7,12.7,2.02,5.5,88.0,99.9,-0.23,-0.07,-0.23,0.98,0.98,0.72,-0.26,-2.66,34.1,0,1,Xavier,2020,1792
Jake Bailey,Villanova,ACC,G,6-4,76,190,R-JR,2023,34,669.6369512619069,49.23801112219904,8.6,1.9,1.9,20.8,0.574,0.285,0.336,0.599,0.2,10.3,16.1,8.1,2.32,2.31,116.5,92.3,-1.56,-0.52,-1.56,0.94,0.94,0.71,-0.23,-2.66,34.1,0,1,North Carolina,2023,1793
Paul Hall,Baylor,CAA,SG,6-4,76,181,R-SO,2024,23,73.60000000000001,8.0,6.8,0.6,1.8,17.6,0.541,0.32,0.05,0.575,0.7,2.7,14.7,14.2,3.0,2.77,121.8,101.0,-1.23,-0.05,-1.23,0.77,0.77,0.79,0.02,-2.66,34.1,0,1,Connecticut,2024,1794
Luka Allen,Air Force,AAC,G,6-3,75,201,R-FR,2023,34,272.6502478036567,20.04781233850417,5.6,1.2,2.1,21.4,0.534,0.389,0.472,0.676,3.9,2.9,17.3,17.5,2.75,1.18,96.4,87.1,-1.48,-0.2,-1.48,0.83,0.83,0.72,-0.11,-2.67,34.0,0,1,Louisville,2023,1795
Tanner Baker,Iowa,Horizon,SG,6-3,75,240,R-JR,2022,37,340.0094950663203,22.973614531508133,9.8,0.9,1.6,23.6,0.545,0.284,0.23,0.703,2.8,2.4,13.1,14.1,1.98,0.69,106.6,98.1,-0.85,-0.14,-0.85,0.71,0.71,0.71,0.0,-2.67,34.0,0,1,Ohio State,2022,1796
Malik Young,Wisconsin,OVC,PG,5-11,71,224,R-JR,2022,24,353.03999857605265,36.77499985167215,8.1,1.5,2.5,17.1,0.419,0.317,0.285,0.929,0.2,8.2,21.1,16.8,0.26,1.46,109.8,103.5,-1.5,-0.26,-1.5,0.69,0.69,0.77,0.08,-2.68,33.9,0,1,Virginia,2022,1797
Luke Thompson,William & Mary,AAC,PF,6-7,79,194,JR,2021,37,536.0857939494108,36.22201310468992,6.6,3.9,1.7,10.1,0.532,0.292,0.1,0.825,11.9,10.1,14.4,15.3,1.88,4.3,121.8,86.9,-0.25,-0.07,-0.25,0.83,0.83,0.71,-0.12,-2.68,33.9,0,1,Xavier,2021,1798
Kyle Williams,Texas,AAC,PG,6-3,75,214,R-FR,2023,27,221.6458583685895,20.522764663758288,7.8,1.0,2.3,18.9,0.557,0.308,0.35,0.586,3.1,2.6,18.9,21.8,2.5,2.09,110.6,105.7,0.63,0.07,0.63,0.83,0.83,0.74,-0.09,-2.68,33.9,0,1,USC,2023,1799
Uriah King,Iowa,Ivy,C,7-0,84,209,FR,2024,32,577.5477735800489,45.120919810941324,1.5,4.3,2.0,16.0,0.461,0.176,0.207,0.764,7.0,16.8,16.6,15.3,3.55,0.3,113.6,100.7,-4.38,-1.26,-4.38,0.71,0.71,1.0,0.29,-2.68,33.9,0,1,Tennessee Tech,2024,1800
Marcus Robinson,Tulsa,Sun Belt,SF,6-6,78,245,R-FR,2024,27,340.08374559678595,31.489235703406106,6.3,3.2,1.5,26.0,0.52,0.288,0.456,0.697,6.5,11.2,12.2,16.1,0.82,2.89,111.3,95.8,-0.21,-0.04,-0.21,0.72,0.72,0.82,0.1,-2.68,33.9,0,1,Fordham,2024,1801
Chris Clark,Davidson,SEC,W,6-4,76,206,FR,2021,22,205.66235846816198,23.370722553200224,3.6,2.9,2.3,22.5,0.548,0.284,0.296,0.567,5.7,10.2,18.9,13.9,1.43,1.51,108.5,93.5,-0.96,-0.1,-0.96,0.96,0.96,0.98,0.02,-2.69,33.9,0,1,William & Mary,2021,1802
Sam Hall,Notre Dame,MAC,G,6-0,72,190,FR,2021,28,179.50232100311507,16.026992946706702,3.9,3.1,1.8,13.4,0.504,0.409,0.644,0.792,3.8,13.3,14.7,12.7,1.79,1.8,107.7,92.8,-1.9,-0.17,-1.9,0.76,0.76,0.86,0.1,-2.69,33.9,0,1,Air Force,2021,1803
Marcus Turner,Maryland,MAC,F,6-8,80,201,R-FR,2021,26,385.0058908443478,37.0197971965719,6.9,5.2,1.2,21.0,0.561,0.374,0.294,0.72,13.7,15.3,9.8,12.6,2.64,0.98,112.5,95.7,-3.05,-0.59,-3.05,0.76,0.76,0.69,-0.07,-2.69,33.9,0,1,Alabama,2021,1804
Chris Nelson,Illinois,Ivy,G,6-1,73,211,R-FR,2021,28,192.3625568073919,17.175228286374278,2.7,1.6,2.2,20.1,0.489,0.321,0.074,0.801,2.4,6.5,18.1,19.8,1.31,0.1,113.0,102.3,-2.29,-0.22,-2.29,0.71,0.71,0.74,0.03,-2.69,33.9,0,1,Duke,2021,1805
Jalen Wilson,Duquesne,AAC,PF,6-7,79,199,SR,2020,29,294.49324985157665,25.387349125135916,9.7,5.5,0.8,26.9,0.462,0.262,0.332,0.637,5.9,24.6,6.5,6.5,1.16,6.64,115.3,94.1,-1.95,-0.29,-1.95,0.83,0.83,0.79,-0.04,-2.69,33.9,0,1,Boston College,2020,1806
Tyler Lee,San Diego State,Sun Belt,PG,6-3,75,181,R-FR,2022,28,184.43323684535358,16.46725328976371,15.2,1.4,2.8,19.8,0.431,0.34,0.313,0.606,4.0,4.0,23.2,21.6,2.36,2.73,99.5,94.4,-3.37,-0.31,-3.37,0.72,0.72,0.96,0.24,-2.69,33.8,0,1,Alabama,2022,1807
Henry Gonzalez,SMU,AAC,SG,6-3,75,196,JR,2021,34,527.7535723646819,38.8054097326972,4.6,1.9,1.7,16.0,0.497,0.254,0.421,0.826,2.4,8.1,14.0,15.0,3.2,3.42,113.9,102.1,-2.28,-0.6,-2.28,0.83,0.83,0.79,-0.04,-2.69,33.9,0,1,Utah State,2021,1808
Zach Sanchez,LSU,Big 12,SG,6-3,75,202,R-FR,2024,34,724.5835445049876,53.27820180183733,6.2,0.8,1.6,28.4,0.46,0.306,0.537,0.706,1.9,2.6,13.1,7.8,3.17,3.02,102.8,99.9,-3.48,-1.26,-3.48,0.98,0.98,0.76,-0.22,-2.69,33.9,0,1,James Madison,2024,1809
Jaylen Parker,Duke,WAC,SF,6-8,80,187,R-FR,2020,32,664.9293120400317,51.94760250312748,2.4,3.4,1.5,18.4,0.532,0.353,0.377,0.64,5.8,13.1,12.1,17.6,3.49,2.47,108.4,103.7,-1.06,-0.35,-1.06,0.7,0.7,0.98,0.28,-2.7,33.8,0,1,Wichita State,2020,1810
Darius Young,Saint Louis,A-10,G,6-1,73,196,R-JR,2022,28,89.60000000000001,8.0,5.7,1.5,2.7,19.7,0.603,0.404,0.54,0.777,2.2,6.0,22.8,12.1,3.01,1.08,110.6,97.3,-1.56,-0.07,-1.56,0.86,0.86,0.77,-0.09,-2.7,33.8,0,1,Xavier,2022,1811
Cade Taylor,Nebraska,Horizon,C,6-10,82,189,R-JR,2022,31,440.7653021688782,35.54558888458695,7.1,6.5,1.3,20.3,0.478,0.241,0.106,0.599,12.9,23.3,11.1,18.9,2.01,12.08,107.7,100.7,-1.36,-0.3,-1.36,0.71,0.71,0.98,0.27,-2.7,33.8,0,1,Rutgers,2022,1812
Ben Perez,Oklahoma,MVC,PF,7-0,84,208,SO,2024,36,331.9226190486756,23.050181878380247,4.2,4.5,0.7,10.2,0.481,0.48,0.119,0.676,7.1,18.1,6.0,17.2,2.0,1.89,86.7,105.4,-3.01,-0.5,-3.01,0.79,0.79,0.69,-0.1,-2.7,33.8,0,1,Vanderbilt,2024,1813
Tyrese Williams,TCU,Horizon,G,6-2,74,224,JR,2022,25,256.9308555126797,25.69308555126797,1.0,1.4,3.3,26.6,0.484,0.336,0.361,0.642,1.9,6.1,27.4,14.2,0.2,1.56,107.4,95.6,0.85,0.11,0.85,0.71,0.71,0.7,-0.01,-2.7,33.8,0,1,Memphis,2022,1814
Jaylen Jackson,Florida State,Big 12,F,6-7,79,208,JR,2020,25,208.51985659883928,20.85198565988393,11.5,5.8,1.2,28.4,0.549,0.311,0.165,0.698,12.5,19.9,9.8,12.9,0.77,1.89,104.0,100.4,-0.89,-0.09,-0.89,0.98,0.98,0.82,-0.16,-2.7,33.8,0,1,Memphis,2020,1815
Will Thompson,Richmond,CUSA,F,6-7,79,171,R-SO,2022,29,355.7269939962164,30.666120172087616,4.2,5.4,0.9,16.5,0.408,0.296,0.349,0.776,6.9,23.0,7.7,4.0,3.64,1.96,109.7,99.1,-1.64,-0.29,-1.64,0.74,0.74,0.7,-0.04,-2.7,33.8,0,1,Maryland,2022,1816
Blake Edwards,Pittsburgh,Big East,PG,6-0,72,186,FR,2021,34,399.3569422505426,29.364481047834015,4.1,1.7,3.7,19.9,0.582,0.286,0.519,0.612,0.2,9.5,30.5,16.0,2.6,1.08,117.4,104.9,-0.77,-0.15,-0.77,0.93,0.93,0.94,0.01,-2.7,33.8,0,1,Vanderbilt,2021,1817
Paul Sanchez,Minnesota,OVC,C,6-11,83,210,FR,2020,26,237.32159430005382,22.819384067312868,8.1,2.7,0.6,17.8,0.567,0.204,0.0,0.631,4.7,10.6,4.7,8.5,1.14,7.96,98.1,102.7,-0.34,-0.04,-0.34,0.69,0.69,0.93,0.24,-2.71,33.7,0,1,Marquette,2020,1818
Tyrese Wilson,James Madison,OVC,G,6-3,75,206,R-JR,2024,31,515.3509468417756,41.560560229175444,5.1,2.7,2.6,19.4,0.49,0.288,0.41,0.628,3.2,11.6,22.0,15.3,2.69,2.53,103.8,99.9,-0.5,-0.13,-0.5,0.69,0.69,0.79,0.1,-2.71,33.8,0,1,Auburn,2024,1819
Cole Walker,Florida,Big Ten,PG,6-1,73,198,R-FR,2023,26,207.5309258921928,19.954896720403156,10.9,2.5,2.0,20.9,0.438,0.339,0.189,0.703,2.1,11.7,17.0,20.4,0.73,1.58,111.6,100.4,-2.34,-0.24,-2.34,1.0,1.0,0.86,-0.14,-2.72,33.7,0,1,Dayton,2023,1820
Ben Clark,Northwestern,CUSA,G,6-2,74,201,SR,2021,35,366.70505216658125,26.19321801189866,7.6,1.6,3.7,21.8,0.504,0.317,0.318,0.621,2.7,6.4,30.9,17.5,2.16,1.32,113.1,108.0,-2.7,-0.5,-2.7,0.74,0.74,0.86,0.12,-2.73,33.6,0,1,Gonzaga,2021,1821
Kevin Mitchell,James Madison,MAAC,C,6-8,80,196,R-FR,2022,29,310.84684492597756,26.79714180396358,2.5,3.3,1.9,20.0,0.363,0.301,0.158,0.562,8.0,10.3,16.1,11.1,0.2,3.98,114.4,100.1,-4.84,-0.75,-4.84,0.74,0.74,0.83,0.09,-2.73,33.6,0,1,Miami,2022,1822
Darius Thomas,USC,MAAC,PG,6-2,74,209,SO,2021,23,292.17972905886035,31.758666202050033,9.0,1.8,1.3,28.7,0.449,0.358,0.608,0.674,4.3,5.5,10.6,20.1,3.09,2.51,112.0,94.7,-1.31,-0.19,-1.31,0.74,0.74,0.96,0.22,-2.73,33.6,0,1,Maryland,2021,1823
Zach Morris,Miami,WAC,C,6-9,81,231,R-FR,2023,21,399.6157217791771,47.573300211806796,2.9,5.2,1.3,22.0,0.475,0.219,0.0,0.718,11.6,17.4,11.2,13.4,2.21,4.84,120.3,93.4,0.32,0.06,0.32,0.7,0.7,0.72,0.02,-2.73,33.6,0,1,Baylor,2023,1824
Elijah Bell,Iowa,AAC,SG,6-3,75,233,SO,2022,28,612.0074531224133,54.64352260021547,8.9,2.7,1.2,10.0,0.587,0.405,0.411,0.651,1.7,13.2,9.8,10.9,3.81,1.8,115.7,92.5,-3.29,-1.01,-3.29,0.83,0.83,0.82,-0.01,-2.74,33.5,0,1,Belmont,2022,1825
Zion Mitchell,Boston College,Ivy,F,6-6,78,183,R-FR,2024,26,279.82308505095864,26.906065870284486,6.3,3.7,1.3,12.7,0.566,0.362,0.093,0.478,4.3,16.5,10.8,11.5,0.99,0.72,101.8,100.7,-1.29,-0.18,-1.29,0.71,0.71,0.96,0.25,-2.74,33.6,0,1,George Mason,2024,1826
Derek Parker,Marquette,MVC,G,6-1,73,195,JR,2021,27,86.4,8.0,3.0,1.6,3.6,17.1,0.529,0.255,0.251,0.592,0.5,8.2,30.3,18.2,3.38,0.1,112.2,102.2,-2.33,-0.1,-2.33,0.79,0.79,0.77,-0.02,-2.74,33.6,0,1,Texas,2021,1827
Cade Martin,Florida State,OVC,PG,6-3,75,203,R-JR,2024,33,487.85493843718325,36.95870745736237,9.8,2.2,2.8,19.4,0.543,0.316,0.448,0.683,2.6,9.5,23.0,19.5,1.41,2.85,102.0,101.9,-1.56,-0.38,-1.56,0.69,0.69,0.94,0.25,-2.74,33.6,0,1,DePaul,2024,1828
Brandon Turner,Creighton,WCC,C,6-11,83,235,R-JR,2024,29,549.874988788164,47.40301627484173,12.4,5.3,2.0,23.2,0.428,0.266,0.278,0.6,6.8,22.4,16.7,9.7,1.2,7.06,98.5,91.6,-0.53,-0.15,-0.53,0.82,0.82,0.71,-0.11,-2.74,33.5,0,1,Duquesne,2024,1829
Kofi Rivera,Wichita State,CUSA,PF,6-8,80,194,R-JR,2023,23,218.22842446040016,23.720480919608715,1.4,4.4,0.5,10.0,0.586,0.254,0.082,0.594,14.3,10.2,4.2,17.6,2.1,4.06,106.7,99.0,-1.59,-0.17,-1.59,0.74,0.74,0.82,0.08,-2.74,33.6,0,1,Vanderbilt,2023,1830
Luka Stewart,Notre Dame,SEC,SF,6-8,80,167,FR,2022,25,593.7612039038497,59.37612039038498,7.2,2.7,0.8,17.9,0.61,0.317,0.391,0.684,3.2,11.9,6.6,15.5,2.42,2.23,108.2,102.6,0.17,0.05,0.17,0.96,0.96,0.83,-0.13,-2.75,33.5,0,1,Oregon,2022,1831
Kyle Johnson,Kentucky,SEC,PF,6-8,80,186,R-JR,2023,27,595.7662508798165,55.163541748131166,7.7,5.0,2.1,25.5,0.491,0.234,0.097,0.701,8.5,19.3,17.4,13.2,0.2,5.32,110.1,98.4,0.34,0.1,0.34,0.96,0.96,0.77,-0.19,-2.75,33.5,0,1,George Mason,2023,1832
Cole Murphy,Mississippi State,SEC,PG,6-2,74,181,R-FR,2022,19,304.1068762781025,40.014062668171384,2.8,2.5,0.7,14.5,0.517,0.318,0.411,0.659,1.8,12.2,6.1,21.8,1.97,0.83,105.9,99.7,-0.99,-0.15,-0.99,0.96,0.96,0.74,-0.22,-2.75,33.5,0,1,Seton Hall,2022,1833
Damian Hill,Memphis,WAC,SF,6-6,78,207,R-JR,2023,27,229.50358571983196,21.25033201109555,6.6,2.9,1.6,20.6,0.606,0.321,0.308,0.757,3.3,12.6,13.7,11.1,0.84,1.6,109.7,100.9,-4.13,-0.47,-4.13,0.7,0.7,0.94,0.24,-2.75,33.5,0,1,Pittsburgh,2023,1834
Alex Stewart,Saint Mary's,SEC,PG,6-1,73,205,SR,2023,33,129.49111353072843,9.809932843237002,3.7,1.8,1.3,19.4,0.53,0.242,0.518,0.631,2.7,7.5,10.9,16.8,0.99,0.85,114.1,102.4,-1.12,-0.07,-1.12,0.96,0.96,1.0,0.04,-2.75,33.5,0,1,Auburn,2023,1835
Damian Campbell,Texas,MVC,C,6-10,82,200,R-JR,2021,25,314.237182123819,31.423718212381903,11.5,6.3,1.0,26.4,0.453,0.255,0.134,0.795,15.7,19.3,8.5,12.0,1.74,3.61,106.2,104.3,-0.81,-0.13,-0.81,0.79,0.79,1.0,0.21,-2.75,33.5,0,1,Eastern Kentucky,2021,1836
Kofi Martin,Boise State,OVC,C,6-11,83,212,FR,2024,20,252.86143799022278,31.607679748777844,8.3,2.4,0.5,31.7,0.461,0.226,0.217,0.78,7.4,6.1,4.1,8.7,0.77,8.07,115.6,106.7,-3.75,-0.47,-3.75,0.69,0.69,0.74,0.05,-2.76,33.4,0,1,Gonzaga,2024,1837
Luke Hall,USC,MAC,W,6-6,78,223,R-JR,2021,26,241.85306886618798,23.255102775594995,10.1,2.8,2.0,18.8,0.707,0.272,0.454,0.606,5.3,10.2,16.6,11.8,1.5,2.58,116.4,99.1,-2.56,-0.31,-2.56,0.76,0.76,0.72,-0.04,-2.76,33.4,0,1,Ohio State,2021,1838
Tyrese Mitchell,Penn State,WAC,SG,6-2,74,159,JR,2022,20,206.1097316211159,25.76371645263949,8.8,1.5,1.5,27.0,0.548,0.313,0.614,0.551,0.7,7.6,12.1,11.3,2.33,0.97,108.1,100.9,-2.12,-0.22,-2.12,0.7,0.7,1.0,0.3,-2.76,33.5,0,1,Dayton,2022,1839
Will Williams,Michigan State,Big 12,C,6-10,82,183,R-FR,2021,19,60.8,8.0,7.1,4.3,0.7,16.8,0.476,0.285,0.264,0.721,6.2,17.5,5.7,10.4,1.95,6.4,116.8,93.1,-1.83,-0.06,-1.83,0.98,0.98,1.0,0.02,-2.76,33.4,0,1,Gonzaga,2021,1840
Sam White,Georgetown,A-10,SF,6-5,77,180,R-JR,2020,32,218.18130108028896,17.045414146897574,7.5,2.5,0.7,25.0,0.529,0.34,0.523,0.885,3.6,10.2,6.0,15.5,2.33,2.76,110.4,98.1,-0.52,-0.06,-0.52,0.86,0.86,0.93,0.07,-2.76,33.5,0,1,Oregon,2020,1841
Ben Reed,Butler,MVC,W,6-7,79,207,R-FR,2020,30,502.5650461768453,41.88042051473711,3.5,2.1,1.6,13.0,0.518,0.429,0.354,0.666,6.1,5.4,13.7,13.2,2.03,2.72,100.4,98.6,-3.21,-0.81,-3.21,0.79,0.79,0.93,0.14,-2.76,33.4,0,1,Penn State,2020,1842
Cameron Parker,Davidson,MAAC,F,6-4,76,202,JR,2020,29,159.4364040396975,13.744517589629092,9.5,4.8,1.0,26.4,0.536,0.362,0.161,0.588,7.4,19.1,8.2,10.0,2.45,1.0,105.7,100.9,-0.99,-0.08,-0.99,0.74,0.74,0.69,-0.05,-2.77,33.4,0,1,Tulsa,2020,1843
Uriah Gonzalez,Saint Louis,MAC,G,6-3,75,178,R-JR,2021,35,571.4091572518711,40.81493980370507,12.0,1.8,0.8,23.3,0.505,0.416,0.693,0.751,2.4,7.8,6.8,11.6,2.71,4.13,105.6,97.7,-0.66,-0.19,-0.66,0.76,0.76,0.86,0.1,-2.77,33.4,0,1,Belmont,2021,1844
Patrick Campbell,Wichita State,Big 12,PF,6-9,81,190,R-FR,2023,29,92.8,8.0,4.1,3.5,1.6,24.4,0.46,0.336,0.389,0.799,3.0,16.6,13.6,7.2,1.82,4.67,108.8,99.9,-2.85,-0.13,-2.85,0.98,0.98,0.74,-0.24,-2.77,33.4,0,1,Pittsburgh,2023,1845
Owen White,Texas,Big Ten,SF,6-4,76,180,R-JR,2023,24,319.1617576436374,33.246016421212225,5.7,3.8,1.4,20.9,0.562,0.321,0.514,0.7,5.7,15.4,11.5,9.4,2.53,3.06,93.0,102.4,-0.05,-0.01,-0.05,1.0,1.0,0.72,-0.28,-2.77,33.4,0,1,UNLV,2023,1846
Ben Phillips,Xavier,Ivy,F,6-6,78,205,R-JR,2021,33,401.05211514455647,30.38273599579973,5.2,3.5,1.3,17.5,0.483,0.198,0.241,0.662,5.5,14.2,11.1,8.1,1.19,2.4,108.3,104.9,-2.22,-0.45,-2.22,0.71,0.71,0.71,0.0,-2.78,33.3,0,1,USC,2021,1847
Evan Rivera,Mississippi State,CAA,W,6-5,77,210,FR,2020,26,395.29629895683337,38.00925951508013,8.1,4.3,1.6,19.4,0.465,0.364,0.373,0.687,2.9,21.0,13.0,8.5,1.12,1.16,124.9,97.9,-2.48,-0.49,-2.48,0.77,0.77,0.76,-0.01,-2.78,33.3,0,1,Saint Louis,2020,1848
Owen Allen,Virginia Tech,WCC,SG,6-5,77,179,R-FR,2020,21,347.32453281421965,41.34815866835949,7.8,2.4,1.6,22.5,0.497,0.367,0.206,0.769,3.2,10.0,13.4,15.8,2.79,3.98,96.1,101.2,-0.13,-0.02,-0.13,0.82,0.82,0.93,0.11,-2.78,33.3,0,1,BYU,2020,1849
Andrej Jackson,Hofstra,Big 12,G,6-4,76,207,R-FR,2021,25,447.60370649772534,44.76037064977253,7.6,2.5,2.3,14.7,0.558,0.279,0.275,0.638,3.4,10.5,19.1,25.9,1.69,2.67,108.2,98.1,-0.83,-0.19,-0.83,0.98,0.98,0.76,-0.22,-2.78,33.3,0,1,Wichita State,2021,1850
Cade Murphy,Baylor,MAAC,SG,6-2,74,218,R-JR,2020,33,372.1541747790465,28.193498089321707,9.8,2.3,2.2,26.7,0.452,0.241,0.406,0.642,2.4,10.1,18.5,19.0,0.62,0.59,104.2,94.3,-0.59,-0.11,-0.59,0.74,0.74,0.79,0.05,-2.79,33.3,0,1,Marquette,2020,1851
Owen Morgan,Xavier,MAAC,G,6-7,79,199,R-FR,2022,23,459.6047879152086,49.95704216469659,7.6,1.8,2.6,20.1,0.528,0.252,0.565,0.775,2.6,7.2,22.0,21.5,2.25,0.83,106.4,99.0,-3.08,-0.71,-3.08,0.74,0.74,0.72,-0.02,-2.79,33.3,0,1,Saint Louis,2022,1852
Quinn Edwards,UNLV,MVC,G,6-4,76,216,JR,2022,18,321.7647548671157,44.689549287099396,9.1,2.0,0.6,18.8,0.592,0.296,0.433,0.613,3.3,7.6,5.0,13.9,2.39,2.57,114.5,105.1,-2.64,-0.42,-2.64,0.79,0.79,0.86,0.07,-2.79,33.3,0,1,Louisville,2022,1853
Andre Turner,Butler,AAC,G,6-2,74,189,FR,2022,24,205.04841233246583,21.359209617965192,6.2,1.2,3.0,22.2,0.465,0.374,0.333,0.753,2.5,4.0,24.6,16.5,0.2,1.11,95.7,91.3,-2.44,-0.25,-2.44,0.83,0.83,0.74,-0.09,-2.79,33.3,0,1,Ohio State,2022,1854
Trevion Moore,Saint Mary's,OVC,C,7-0,84,201,R-JR,2021,24,201.1441667937151,20.952517374345323,8.2,4.7,1.2,24.4,0.463,0.26,0.154,0.738,12.5,13.4,9.9,8.8,1.99,7.16,90.5,93.7,-1.53,-0.15,-1.53,0.69,0.69,0.93,0.24,-2.8,33.2,0,1,Pittsburgh,2021,1855
Tyrese Lee,Nebraska,Horizon,F,6-8,80,208,JR,2021,25,238.6670069969274,23.86670069969274,6.4,4.8,1.2,20.7,0.471,0.212,0.0,0.744,7.2,19.6,9.7,13.8,2.41,2.08,122.9,101.1,-0.14,-0.02,-0.14,0.71,0.71,0.94,0.23,-2.8,33.2,0,1,Hofstra,2021,1856
Ben Gonzalez,Belmont,Horizon,PG,6-2,74,211,R-FR,2021,37,405.49039317326736,27.39799953873428,11.9,2.1,2.6,35.0,0.63,0.44,0.734,0.729,2.8,8.9,22.0,18.7,2.95,1.03,101.6,101.3,-0.4,-0.08,-0.4,0.71,0.71,0.74,0.03,-2.8,33.2,0,1,BYU,2021,1857
Andrej Carter,Northwestern,Big East,G,6-2,74,241,R-FR,2023,24,431.58439149064975,44.95670744694268,8.9,1.8,1.1,23.1,0.536,0.322,0.516,0.687,3.0,7.2,8.9,17.4,1.33,2.89,99.8,105.6,-1.69,-0.37,-1.69,0.93,0.93,0.69,-0.24,-2.8,33.2,0,1,Oregon,2023,1858
Andrej Thomas,Oklahoma,Big Ten,PF,6-9,81,191,JR,2023,26,222.28320817912092,21.37338540183855,6.3,5.2,1.0,24.9,0.499,0.299,0.109,0.568,13.9,14.8,8.5,19.5,1.58,3.81,111.8,88.4,-3.91,-0.43,-3.91,1.0,1.0,0.93,-0.07,-2.81,33.1,0,1,Indiana,2023,1859
Alex Clark,Oklahoma,CAA,W,6-8,80,231,R-FR,2020,27,257.5081706578454,23.84334913498569,10.4,4.7,1.4,25.4,0.54,0.275,0.479,0.81,11.4,14.8,11.7,8.9,4.03,2.24,110.6,89.2,-2.18,-0.28,-2.18,0.77,0.77,0.74,-0.03,-2.82,33.1,0,1,Maryland,2020,1860
Max Rivera,Belmont,AAC,C,6-10,82,233,JR,2021,25,254.0138665949118,25.401386659491184,9.2,3.2,0.5,11.1,0.547,0.373,0.319,0.747,1.0,16.7,3.9,15.9,3.25,5.47,101.3,107.6,-2.06,-0.26,-2.06,0.83,0.83,0.74,-0.09,-2.82,33.1,0,1,Boise State,2021,1861
Nathan Wright,Tulsa,Big 12,PF,6-6,78,233,R-SO,2024,28,370.9537475649714,33.12087031830102,4.3,3.9,0.2,13.6,0.435,0.294,0.261,0.629,3.5,18.1,1.0,10.6,2.79,3.88,96.2,107.1,-2.65,-0.49,-2.65,0.98,0.98,0.94,-0.04,-2.82,33.1,0,1,North Carolina,2024,1862
Ben White,Davidson,WAC,SF,6-8,80,215,R-SO,2024,28,227.72133358850172,20.3322619275448,8.5,3.8,1.4,21.5,0.484,0.338,0.414,0.607,4.3,16.6,11.3,5.0,2.05,3.91,116.5,95.7,-1.46,-0.17,-1.46,0.7,0.7,1.0,0.3,-2.82,33.1,0,1,Florida State,2024,1863
Jake Turner,Connecticut,Horizon,SF,6-3,75,217,JR,2022,19,212.9166528254746,28.0153490559835,7.9,2.1,2.3,18.4,0.421,0.206,0.649,0.754,3.9,7.6,19.1,9.5,1.18,0.73,109.3,102.9,0.01,0.0,0.01,0.71,0.71,0.82,0.11,-2.82,33.1,0,1,BYU,2022,1864
Jalen Nelson,Xavier,Horizon,SF,6-8,80,189,SR,2021,26,171.96340303869198,16.53494259987423,10.1,1.7,1.6,28.5,0.505,0.39,0.352,0.753,3.2,6.5,13.7,9.5,0.51,1.53,108.0,93.1,-1.69,-0.15,-1.69,0.71,0.71,0.79,0.08,-2.82,33.1,0,1,Oklahoma,2021,1865
Henry Murphy,Mississippi State,MAC,C,6-10,82,226,R-SO,2024,30,365.9000015331012,30.491666794425104,3.6,5.7,1.5,17.4,0.521,0.222,0.403,0.739,11.4,20.0,12.9,8.9,2.28,5.76,120.8,115.0,0.26,0.05,0.26,0.76,0.76,0.98,0.22,-2.83,33.0,0,1,Indiana,2024,1866
Zach Scott,Ohio State,MAC,PG,6-4,76,215,JR,2022,30,503.9924201629339,41.99936834691116,9.4,1.1,3.9,23.3,0.472,0.282,0.281,0.714,0.7,5.1,32.9,24.8,4.49,1.95,114.6,98.0,-1.87,-0.47,-1.87,0.76,0.76,0.76,0.0,-2.83,33.0,0,1,Oregon,2022,1867
Nick Young,James Madison,Horizon,PG,6-0,72,211,JR,2023,37,118.4,8.0,3.6,1.7,2.3,11.7,0.483,0.395,0.51,0.671,0.7,8.8,19.2,18.2,2.27,0.1,105.1,96.4,-2.3,-0.14,-2.3,0.71,0.71,0.79,0.08,-2.85,32.9,0,1,Tennessee Tech,2023,1868
Sean Evans,Eastern Kentucky,SEC,F,6-6,78,195,R-JR,2022,19,267.1831006592721,35.15567113937791,6.4,3.3,0.5,28.2,0.511,0.228,0.17,0.578,4.3,13.8,4.1,9.8,3.94,1.46,116.5,104.7,-2.98,-0.4,-2.98,0.96,0.96,0.77,-0.19,-2.85,32.9,0,1,Duquesne,2022,1869
Xavier Rodriguez,St. Bonaventure,Horizon,SF,6-7,79,224,R-JR,2021,22,269.4506459348678,30.6193915835077,7.1,2.8,3.1,19.5,0.4,0.335,0.51,0.874,2.1,13.4,25.9,8.7,1.22,2.47,109.5,100.8,-0.76,-0.1,-0.76,0.71,0.71,0.96,0.25,-2.85,32.9,0,1,Utah State,2021,1870
Evan Martin,Air Force,Big Ten,PG,6-1,73,189,JR,2024,32,154.77948347302757,12.092147146330278,11.2,2.4,3.0,19.6,0.477,0.441,0.475,0.507,4.7,8.4,24.6,19.5,3.11,1.42,97.7,99.9,-3.94,-0.31,-3.94,1.0,1.0,0.96,-0.04,-2.85,32.9,0,1,Villanova,2024,1871
Tanner Green,Villanova,CUSA,SF,6-7,79,215,R-FR,2022,28,386.2801859909218,34.489302320618016,9.1,3.2,1.4,21.4,0.486,0.428,0.392,0.676,5.7,12.2,11.3,11.0,2.99,2.71,127.8,101.8,-1.43,-0.28,-1.43,0.74,0.74,0.83,0.09,-2.85,32.9,0,1,UCLA,2022,1872
Sam Parker,TCU,Big East,SG,6-4,76,206,R-JR,2023,25,80.0,8.0,3.3,1.0,2.0,17.9,0.473,0.378,0.545,0.813,1.7,3.7,16.4,14.9,0.39,1.14,101.2,85.4,-1.68,-0.07,-1.68,0.93,0.93,0.72,-0.21,-2.85,32.9,0,1,Wisconsin,2023,1873
Cameron Martinez,Iowa State,A-10,W,6-6,78,208,JR,2024,25,406.0741378498952,40.60741378498952,2.5,3.3,2.6,12.9,0.515,0.397,0.363,0.484,4.6,13.6,21.4,8.2,3.51,2.22,106.7,104.0,-0.43,-0.09,-0.43,0.86,0.86,0.98,0.12,-2.86,32.8,0,1,Duke,2024,1874
Jaylen Garcia,Michigan State,OVC,G,6-3,75,178,R-JR,2024,32,423.44512978614256,33.08165076454239,6.4,2.9,2.5,22.4,0.48,0.4,0.485,0.812,2.8,13.1,20.5,28.6,2.77,1.12,100.2,94.4,-2.99,-0.63,-2.99,0.69,0.69,0.96,0.27,-2.86,32.8,0,1,Fordham,2024,1875
Nick Stewart,San Diego State,Big East,C,6-10,82,221,JR,2020,37,465.18599913263415,31.431486427880685,4.3,5.3,1.3,18.1,0.475,0.29,0.27,0.881,8.5,20.9,10.5,11.7,3.44,5.57,117.4,96.5,-2.16,-0.5,-2.16,0.93,0.93,0.83,-0.1,-2.86,32.8,0,1,Cincinnati,2020,1876
Reed Mitchell,Kansas,MAC,G,6-1,73,180,FR,2020,28,169.9377364157532,15.173012179977965,4.5,1.2,1.5,11.8,0.468,0.394,0.392,0.716,0.2,6.2,12.1,17.9,2.33,1.63,104.0,93.8,-3.45,-0.29,-3.45,0.76,0.76,0.98,0.22,-2.87,32.8,0,1,Florida,2020,1877
Cole Green,Connecticut,Horizon,SG,6-2,74,178,FR,2023,24,176.47055114207106,18.382349077299068,1.4,1.9,1.7,17.2,0.479,0.395,0.474,0.854,5.9,4.9,14.4,9.3,1.42,0.87,101.1,92.8,-2.62,-0.23,-2.62,0.71,0.71,0.71,0.0,-2.87,32.8,0,1,Houston,2023,1878
Luke Phillips,Louisville,ACC,C,6-11,83,177,R-FR,2023,37,197.76752779606517,13.362670797031432,11.8,4.2,0.8,26.1,0.529,0.174,0.0,0.625,8.0,15.5,7.0,5.6,2.45,3.91,93.2,96.5,-0.87,-0.09,-0.87,0.94,0.94,0.72,-0.22,-2.87,32.8,0,1,Stanford,2023,1879
Ryan Morgan,Davidson,MAC,W,6-6,78,202,R-FR,2020,21,279.38941681630337,33.26064485908373,1.0,3.2,0.9,23.5,0.475,0.381,0.394,0.833,6.8,11.1,7.9,19.8,2.97,3.3,126.8,91.2,-4.36,-0.61,-4.36,0.76,0.76,0.72,-0.04,-2.87,32.8,0,1,North Carolina,2020,1880
Quinn King,Dayton,CAA,SG,6-2,74,239,JR,2024,22,235.59699397630254,26.77238567912529,10.3,2.0,2.6,32.1,0.461,0.349,0.564,0.777,4.0,7.4,22.0,17.4,2.24,1.76,108.1,99.2,-1.01,-0.12,-1.01,0.77,0.77,0.71,-0.06,-2.87,32.8,0,1,Maryland,2024,1881
Jake Cooper,William & Mary,WAC,SG,6-4,76,194,R-JR,2021,28,400.2901923882374,35.74019574894977,11.0,1.5,1.8,25.3,0.456,0.34,0.509,0.595,1.4,6.8,15.2,13.6,3.56,2.53,103.3,116.9,-1.94,-0.39,-1.94,0.7,0.7,0.71,0.01,-2.88,32.7,0,1,Florida State,2021,1882
DeShawn Stewart,Georgetown,MAC,W,6-4,76,197,R-JR,2023,25,159.5615951479584,15.95615951479584,17.5,2.7,2.1,21.2,0.543,0.32,0.206,0.675,3.6,11.3,17.4,12.0,3.92,0.98,97.5,97.9,-1.64,-0.13,-1.64,0.76,0.76,0.71,-0.05,-2.88,32.7,0,1,UCLA,2023,1883
Reed Jackson,Louisville,Horizon,SG,6-2,74,215,R-FR,2021,36,392.69182014704336,27.27026528798912,6.5,2.2,1.3,15.6,0.577,0.354,0.725,0.644,2.5,9.5,10.9,21.1,1.73,0.11,107.3,103.1,-2.84,-0.56,-2.84,0.71,0.71,0.93,0.22,-2.88,32.7,0,1,George Mason,2021,1884
Omar Collins,USC,SEC,PF,6-10,82,178,SO,2021,29,232.11503397483102,20.009916721968192,4.4,6.3,1.0,16.9,0.455,0.43,0.271,0.734,9.8,25.3,8.5,15.3,0.2,4.2,106.6,95.0,0.13,0.01,0.13,0.96,0.96,0.74,-0.22,-2.88,32.7,0,1,Xavier,2021,1885
Mike Morgan,DePaul,MVC,C,6-9,81,201,SO,2022,37,616.2517978097472,41.63863498714508,11.5,5.9,1.7,24.3,0.486,0.2,0.386,0.681,8.2,24.4,13.9,8.6,2.09,8.06,106.8,100.7,0.54,0.17,0.54,0.79,0.79,0.71,-0.08,-2.89,32.7,0,1,Penn State,2022,1886
Uriah Walker,Notre Dame,ACC,PF,6-8,80,189,JR,2023,18,342.22068123067106,47.530650170926535,10.9,4.2,0.9,20.6,0.573,0.224,0.193,0.737,5.7,17.4,7.7,14.8,1.9,0.3,107.9,92.6,-2.76,-0.47,-2.76,0.94,0.94,0.72,-0.22,-2.89,32.7,0,1,Miami,2023,1887
Jake Reed,Clemson,Horizon,G,6-1,73,174,R-JR,2021,29,478.51120266436453,41.250965746927974,4.9,1.6,1.7,16.7,0.47,0.36,0.505,0.763,1.5,7.5,13.8,11.0,2.28,2.86,110.2,110.6,-2.46,-0.59,-2.46,0.71,0.71,0.96,0.25,-2.89,32.7,0,1,Arizona,2021,1888
Sam Brown,North Carolina,ACC,G,6-1,73,205,R-FR,2024,28,232.31748314862543,20.742632423984414,6.1,1.8,2.6,29.6,0.423,0.345,0.53,0.603,1.5,8.2,22.0,19.8,2.12,1.4,109.2,97.5,-2.51,-0.29,-2.51,0.94,0.94,0.76,-0.18,-2.89,32.7,0,1,Georgetown,2024,1889
Todd Wilson,James Madison,SEC,C,7-0,84,177,R-JR,2024,30,606.32721528835,50.52726794069583,1.2,3.6,1.4,17.1,0.445,0.48,0.103,0.677,6.8,13.3,11.8,7.3,1.37,5.27,106.9,99.1,-1.86,-0.57,-1.86,0.96,0.96,0.93,-0.03,-2.9,32.6,0,1,St. Bonaventure,2024,1890
Chris Lopez,Hofstra,OVC,PF,6-9,81,204,R-JR,2021,28,234.70124290463443,20.955468116485214,4.8,2.7,0.4,14.4,0.601,0.256,0.236,0.668,2.6,12.2,3.5,10.4,4.0,7.96,112.3,103.1,-0.47,-0.06,-0.47,0.69,0.69,0.96,0.27,-2.9,32.6,0,1,Arizona,2021,1891
Reed Lopez,Florida State,ACC,F,6-7,79,225,R-JR,2023,17,270.84803391527964,39.83059322283524,3.6,4.8,0.7,19.8,0.548,0.352,0.0,0.782,2.8,23.6,5.6,13.5,2.11,2.51,112.2,107.7,-1.79,-0.24,-1.79,0.94,0.94,0.74,-0.2,-2.9,32.6,0,1,Arizona,2023,1892
Sean Scott,Kentucky,WAC,PG,6-3,75,205,SR,2024,30,315.67548276802563,26.306290230668807,6.9,0.9,2.3,16.1,0.485,0.307,0.121,0.589,2.0,3.2,19.2,22.2,1.87,1.11,108.3,83.4,-1.67,-0.26,-1.67,0.7,0.7,1.0,0.3,-2.9,32.6,0,1,Auburn,2024,1893
Quinn Martin,Duquesne,CUSA,C,6-9,81,201,FR,2021,31,312.8599914102431,25.23064446856799,1.0,6.0,2.1,19.6,0.392,0.273,0.143,0.574,9.2,24.1,17.4,17.8,3.46,8.77,122.4,93.5,-1.47,-0.23,-1.47,0.74,0.74,0.94,0.2,-2.91,32.5,0,1,Oregon,2021,1894
Sean Taylor,Murray State,Ivy,W,6-5,77,211,R-SO,2024,19,448.58385756708924,59.024191785143316,8.0,4.1,1.4,10.6,0.51,0.35,0.284,0.774,5.5,17.4,11.9,7.6,2.44,1.25,95.7,92.8,-3.06,-0.69,-3.06,0.71,0.71,0.72,0.01,-2.91,32.5,0,1,Rutgers,2024,1895
Evan Baker,Davidson,MAC,PF,6-6,78,167,R-JR,2023,25,433.5844747213764,43.35844747213764,9.2,4.6,1.6,17.9,0.53,0.178,0.144,0.757,10.8,14.9,12.9,16.5,1.27,4.84,119.1,106.8,-0.09,-0.02,-0.09,0.76,0.76,0.96,0.2,-2.91,32.5,0,1,UNLV,2023,1896
Coleman Mitchell,Northwestern,MVC,SG,6-2,74,218,R-FR,2020,27,291.88854822385724,27.026717428134926,4.0,1.9,2.1,20.2,0.423,0.322,0.237,0.72,1.9,8.9,17.1,9.7,2.31,1.59,118.4,103.9,-3.27,-0.48,-3.27,0.79,0.79,0.76,-0.03,-2.91,32.6,0,1,Purdue,2020,1897
Brandon Evans,DePaul,OVC,F,6-7,79,176,R-FR,2021,28,470.74330398082566,42.03065214114515,7.3,4.9,0.8,24.1,0.59,0.352,0.049,0.724,2.1,25.0,6.5,10.3,0.83,1.46,109.7,110.2,1.72,0.4,1.72,0.69,0.69,1.0,0.31,-2.91,32.5,0,1,Boise State,2021,1898
Andre Anderson,Iowa State,CAA,PG,6-0,72,197,R-FR,2021,35,686.1261790324957,49.00901278803541,6.2,2.0,2.1,15.1,0.536,0.335,0.335,0.607,1.8,9.5,17.8,19.5,0.42,3.18,107.6,104.1,-1.12,-0.38,-1.12,0.77,0.77,0.7,-0.07,-2.91,32.5,0,1,BYU,2021,1899
Paul Roberts,Richmond,SEC,C,7-0,84,186,FR,2021,28,129.92139785870057,11.600124808812552,16.5,4.0,1.4,25.5,0.615,0.321,0.215,0.689,5.3,16.7,11.3,13.4,2.99,7.55,111.0,99.3,-3.44,-0.22,-3.44,0.96,0.96,0.86,-0.1,-2.92,32.5,0,1,Hofstra,2021,1900
Flynn Thompson,Providence,Sun Belt,SF,6-6,78,202,SR,2020,26,576.0939670399232,55.39365067691569,8.1,5.2,2.2,22.5,0.506,0.322,0.44,0.725,5.8,23.1,18.6,9.7,2.57,0.71,113.7,90.9,-2.29,-0.66,-2.29,0.72,0.72,0.79,0.07,-2.92,32.5,0,1,Air Force,2020,1901
Andre Edwards,Kentucky,MAAC,PF,6-7,79,237,R-FR,2022,29,284.13291319063353,24.494216654364962,9.1,3.7,1.7,31.8,0.549,0.258,0.323,0.758,8.9,11.5,14.6,12.9,1.61,2.29,113.1,93.4,-1.15,-0.16,-1.15,0.74,0.74,0.98,0.24,-2.92,32.5,0,1,Indiana,2022,1902
Elijah Cook,Iowa,Ivy,PG,6-0,72,211,JR,2024,29,236.0228626384232,20.346798503312343,7.9,1.3,3.9,13.1,0.575,0.259,0.164,0.539,0.9,6.4,32.6,15.8,0.68,1.67,110.0,94.5,-1.69,-0.2,-1.69,0.71,0.71,0.76,0.05,-2.92,32.5,0,1,Michigan,2024,1903
Malik Lopez,Seton Hall,AAC,SF,6-6,78,193,R-FR,2021,20,128.9786334097154,16.122329176214425,1.0,4.8,1.4,12.8,0.473,0.398,0.316,0.631,6.7,19.8,11.9,9.5,1.8,0.1,113.6,102.1,-2.71,-0.17,-2.71,0.83,0.83,0.7,-0.13,-2.92,32.5,0,1,Auburn,2021,1904
Malik Green,Houston,MAAC,PF,6-7,79,171,R-JR,2022,37,404.10310000139543,27.3042635136078,1.0,6.4,0.8,15.9,0.599,0.284,0.406,0.62,4.2,31.4,7.1,4.9,1.38,3.43,118.5,99.2,-2.38,-0.48,-2.38,0.74,0.74,0.72,-0.02,-2.92,32.5,0,1,Memphis,2022,1905
Malik White,Xavier,CAA,SG,6-3,75,207,R-FR,2021,25,466.09747211021045,46.609747211021045,9.7,0.6,2.2,21.8,0.533,0.347,0.229,0.826,1.4,2.0,18.2,17.3,1.01,1.49,119.3,107.4,-0.27,-0.06,-0.27,0.77,0.77,1.0,0.23,-2.93,32.4,0,1,Austin Peay,2021,1906
Omar Edwards,Providence,SEC,PG,6-3,75,224,R-JR,2024,21,467.74295128400433,55.68368467666718,10.5,1.5,2.5,20.6,0.468,0.385,0.408,0.786,3.9,4.6,21.0,8.0,2.73,3.63,104.6,96.3,-2.94,-0.69,-2.94,0.96,0.96,0.98,0.02,-2.93,32.4,0,1,Pittsburgh,2024,1907
Kyle Morris,Georgia,ACC,C,6-10,82,203,R-JR,2022,16,386.6419872371867,60.41281050581042,4.2,3.3,0.8,18.8,0.367,0.374,0.158,0.662,1.9,16.5,6.9,11.4,2.06,6.23,103.9,93.1,-2.9,-0.56,-2.9,0.94,0.94,0.79,-0.15,-2.93,32.4,0,1,Oklahoma,2022,1908
Will Wright,Baylor,Horizon,C,6-11,83,210,R-SO,2022,25,433.9864841048668,43.39864841048668,7.8,4.7,1.3,23.2,0.546,0.218,0.069,0.752,9.0,17.1,10.8,15.5,2.16,3.08,111.8,94.3,0.01,0.0,0.01,0.71,0.71,0.74,0.03,-2.93,32.4,0,1,Wake Forest,2022,1909
Victor Hernandez,San Diego State,CUSA,PG,6-4,76,165,R-JR,2020,32,335.9831816362539,26.24868606533234,13.0,0.9,1.0,24.6,0.576,0.353,0.341,0.488,3.1,2.0,8.5,17.2,2.46,1.05,123.8,101.8,-1.28,-0.21,-1.28,0.74,0.74,0.69,-0.05,-2.94,32.4,0,1,Miami,2020,1910
Tyler Johnson,Oregon,Horizon,C,6-9,81,190,R-JR,2021,31,359.74296496754744,29.01152943286673,10.8,5.1,0.8,14.5,0.485,0.256,0.185,0.721,5.7,22.5,6.5,9.0,1.66,7.19,108.6,95.0,0.43,0.08,0.43,0.71,0.71,0.94,0.23,-2.94,32.4,0,1,William & Mary,2021,1911
Andre Carter,James Madison,A-10,SF,6-6,78,236,R-JR,2022,33,533.4624826445109,40.41382444276598,5.2,5.7,2.3,18.0,0.568,0.433,0.573,0.707,9.0,22.5,18.9,6.3,0.58,1.79,104.1,94.2,1.01,0.27,1.01,0.86,0.86,0.83,-0.03,-2.94,32.4,0,1,Gonzaga,2022,1912
Cameron Campbell,Auburn,Ivy,W,6-4,76,252,R-FR,2022,24,188.73422877251443,19.65981549713692,3.7,2.6,1.7,21.9,0.598,0.301,0.506,0.803,3.7,10.8,14.0,10.9,1.7,1.01,110.8,117.5,-2.17,-0.2,-2.17,0.71,0.71,0.93,0.22,-2.94,32.3,0,1,Kentucky,2022,1913
Henry Nelson,Kentucky,WCC,PF,6-8,80,216,R-JR,2020,29,429.0755717934257,36.98927343046773,11.7,5.3,0.9,19.7,0.458,0.357,0.157,0.618,8.8,20.4,7.6,13.1,2.02,0.89,106.5,104.8,-2.06,-0.44,-2.06,0.82,0.82,0.86,0.04,-2.95,32.3,0,1,William & Mary,2020,1914
Andrej Young,Eastern Kentucky,MAC,C,6-11,83,168,R-JR,2024,25,213.96853517482444,21.396853517482445,9.4,4.4,1.8,29.6,0.538,0.235,0.167,0.558,10.0,14.5,15.3,13.3,1.92,3.81,113.7,103.1,-2.02,-0.22,-2.02,0.76,0.76,0.72,-0.04,-2.95,32.3,0,1,BYU,2024,1915
Brandon Rogers,BYU,MAC,PG,5-11,71,187,R-FR,2022,23,73.60000000000001,8.0,6.2,2.5,2.3,19.3,0.445,0.346,0.305,0.77,2.6,11.2,19.5,33.2,1.64,0.6,100.7,97.7,-5.58,-0.21,-5.58,0.76,0.76,0.82,0.06,-2.95,32.3,0,1,San Diego State,2022,1916
Nathan Brown,Tennessee Tech,Horizon,F,6-4,76,205,R-JR,2020,24,592.4211317427964,61.7105345565413,7.5,4.2,1.4,15.4,0.507,0.237,0.367,0.743,12.1,11.4,11.6,8.6,0.86,1.74,112.0,99.5,0.31,0.09,0.31,0.71,0.71,0.77,0.06,-2.95,32.3,0,1,Virginia Tech,2020,1917
Malik Stewart,Miami,Sun Belt,G,6-4,76,197,R-JR,2023,25,240.65346688109986,24.065346688109987,10.3,1.4,1.2,24.3,0.576,0.339,0.324,0.792,2.5,5.5,10.0,15.8,2.95,3.78,112.0,94.5,-2.97,-0.36,-2.97,0.72,0.72,0.74,0.02,-2.95,32.3,0,1,DePaul,2023,1918
DeShawn Moore,Memphis,CUSA,SF,6-6,78,227,R-JR,2022,30,368.2120495382486,30.684337461520716,1.1,2.2,2.2,16.3,0.467,0.245,0.456,0.703,5.5,6.8,18.1,12.0,3.09,0.84,112.0,94.5,0.09,0.02,0.09,0.74,0.74,0.72,-0.02,-2.96,32.2,0,1,Nevada,2022,1919
Evan Perez,Miami,MAAC,W,6-3,75,196,R-FR,2023,22,248.92528780655485,28.286964523472143,10.3,2.2,0.9,31.9,0.639,0.324,0.447,0.658,4.7,7.5,7.6,21.4,2.16,1.55,106.3,100.2,-2.64,-0.33,-2.64,0.74,0.74,0.86,0.12,-2.96,32.2,0,1,Saint Mary's,2023,1920
Henry Walker,Pittsburgh,SEC,F,6-9,81,193,FR,2020,29,107.26132946732002,9.246666333389658,6.3,5.5,0.2,21.4,0.453,0.191,0.0,0.764,6.3,24.3,1.0,14.0,1.71,2.23,105.7,101.8,-2.36,-0.13,-2.36,0.96,0.96,0.94,-0.02,-2.96,32.2,0,1,Air Force,2020,1921
Cade Perez,USC,Horizon,SF,6-6,78,215,R-FR,2021,22,277.632215811607,31.54911543313716,3.4,1.2,0.7,14.3,0.521,0.4,0.75,0.744,3.9,3.0,5.6,20.2,1.17,1.13,115.7,108.1,-2.86,-0.4,-2.86,0.71,0.71,0.93,0.22,-2.96,32.2,0,1,George Mason,2021,1922
DeShawn Adams,Virginia,WCC,PF,6-10,82,190,R-JR,2023,32,500.17639440624856,39.076280812988166,1.4,4.3,1.0,21.0,0.551,0.185,0.415,0.705,9.6,14.5,8.1,16.1,2.98,3.72,123.2,92.7,-3.68,-0.92,-3.68,0.82,0.82,0.74,-0.08,-2.96,32.3,0,1,Rutgers,2023,1923
Andre Allen,Syracuse,Big East,G,6-1,73,209,R-FR,2020,30,150.4807732205982,12.54006443504985,2.2,2.5,3.7,12.4,0.518,0.349,0.284,0.564,2.0,11.8,30.5,22.7,2.47,2.1,111.2,91.6,-2.96,-0.22,-2.96,0.93,0.93,0.72,-0.21,-2.98,32.1,0,1,Stanford,2020,1924
Nathan Gonzalez,Fordham,WAC,SF,6-9,81,228,FR,2020,19,319.89542471521554,42.09150325200204,7.0,2.6,0.6,23.9,0.596,0.333,0.477,0.631,4.1,10.1,4.7,17.4,3.39,0.8,114.7,97.6,-0.09,-0.01,-0.09,0.7,0.7,0.74,0.04,-2.98,32.1,0,1,Syracuse,2020,1925
Tanner Turner,USC,CAA,W,6-6,78,209,R-FR,2020,35,817.9433777825404,58.42452698446717,9.3,2.7,1.5,17.4,0.537,0.332,0.538,0.629,6.5,8.6,12.6,12.1,2.61,2.05,128.0,98.0,-0.71,-0.29,-0.71,0.77,0.77,0.98,0.21,-2.98,32.1,0,1,UNLV,2020,1926
Andrej Green,Saint Mary's,Horizon,F,6-7,79,158,JR,2022,24,340.4916054709636,35.46787556989204,2.3,4.9,0.8,12.5,0.5,0.213,0.105,0.811,6.3,21.2,6.8,12.9,2.06,2.37,105.7,89.7,-4.24,-0.72,-4.24,0.71,0.71,0.83,0.12,-2.98,32.1,0,1,Minnesota,2022,1927
Patrick Rogers,Michigan,WAC,C,7-0,84,189,R-FR,2024,23,186.91275047838968,20.31660331286844,4.8,3.6,1.5,17.6,0.465,0.429,0.053,0.755,7.7,12.3,12.2,10.2,1.75,7.21,107.2,100.5,-2.08,-0.19,-2.08,0.7,0.7,0.71,0.01,-2.98,32.1,0,1,Wisconsin,2024,1928
Marcus Lopez,LSU,MVC,SG,6-2,74,238,JR,2020,29,575.9753077727983,49.65304377351708,2.8,1.0,1.3,12.6,0.445,0.361,0.45,0.764,0.2,5.4,11.1,18.3,2.22,2.64,101.0,87.8,-1.32,-0.38,-1.32,0.79,0.79,0.71,-0.08,-2.98,32.1,0,1,Virginia Tech,2020,1929
Ivan Rodriguez,Boston College,MAC,SF,6-4,76,188,FR,2020,32,586.0871078304048,45.78805529925037,7.1,4.5,2.1,10.0,0.581,0.323,0.569,0.699,7.4,17.8,17.5,13.0,2.78,0.1,115.5,103.5,-0.37,-0.11,-0.37,0.76,0.76,0.69,-0.07,-2.98,32.1,0,1,North Carolina,2020,1930
Damian Bailey,Nebraska,WAC,G,6-1,73,238,R-FR,2022,31,99.2,8.0,6.0,2.5,3.4,14.7,0.512,0.298,0.405,0.501,3.1,11.0,28.2,23.8,1.42,2.53,112.4,94.2,-0.34,-0.02,-0.34,0.7,0.7,0.7,0.0,-2.99,32.1,0,1,Connecticut,2022,1931
Henry Thomas,UNLV,AAC,F,6-7,79,216,R-JR,2024,30,370.75460814358985,30.896217345299153,9.2,4.4,0.8,24.1,0.499,0.274,0.218,0.87,10.2,14.3,7.1,15.1,3.24,1.46,97.8,93.0,-0.41,-0.08,-0.41,0.83,0.83,0.93,0.1,-2.99,32.1,0,1,TCU,2024,1932
Evan Campbell,Arizona,ACC,F,6-8,80,197,FR,2020,28,264.2215554154622,23.591210304951986,5.0,3.5,1.3,18.5,0.549,0.317,0.087,0.667,7.2,12.0,10.9,10.4,2.21,1.98,114.6,102.2,-1.21,-0.16,-1.21,0.94,0.94,0.94,0.0,-2.99,32.0,0,1,Marquette,2020,1933
Tyrese Garcia,Austin Peay,CAA,PG,6-4,76,210,FR,2020,30,674.9571495344105,56.24642912786755,2.8,1.0,3.8,28.6,0.483,0.297,0.172,0.521,2.7,2.9,31.9,15.1,0.91,2.62,116.7,108.9,-4.53,-1.53,-4.53,0.77,0.77,0.79,0.02,-2.99,32.0,0,1,Nevada,2020,1934
Cole Roberts,Northwestern,Big East,F,6-10,82,216,R-JR,2021,23,609.0213762835168,66.19797568299096,7.2,4.7,1.8,18.2,0.506,0.197,0.0,0.751,11.0,15.2,14.6,4.1,0.94,0.68,110.1,95.6,-1.01,-0.31,-1.01,0.93,0.93,0.72,-0.21,-2.99,32.1,0,1,Miami,2021,1935
Eric Bell,Gonzaga,Sun Belt,G,6-3,75,234,R-SO,2023,28,393.07933513702125,35.09636920866261,6.3,1.1,1.7,28.1,0.525,0.365,0.111,0.728,4.2,2.0,13.9,21.0,3.17,1.67,114.0,107.3,-2.12,-0.42,-2.12,0.72,0.72,0.71,-0.01,-2.99,32.1,0,1,Duquesne,2023,1936
Sam Anderson,Kentucky,WAC,G,6-2,74,234,FR,2021,29,272.17607066245284,23.463454367452833,8.0,2.2,1.5,20.4,0.591,0.303,0.531,0.676,2.2,9.8,12.6,11.0,1.18,1.2,120.0,95.1,-1.86,-0.25,-1.86,0.7,0.7,0.86,0.16,-2.99,32.1,0,1,Hofstra,2021,1937
Luke Scott,Saint Mary's,Big East,PF,6-7,79,211,R-JR,2022,23,232.8320963251218,25.307836557078456,1.0,5.8,0.9,13.8,0.487,0.344,0.257,0.673,11.2,21.0,7.9,12.9,1.96,2.85,89.3,96.5,-1.1,-0.13,-1.1,0.93,0.93,0.74,-0.19,-2.99,32.0,0,1,Georgetown,2022,1938
Brandon Allen,Gonzaga,Big Ten,PF,6-10,82,171,JR,2024,30,546.6754446384753,45.55628705320627,11.7,5.0,1.0,25.5,0.491,0.285,0.214,0.526,9.8,18.2,8.5,9.9,0.66,4.35,92.5,96.6,-1.7,-0.46,-1.7,1.0,1.0,0.71,-0.29,-2.99,32.0,0,1,Purdue,2024,1939
Cade Campbell,Boise State,Sun Belt,SG,6-1,73,229,R-FR,2023,20,217.21308798744334,27.151635998430418,5.5,1.1,2.0,12.0,0.552,0.344,0.388,0.769,1.2,5.2,16.7,13.3,0.2,1.49,125.5,102.4,-4.18,-0.45,-4.18,0.72,0.72,0.77,0.05,-3.0,32.0,0,1,Stanford,2023,1940
Wade Bailey,Baylor,Big Ten,F,6-4,76,216,R-JR,2020,24,76.8,8.0,6.6,5.8,0.8,18.1,0.591,0.278,0.2,0.9,8.5,23.5,6.6,11.1,2.21,0.73,110.2,103.3,-1.18,-0.05,-1.18,1.0,1.0,0.79,-0.21,-3.01,31.9,0,1,Murray State,2020,1941
Luke Evans,Tulsa,SEC,F,6-7,79,237,JR,2023,29,208.8601169998197,18.005182499984457,2.8,4.4,1.4,27.6,0.492,0.275,0.093,0.766,5.7,18.9,11.7,5.9,1.39,3.41,111.6,91.3,-0.19,-0.02,-0.19,0.96,0.96,0.72,-0.24,-3.01,31.9,0,1,DePaul,2023,1942
DeShawn Hernandez,Florida,Big 12,SF,6-5,77,183,JR,2022,19,277.9991945115188,36.57884138309458,5.3,6.1,2.4,24.0,0.611,0.37,0.12,0.629,9.0,25.0,20.0,18.1,2.72,0.65,120.2,91.5,-0.88,-0.12,-0.88,0.98,0.98,0.77,-0.21,-3.01,31.9,0,1,Fordham,2022,1943
Tyrese Anderson,Davidson,MVC,W,6-5,77,221,R-JR,2022,26,184.30007486706694,17.721161044910282,2.0,2.9,3.1,21.0,0.403,0.361,0.288,0.782,8.6,7.5,25.6,16.2,3.75,0.81,119.7,102.8,-2.39,-0.22,-2.39,0.79,0.79,0.86,0.07,-3.01,32.0,0,1,Connecticut,2022,1944
Evan Brown,Ohio State,AAC,G,6-2,74,236,R-FR,2020,24,172.6425659036969,17.983600614968427,8.7,2.1,3.3,24.9,0.472,0.268,0.425,0.714,3.9,7.6,27.5,17.1,2.63,0.1,88.3,100.9,-0.37,-0.03,-0.37,0.83,0.83,0.74,-0.09,-3.01,32.0,0,1,St. Bonaventure,2020,1945
Andre Collins,Hofstra,Big Ten,PF,6-8,80,224,R-FR,2023,25,325.99438470609346,32.59943847060934,6.2,5.3,1.6,21.9,0.547,0.212,0.363,0.475,12.3,17.2,13.0,17.0,1.77,3.55,113.5,91.2,-0.78,-0.13,-0.78,1.0,1.0,0.93,-0.07,-3.01,31.9,0,1,Kansas,2023,1946
Quinn Lopez,Mississippi State,ACC,C,6-8,80,166,R-FR,2021,27,193.18356671646487,17.887367288561563,10.7,3.3,1.0,23.5,0.545,0.196,0.059,0.755,7.2,11.0,8.7,11.6,2.38,5.82,114.6,93.6,-1.64,-0.16,-1.64,0.94,0.94,0.96,0.02,-3.01,32.0,0,1,Saint Mary's,2021,1947
Zion Thomas,DePaul,Big Ten,PF,6-8,80,187,FR,2023,33,637.0694993652139,48.26284086100105,10.2,3.6,0.9,20.2,0.568,0.201,0.155,0.672,8.1,11.9,7.9,4.0,1.9,4.81,105.1,96.4,-0.41,-0.13,-0.41,1.0,1.0,0.83,-0.17,-3.01,31.9,0,1,UCLA,2023,1948
Jordan Edwards,Penn State,Big 12,C,6-9,81,212,R-FR,2020,31,192.48886132638503,15.523295268256856,3.2,5.8,1.0,18.8,0.488,0.143,0.009,0.799,9.0,23.5,8.4,12.1,3.82,5.44,122.5,95.1,-1.65,-0.16,-1.65,0.98,0.98,0.94,-0.04,-3.01,31.9,0,1,Minnesota,2020,1949
Kevin Nelson,Wake Forest,OVC,SG,6-3,75,197,FR,2023,26,313.5050191440307,30.144713379233725,7.7,2.1,1.8,18.2,0.472,0.416,0.245,0.76,2.0,9.8,15.0,8.7,2.37,3.67,111.9,104.8,-1.69,-0.26,-1.69,0.69,0.69,1.0,0.31,-3.02,31.9,0,1,Boston College,2023,1950
Trevion White,Tulsa,AAC,G,6-3,75,177,SR,2022,32,538.3983502645201,42.06237111441563,1.6,0.5,3.1,10.0,0.545,0.352,0.323,0.752,0.2,2.0,26.2,13.6,0.2,0.44,109.6,105.4,-1.26,-0.34,-1.26,0.83,0.83,1.0,0.17,-3.02,31.9,0,1,Penn State,2022,1951
Paul Davis,Richmond,OVC,SG,6-6,78,206,R-JR,2020,24,555.3194708878976,57.84577821748934,5.5,1.8,2.1,15.4,0.615,0.346,0.125,0.658,2.8,6.9,17.4,10.9,2.25,1.22,110.0,104.4,-1.59,-0.44,-1.59,0.69,0.69,0.96,0.27,-3.02,31.9,0,1,James Madison,2020,1952
Elijah Roberts,Austin Peay,WAC,G,6-0,72,200,R-JR,2020,34,418.41639616290877,30.76591148256682,10.2,2.0,1.3,27.5,0.501,0.331,0.43,0.668,2.7,8.6,10.7,15.8,0.97,1.09,103.7,105.3,0.93,0.2,0.93,0.7,0.7,0.7,0.0,-3.03,31.8,0,1,Vanderbilt,2020,1953
Flynn Scott,Baylor,MVC,G,6-1,73,208,R-FR,2022,25,389.4173240074912,38.94173240074912,3.8,1.5,3.4,22.0,0.523,0.286,0.459,0.714,2.6,5.5,28.3,9.8,2.05,0.65,107.0,90.3,-2.4,-0.47,-2.4,0.79,0.79,0.86,0.07,-3.03,31.8,0,1,St. John's,2022,1954
Kofi Young,Louisville,Ivy,G,6-0,72,172,FR,2021,31,388.1940667537952,31.305973125306064,3.9,1.4,3.6,16.3,0.445,0.258,0.169,0.775,1.6,6.0,29.6,16.3,3.16,0.45,106.1,93.7,-1.24,-0.24,-1.24,0.71,0.71,0.98,0.27,-3.03,31.8,0,1,Texas,2021,1955
Will Robinson,Seton Hall,Big 12,F,6-8,80,195,FR,2023,23,73.60000000000001,8.0,5.6,4.5,0.2,10.8,0.52,0.308,0.137,0.727,7.7,17.2,1.0,8.2,2.71,0.1,102.6,95.5,-2.61,-0.1,-2.61,0.98,0.98,0.82,-0.16,-3.04,31.8,0,1,Georgia,2023,1956
Wade Walker,Belmont,Horizon,F,6-8,80,243,JR,2022,37,346.78754333837304,23.43159076610629,9.2,3.7,0.7,21.1,0.468,0.327,0.477,0.727,7.5,13.1,5.4,12.0,1.89,1.44,114.0,95.2,-0.99,-0.17,-0.99,0.71,0.71,0.69,-0.02,-3.04,31.8,0,1,Boston College,2022,1957
Jalen Walker,Xavier,SEC,SG,6-2,74,180,R-JR,2020,23,275.63341420122083,29.96015371752401,3.5,2.1,1.1,15.8,0.556,0.287,0.409,0.839,3.6,7.9,9.1,20.1,2.14,1.21,115.6,95.5,-2.6,-0.36,-2.6,0.96,0.96,0.71,-0.25,-3.04,31.8,0,1,Michigan,2020,1958
Will Cook,Seton Hall,CUSA,SG,6-2,74,196,R-FR,2022,29,420.8708221068954,36.28196742300822,3.9,2.4,2.4,16.7,0.622,0.385,0.554,0.763,1.1,12.2,20.1,16.4,2.4,1.73,111.8,102.9,-0.12,-0.03,-0.12,0.74,0.74,0.7,-0.04,-3.04,31.7,0,1,UCLA,2022,1959
Elijah Murphy,Cincinnati,A-10,PG,6-1,73,217,R-FR,2020,32,425.511297853956,33.24307014484032,8.8,1.4,4.1,17.1,0.522,0.336,0.595,0.75,0.2,7.4,34.5,16.9,0.4,3.39,115.9,98.1,-1.76,-0.37,-1.76,0.86,0.86,0.77,-0.09,-3.04,31.7,0,1,Tennessee Tech,2020,1960
Max White,Boston College,CUSA,SG,6-3,75,200,R-JR,2021,31,383.66698562144677,30.940885937213444,1.0,2.8,2.2,10.0,0.443,0.264,0.391,0.881,3.1,12.4,18.0,5.9,2.31,0.87,101.7,99.4,-1.58,-0.3,-1.58,0.74,0.74,0.74,0.0,-3.05,31.7,0,1,Tennessee Tech,2021,1961
Tanner Adams,Ohio State,Big 12,C,6-8,80,226,FR,2021,37,674.2149854168555,45.555066582219965,5.8,5.8,1.6,17.1,0.421,0.357,0.325,0.687,11.7,20.4,12.9,15.7,2.08,6.59,107.5,103.3,-3.38,-1.14,-3.38,0.98,0.98,0.77,-0.21,-3.05,31.7,0,1,Illinois,2021,1962
Luka Robinson,St. John's,Big East,SF,6-7,79,234,JR,2021,20,64.0,8.0,2.9,4.5,1.2,22.0,0.512,0.317,0.445,0.623,9.3,15.6,9.9,13.2,0.24,2.43,100.0,95.0,-1.23,-0.04,-1.23,0.93,0.93,0.93,0.0,-3.05,31.7,0,1,Murray State,2021,1963
Patrick Jackson,Austin Peay,MVC,F,6-7,79,231,R-FR,2021,13,122.39558048530012,23.537611631788483,9.7,4.2,1.5,19.6,0.49,0.283,0.251,0.658,10.3,13.1,12.7,15.3,2.46,2.21,106.9,97.4,-1.95,-0.12,-1.95,0.79,0.79,0.96,0.17,-3.06,31.6,0,1,Florida State,2021,1964
Victor Brown,Tulsa,Horizon,W,6-7,79,199,JR,2022,37,989.5481484408481,66.86136138113838,3.1,2.6,0.7,18.2,0.492,0.272,0.094,0.689,3.0,11.7,6.0,11.0,2.35,1.87,113.2,91.2,-0.18,-0.09,-0.18,0.71,0.71,0.76,0.05,-3.06,31.6,0,1,Alabama,2022,1965
Nick Bailey,Oregon,AAC,G,6-4,76,187,R-FR,2023,27,432.0079079109552,40.00073221397734,7.3,1.6,2.9,17.8,0.622,0.328,0.315,0.868,0.3,8.3,24.2,12.4,4.84,0.57,112.7,108.8,-0.89,-0.19,-0.89,0.83,0.83,0.71,-0.12,-3.06,31.6,0,1,Arizona,2023,1966
Sam Thomas,Georgetown,SEC,C,7-0,84,200,SR,2024,26,167.78259982333572,16.13294229070536,10.1,4.5,1.1,24.4,0.52,0.25,0.236,0.725,8.9,16.0,9.5,11.7,1.42,6.71,123.0,99.2,-0.33,-0.03,-0.33,0.96,0.96,0.82,-0.14,-3.06,31.7,0,1,Virginia Tech,2024,1967
Reed Garcia,Utah State,MAAC,PF,6-10,82,193,R-JR,2023,34,323.00944522908077,23.75069450213829,11.2,3.5,0.2,27.2,0.618,0.134,0.119,0.7,10.1,9.4,2.0,16.6,1.64,0.78,103.5,101.4,-1.3,-0.21,-1.3,0.74,0.74,0.72,-0.02,-3.06,31.6,0,1,Purdue,2023,1968
Flynn Martinez,Baylor,Big Ten,PG,6-2,74,198,R-JR,2020,31,424.6581621559215,34.246625980316246,3.6,1.7,1.9,11.6,0.47,0.261,0.14,0.763,2.6,6.7,15.7,23.5,1.98,1.81,102.0,90.8,-0.19,-0.04,-0.19,1.0,1.0,0.98,-0.02,-3.06,31.7,0,1,Clemson,2020,1969
Trevion Murphy,Indiana,AAC,PF,6-7,79,200,R-JR,2024,28,677.8255507192374,60.52013845707477,5.2,5.4,1.3,15.3,0.542,0.348,0.338,0.655,10.6,19.4,10.6,14.8,2.72,4.15,117.5,105.4,-1.47,-0.5,-1.47,0.83,0.83,0.7,-0.13,-3.07,31.6,0,1,Syracuse,2024,1970
Henry King,Alabama,MAC,SF,6-7,79,181,JR,2022,29,805.1016218847965,69.40531223144798,6.8,2.9,1.0,10.0,0.496,0.444,0.54,0.659,6.3,10.1,8.1,12.4,3.06,1.87,108.2,102.9,-2.79,-1.12,-2.79,0.76,0.76,0.98,0.22,-3.07,31.6,0,1,Belmont,2022,1971
Derek Hill,Marquette,AAC,PF,6-9,81,219,R-JR,2024,37,508.1805074543819,34.33652077394472,1.0,4.1,1.3,11.4,0.421,0.355,0.176,0.771,4.7,18.3,10.8,10.1,2.43,1.1,111.6,107.4,-4.87,-1.24,-4.87,0.83,0.83,0.79,-0.04,-3.07,31.6,0,1,Gonzaga,2024,1972
Vince Thomas,Boise State,Big Ten,W,6-6,78,232,R-FR,2024,30,432.47136228643615,36.039280190536346,7.0,3.0,1.9,16.1,0.542,0.298,0.337,0.636,1.8,14.7,15.7,8.6,1.96,1.32,112.3,91.5,-3.77,-0.82,-3.77,1.0,1.0,0.94,-0.06,-3.07,31.6,0,1,Virginia,2024,1973
Owen Taylor,Creighton,A-10,SG,6-4,76,191,R-JR,2022,32,172.59668520072665,13.484116031306769,2.6,2.1,2.2,17.5,0.443,0.31,0.561,0.645,3.2,8.6,18.5,17.4,2.17,0.1,107.0,98.4,-1.43,-0.12,-1.43,0.86,0.86,1.0,0.14,-3.07,31.6,0,1,Baylor,2022,1974
Brandon Hernandez,Oregon,Horizon,W,6-6,78,179,SR,2021,29,398.02285889297815,34.31231542180846,9.5,2.9,1.8,19.0,0.549,0.298,0.408,0.671,5.6,10.8,15.0,11.6,1.72,0.39,112.2,93.8,0.08,0.02,0.08,0.71,0.71,0.79,0.08,-3.08,31.5,0,1,Nebraska,2021,1975
Andrej Johnson,UNLV,AAC,PF,6-6,78,254,R-FR,2021,35,495.73428769285243,35.40959197806089,8.3,5.2,1.9,16.2,0.546,0.337,0.0,0.665,7.5,21.3,16.1,12.8,1.84,2.75,117.6,97.5,-1.47,-0.37,-1.47,0.83,0.83,0.72,-0.11,-3.08,31.5,0,1,Tulsa,2021,1976
Trevion Johnson,St. John's,Big Ten,F,6-9,81,202,R-JR,2022,34,120.68910468387173,8.874198873814098,10.6,4.9,1.6,29.6,0.543,0.332,0.137,0.628,9.3,17.8,13.7,8.7,4.22,2.77,109.2,108.8,-0.99,-0.06,-0.99,1.0,1.0,0.98,-0.02,-3.08,31.5,0,1,Clemson,2022,1977
Flynn Lewis,Mississippi State,Big 12,F,6-7,79,198,SO,2021,25,292.48936960414375,29.248936960414376,8.1,3.7,0.5,26.3,0.423,0.275,0.134,0.601,6.8,13.7,4.2,12.6,1.73,2.25,105.6,98.8,-1.89,-0.28,-1.89,0.98,0.98,0.98,0.0,-3.09,31.5,0,1,Iowa State,2021,1978
Jaylen Campbell,Austin Peay,WCC,SG,6-3,75,196,R-JR,2021,24,433.90537483712734,45.1984765455341,11.1,2.9,0.6,17.9,0.566,0.266,0.444,0.657,4.1,11.9,5.4,14.0,2.85,1.63,112.5,100.3,-4.05,-0.88,-4.05,0.82,0.82,0.83,0.01,-3.09,31.4,0,1,Syracuse,2021,1979
Alex Green,Tennessee Tech,SEC,C,6-9,81,193,JR,2023,25,304.15821986379746,30.41582198637975,11.7,4.2,1.3,24.7,0.46,0.358,0.032,0.664,10.8,12.3,10.5,10.9,0.98,8.94,106.5,101.3,-3.4,-0.52,-3.4,0.96,0.96,0.83,-0.13,-3.09,31.5,0,1,Nevada,2023,1980
Wade Turner,George Mason,Sun Belt,SF,6-3,75,163,JR,2020,18,244.98707683916095,34.02598289432791,4.8,3.8,0.6,18.5,0.535,0.312,0.211,0.696,4.2,17.1,5.3,10.1,1.17,1.76,120.1,102.1,-3.24,-0.4,-3.24,0.72,0.72,0.86,0.14,-3.1,31.4,0,1,Iowa,2020,1981
Marcus Rodriguez,Syracuse,CAA,SG,6-4,76,230,R-FR,2021,29,386.73224223160855,33.33898639927661,1.0,2.2,1.4,11.8,0.469,0.36,0.349,0.665,5.0,7.1,11.4,6.8,1.12,2.38,103.6,102.7,-5.3,-1.02,-5.3,0.77,0.77,0.93,0.16,-3.1,31.4,0,1,Creighton,2021,1982
Damian Taylor,Indiana,MAC,C,6-11,83,187,R-SO,2022,27,463.1448526735056,42.883782654954224,8.1,3.1,1.1,19.0,0.467,0.324,0.518,0.791,6.6,10.4,9.1,12.2,3.19,7.8,114.4,104.7,-2.38,-0.55,-2.38,0.76,0.76,0.96,0.2,-3.1,31.4,0,1,Tennessee Tech,2022,1983
Coleman Turner,SMU,CAA,C,6-10,82,204,R-SO,2023,27,215.17213597366148,19.923345923487172,4.4,5.1,0.5,17.1,0.544,0.264,0.186,0.63,8.2,20.3,4.3,13.1,1.11,1.82,105.6,107.1,-4.2,-0.45,-4.2,0.77,0.77,0.74,-0.03,-3.11,31.3,0,1,Notre Dame,2023,1984
Kofi Lee,James Madison,ACC,C,6-8,80,193,SR,2022,21,414.9822560258807,49.402649526890556,13.4,4.1,0.5,19.8,0.603,0.204,0.085,0.628,4.0,18.5,4.1,4.4,1.82,0.3,106.0,92.8,-1.59,-0.33,-1.59,0.94,0.94,0.82,-0.12,-3.11,31.3,0,1,Saint Mary's,2022,1985
Andre Jackson,Ohio State,MAC,G,6-4,76,165,R-FR,2020,23,226.00000532077402,24.56521796964935,6.4,2.0,2.7,21.6,0.448,0.362,0.361,0.699,1.4,9.5,22.4,16.2,3.07,2.15,96.7,99.3,-3.91,-0.44,-3.91,0.76,0.76,0.71,-0.05,-3.11,31.3,0,1,Dayton,2020,1986
Brandon Carter,LSU,Big Ten,SG,6-4,76,196,R-FR,2023,26,192.2834562645802,18.48879387159425,2.5,2.1,2.7,12.4,0.533,0.328,0.186,0.638,3.7,7.8,22.3,13.7,3.17,2.29,110.5,90.1,-1.6,-0.15,-1.6,1.0,1.0,0.7,-0.3,-3.11,31.3,0,1,Austin Peay,2023,1987
Nick Cooper,Minnesota,MAC,F,6-5,77,202,R-JR,2022,30,521.7784548431455,43.48153790359546,9.5,2.6,0.3,24.5,0.549,0.247,0.093,0.754,2.5,11.7,2.3,15.9,3.28,2.32,111.3,96.2,-1.34,-0.35,-1.34,0.76,0.76,0.79,0.03,-3.11,31.3,0,1,Oklahoma,2022,1988
Trevion Thompson,Gonzaga,Ivy,PF,6-7,79,221,R-FR,2024,29,492.1521410570873,42.42690871181787,1.0,8.2,0.7,14.8,0.528,0.284,0.07,0.62,13.1,32.3,5.9,13.5,3.14,2.92,103.5,99.2,-0.36,-0.09,-0.36,0.71,0.71,0.94,0.23,-3.12,31.3,0,1,Villanova,2024,1989
Victor Gonzalez,St. Bonaventure,MAC,F,6-7,79,196,R-JR,2020,21,480.96856535979373,57.25816254283258,9.4,5.1,1.9,27.4,0.513,0.333,0.155,0.915,8.2,20.0,15.6,15.4,3.52,0.6,120.1,100.0,-1.41,-0.34,-1.41,0.76,0.76,0.94,0.18,-3.13,31.2,0,1,LSU,2020,1990
Jake Edwards,St. Bonaventure,SEC,SG,6-4,76,217,JR,2021,29,463.09956170280606,39.92237600886259,3.5,1.8,1.6,24.4,0.474,0.43,0.292,0.535,3.2,7.0,13.3,16.2,1.74,1.23,108.7,107.0,-1.48,-0.34,-1.48,0.96,0.96,0.74,-0.22,-3.13,31.2,0,1,Louisville,2021,1991
Alex Cooper,Michigan,Big 12,C,6-9,81,195,R-FR,2020,36,411.4007165465944,28.569494204624615,14.0,4.6,0.3,32.8,0.495,0.428,0.022,0.789,6.6,19.0,2.8,11.9,5.06,2.72,116.6,99.4,-1.57,-0.32,-1.57,0.98,0.98,0.77,-0.21,-3.13,31.2,0,1,Tennessee,2020,1992
Andrej Lewis,Northwestern,WCC,C,6-8,80,220,R-SO,2023,34,415.20375524992903,30.529687886024195,3.8,3.0,1.6,18.2,0.499,0.377,0.125,0.682,3.2,13.4,13.0,12.9,1.11,3.02,102.5,100.9,-0.54,-0.11,-0.54,0.82,0.82,0.83,0.01,-3.13,31.2,0,1,Dayton,2023,1993
Cade Lopez,Tennessee,MVC,C,6-9,81,196,SO,2024,26,140.29684277943983,13.490081036484598,4.0,4.4,1.0,28.0,0.509,0.26,0.0,0.745,6.1,18.2,8.7,11.0,2.99,0.67,106.0,102.9,-1.89,-0.13,-1.89,0.79,0.79,0.76,-0.03,-3.14,31.2,0,1,LSU,2024,1994
Wade Rogers,Stanford,CUSA,PF,6-6,78,204,R-JR,2023,20,357.4234583845026,44.67793229806283,6.4,5.3,1.4,26.2,0.487,0.245,0.062,0.796,10.3,19.1,11.4,11.0,2.23,4.73,107.1,97.1,-2.17,-0.39,-2.17,0.74,0.74,0.72,-0.02,-3.14,31.1,0,1,Ohio State,2023,1995
Grant Baker,Tennessee,Big East,SG,6-3,75,180,JR,2022,26,490.0956851631519,47.124585111841526,8.1,1.7,1.6,23.8,0.501,0.343,0.462,0.648,3.0,6.4,12.9,9.7,1.39,0.1,97.5,92.6,-0.49,-0.12,-0.49,0.93,0.93,0.76,-0.17,-3.14,31.1,0,1,Baylor,2022,1996
Ivan Lee,Illinois,Big Ten,W,6-6,78,190,JR,2020,24,557.7321983440146,58.09710399416819,5.5,2.3,1.1,16.7,0.507,0.291,0.17,0.76,3.8,8.8,9.2,15.2,2.22,1.53,104.0,100.6,-2.96,-0.83,-2.96,1.0,1.0,0.94,-0.06,-3.14,31.2,0,1,TCU,2020,1997
Trevion Martinez,Nevada,WCC,SG,6-4,76,181,JR,2024,32,375.7037132359651,29.351852596559777,3.3,2.9,0.6,23.2,0.565,0.294,0.384,0.671,2.2,14.1,5.2,13.1,3.41,0.1,106.1,95.5,-1.07,-0.2,-1.07,0.82,0.82,0.76,-0.06,-3.14,31.2,0,1,Virginia,2024,1998
Malik Bailey,Duke,CAA,SG,6-4,76,194,JR,2023,33,388.9584027225337,29.466545660798012,1.2,2.1,1.9,15.4,0.442,0.272,0.134,0.462,3.2,8.3,16.1,15.0,1.75,0.85,117.3,102.7,-2.65,-0.52,-2.65,0.77,0.77,0.86,0.09,-3.14,31.1,0,1,Michigan,2023,1999
Jake Roberts,Rutgers,AAC,C,6-9,81,162,R-JR,2020,28,561.0538645943733,50.09409505306904,3.6,4.8,2.1,17.5,0.451,0.251,0.418,0.631,4.3,22.3,17.2,7.0,4.3,2.12,94.4,89.7,-1.11,-0.31,-1.11,0.83,0.83,0.98,0.15,-3.16,31.1,0,1,Michigan State,2020,2000
Elijah Thomas,Butler,AAC,PF,6-11,83,204,FR,2023,23,566.7164560508008,61.59961478813053,6.3,6.2,1.7,21.1,0.518,0.242,0.13,0.918,6.9,27.8,14.0,13.7,3.56,6.87,115.4,105.1,-1.32,-0.37,-1.32,0.83,0.83,0.7,-0.13,-3.16,31.0,0,1,Florida State,2023,2001
Evan Cooper,Pittsburgh,CUSA,SF,6-5,77,218,SO,2022,28,89.60000000000001,8.0,1.0,3.1,1.4,12.5,0.672,0.344,0.437,0.746,3.1,14.1,11.3,8.3,3.15,2.16,105.7,95.8,-1.07,-0.05,-1.07,0.74,0.74,0.74,0.0,-3.16,31.1,0,1,Gonzaga,2022,2002
Grant Cook,UNLV,MAC,PG,6-4,76,196,JR,2021,25,335.25710744545,33.525710744545,6.5,1.7,1.9,12.7,0.474,0.338,0.249,0.753,2.4,7.1,15.9,25.2,2.94,0.82,98.6,87.6,-0.01,-0.0,-0.01,0.76,0.76,0.76,0.0,-3.16,31.1,0,1,Mississippi State,2021,2003
Tyrese Perez,SMU,Big 12,C,6-11,83,172,R-JR,2021,18,218.3868515656533,30.331507161896294,8.8,6.2,0.6,21.5,0.456,0.139,0.0,0.746,2.8,31.5,4.9,8.2,0.78,4.41,107.3,100.3,-1.51,-0.17,-1.51,0.98,0.98,0.83,-0.15,-3.16,31.0,0,1,Connecticut,2021,2004
Kevin Reed,LSU,Sun Belt,C,6-9,81,220,JR,2023,27,398.04104298354684,36.85565212810619,1.0,5.4,1.5,13.0,0.476,0.419,0.086,0.617,12.6,17.2,12.7,11.9,2.43,5.66,109.0,93.0,-2.31,-0.46,-2.31,0.72,0.72,0.86,0.14,-3.16,31.0,0,1,Kansas,2023,2005
Victor Phillips,Oklahoma,Big 12,W,6-6,78,193,R-FR,2024,35,220.03590564357083,15.7168504031122,6.2,4.0,1.6,27.9,0.487,0.331,0.42,0.667,4.8,17.5,13.1,17.8,2.25,1.38,114.7,97.4,-2.41,-0.27,-2.41,0.98,0.98,1.0,0.02,-3.17,31.0,0,1,Alabama,2024,2006
Trevion Davis,Cincinnati,AAC,C,6-8,80,208,R-JR,2023,29,434.1304061407625,37.4250350121347,7.1,5.6,1.1,26.4,0.504,0.182,0.21,0.838,8.9,22.1,9.0,8.4,3.14,8.29,105.5,102.1,0.43,0.09,0.43,0.83,0.83,0.83,0.0,-3.17,31.0,0,1,Iowa State,2023,2007
Coleman Murphy,Kansas,SEC,G,6-1,73,192,R-JR,2024,37,526.3918818015718,35.56701904064675,4.3,1.4,1.8,17.7,0.522,0.322,0.16,0.83,3.0,4.9,14.9,18.1,3.13,0.35,119.3,97.6,-3.2,-0.84,-3.2,0.96,0.96,0.83,-0.13,-3.17,31.0,0,1,Creighton,2024,2008
Eric Rivera,Boston College,Ivy,PG,6-3,75,222,JR,2021,29,463.6170934155592,39.96699081168614,6.6,1.7,4.9,27.6,0.553,0.413,0.456,0.678,2.1,7.3,41.1,18.2,2.98,1.92,103.1,102.0,-0.79,-0.18,-0.79,0.71,0.71,0.74,0.03,-3.17,31.0,0,1,Dayton,2021,2009
Owen Scott,Tennessee,Big Ten,PG,6-1,73,184,JR,2023,19,295.39211913713666,38.867384096991664,8.1,1.8,3.3,17.8,0.405,0.327,0.212,0.577,3.1,7.1,27.7,11.1,2.09,3.17,105.7,94.5,-0.35,-0.05,-0.35,1.0,1.0,0.98,-0.02,-3.19,30.9,0,1,Boise State,2023,2010
Henry Harris,DePaul,MAAC,PF,6-8,80,223,R-JR,2022,26,130.57607691967692,12.555392011507397,7.6,4.3,2.0,27.3,0.46,0.375,0.338,0.644,5.6,18.1,16.5,15.5,4.66,3.73,109.2,103.4,-0.87,-0.06,-0.87,0.74,0.74,0.74,0.0,-3.19,30.9,0,1,Michigan,2022,2011
Mike Gonzalez,Oregon,WCC,G,6-1,73,196,FR,2021,29,128.36682156180498,11.066105307052155,11.2,2.5,3.1,28.8,0.588,0.293,0.644,0.601,2.7,11.1,25.9,25.1,1.18,1.32,110.1,105.6,-0.12,-0.01,-0.12,0.82,0.82,0.74,-0.08,-3.19,30.9,0,1,Michigan State,2021,2012
Zach Hall,Virginia Tech,OVC,SG,6-4,76,205,SO,2023,28,241.48780143492428,21.56141084240395,3.9,1.7,2.5,21.2,0.576,0.293,0.225,0.77,1.7,7.8,21.1,10.6,3.39,0.5,121.1,100.3,-3.96,-0.48,-3.96,0.69,0.69,0.74,0.05,-3.2,30.8,0,1,Purdue,2023,2013
Todd Lopez,Miami,Sun Belt,W,6-7,79,227,R-FR,2024,27,436.91688133342916,40.45526679013233,10.5,4.9,1.0,24.5,0.592,0.32,0.558,0.835,10.8,16.5,8.7,10.2,1.15,2.5,132.2,101.3,0.24,0.05,0.24,0.72,0.72,0.71,-0.01,-3.2,30.8,0,1,Minnesota,2024,2014
Tyler Williams,Seton Hall,Big 12,PG,6-2,74,185,R-FR,2022,26,437.625772866219,42.07940123713644,7.0,2.2,4.2,18.1,0.504,0.441,0.464,0.723,2.8,9.2,34.9,16.1,2.37,1.53,117.3,108.3,-2.04,-0.45,-2.04,0.98,0.98,0.94,-0.04,-3.2,30.8,0,1,Duke,2022,2015
Tyler Bailey,Tennessee Tech,ACC,PF,6-4,76,211,R-FR,2022,29,242.092188624391,20.870016260723364,7.1,4.6,1.6,22.2,0.52,0.294,0.14,0.783,6.3,19.3,13.6,14.5,2.17,0.3,107.7,111.0,-1.12,-0.14,-1.12,0.94,0.94,0.96,0.02,-3.2,30.8,0,1,Creighton,2022,2016
Andre Wright,Iowa,A-10,SG,6-6,78,191,R-FR,2024,34,477.27218023054263,35.093542664010485,8.2,1.6,1.6,23.8,0.481,0.311,0.326,0.721,2.5,6.3,13.2,13.8,2.76,1.52,113.0,100.8,-3.03,-0.72,-3.03,0.86,0.86,0.98,0.12,-3.21,30.7,0,1,Purdue,2024,2017
Victor Wilson,Xavier,MVC,G,6-3,75,214,JR,2024,37,275.4028032197515,18.608297514848072,4.0,1.2,3.0,23.5,0.476,0.307,0.41,0.628,0.2,6.7,25.1,21.4,2.34,0.72,116.9,94.5,-2.67,-0.37,-2.67,0.79,0.79,0.71,-0.08,-3.21,30.8,0,1,Rutgers,2024,2018
Kevin Turner,Nebraska,Big Ten,PF,6-10,82,192,R-FR,2024,31,172.5050362711787,13.911696473482154,6.2,6.4,0.9,18.3,0.549,0.386,0.0,0.666,13.1,22.7,7.1,9.6,2.43,0.3,111.1,99.7,-1.76,-0.15,-1.76,1.0,1.0,0.71,-0.29,-3.22,30.7,0,1,Northwestern,2024,2019
Brandon Robinson,UNLV,ACC,SF,6-8,80,211,R-FR,2023,27,230.8984452643351,21.37948567262362,5.6,2.2,1.7,10.0,0.52,0.239,0.549,0.683,5.5,6.7,14.0,12.5,1.58,0.1,103.5,110.1,-2.71,-0.31,-2.71,0.94,0.94,0.83,-0.11,-3.22,30.7,0,1,Richmond,2023,2020
Paul Rogers,Georgia,Ivy,F,6-11,83,189,R-FR,2020,29,341.29975541922863,29.422392708554188,8.5,5.1,1.2,16.3,0.447,0.222,0.0,0.682,7.9,20.4,10.4,5.9,0.49,0.88,110.6,96.0,-3.53,-0.6,-3.53,0.71,0.71,0.83,0.12,-3.22,30.7,0,1,Providence,2020,2021
Elijah Stewart,Villanova,OVC,PF,6-10,82,188,R-SO,2023,22,331.8870696375379,37.7144397315384,1.7,4.9,0.6,21.1,0.525,0.161,0.025,0.641,6.8,20.4,5.3,8.7,2.83,6.87,118.4,92.5,-2.68,-0.44,-2.68,0.69,0.69,0.69,0.0,-3.22,30.7,0,1,North Carolina,2023,2022
Tyrese Cook,Boston College,Sun Belt,SG,6-6,78,198,FR,2020,23,239.24508961018535,26.004901044585363,9.0,2.5,1.3,19.5,0.398,0.346,0.533,0.597,2.6,11.4,11.1,16.1,3.8,0.1,110.1,106.1,-3.83,-0.46,-3.83,0.72,0.72,0.96,0.24,-3.22,30.7,0,1,Miami,2020,2023
Cole Lewis,Duke,OVC,PG,6-2,74,175,R-JR,2023,25,629.185450413827,62.91854504138269,1.0,2.2,2.4,19.1,0.472,0.39,0.243,0.507,4.2,8.1,20.4,18.3,1.37,1.3,111.5,102.1,-1.49,-0.47,-1.49,0.69,0.69,0.83,0.14,-3.22,30.7,0,1,Marquette,2023,2024
Ryan Roberts,Houston,ACC,F,6-4,76,197,FR,2021,17,453.25795550619284,66.65558169208718,9.7,4.9,0.2,17.3,0.528,0.255,0.165,0.669,10.6,16.8,1.0,16.5,3.33,0.89,111.0,105.5,0.74,0.17,0.74,0.94,0.94,0.74,-0.2,-3.23,30.6,0,1,Iowa State,2021,2025
Cameron Mitchell,TCU,WAC,W,6-9,81,213,SR,2020,36,800.7094740152356,55.604824584391366,7.5,1.9,1.7,20.4,0.526,0.236,0.347,0.802,1.9,8.6,14.5,7.4,4.02,2.08,113.3,104.1,-1.73,-0.69,-1.73,0.7,0.7,0.71,0.01,-3.23,30.6,0,1,LSU,2020,2026
Cameron Moore,Illinois,Big East,G,6-4,76,221,R-JR,2023,26,83.2,8.0,2.9,0.6,2.7,23.7,0.508,0.295,0.274,0.634,0.5,2.6,22.5,10.7,1.88,2.14,102.7,105.1,-2.57,-0.11,-2.57,0.93,0.93,1.0,0.07,-3.25,30.5,0,1,Providence,2023,2027
Sean Hernandez,Syracuse,MAC,W,6-6,78,202,JR,2022,31,293.43169930105694,23.66384671782717,3.9,3.9,2.1,16.0,0.47,0.363,0.556,0.7,11.3,10.6,17.4,15.4,1.86,2.81,102.3,86.5,-1.7,-0.25,-1.7,0.76,0.76,0.77,0.01,-3.25,30.5,0,1,Arizona,2022,2028
Uriah Wilson,Maryland,MAAC,PF,6-8,80,160,SO,2023,24,469.57988396154855,48.91457124599464,3.8,4.2,1.5,24.7,0.588,0.252,0.378,0.803,10.2,13.0,12.2,12.2,2.25,4.68,111.5,93.8,-2.87,-0.67,-2.87,0.74,0.74,0.82,0.08,-3.25,30.5,0,1,Alabama,2023,2029
Flynn Reed,Creighton,Horizon,F,6-5,77,213,R-FR,2021,28,377.63032571930114,33.71699336779474,7.8,4.1,0.9,20.2,0.521,0.3,0.284,0.81,5.9,17.1,7.3,10.0,0.58,1.52,114.3,98.2,-1.24,-0.23,-1.24,0.71,0.71,0.71,0.0,-3.25,30.5,0,1,Cincinnati,2021,2030
Wade Adams,Utah State,MAC,C,6-7,79,191,R-JR,2020,35,566.8247488999644,40.48748206428318,5.1,5.9,1.1,22.2,0.429,0.333,0.121,0.849,5.6,27.2,9.6,14.7,1.79,0.66,107.8,102.8,-2.33,-0.66,-2.33,0.76,0.76,0.96,0.2,-3.26,30.4,0,1,James Madison,2020,2031
Sean Cook,Dayton,ACC,C,7-0,84,168,JR,2021,27,86.4,8.0,12.9,4.4,0.4,21.0,0.53,0.235,0.011,0.78,9.7,14.6,3.0,12.8,1.3,5.46,111.9,110.7,-0.95,-0.04,-0.95,0.94,0.94,0.94,0.0,-3.26,30.5,0,1,Wisconsin,2021,2032
Jordan Rivera,Richmond,SEC,C,6-8,80,173,FR,2020,35,443.95339998425186,31.710957141732276,3.8,6.0,0.8,27.6,0.521,0.318,0.129,0.582,8.8,24.6,6.7,13.3,3.74,0.3,113.6,101.5,0.45,0.1,0.45,0.96,0.96,0.71,-0.25,-3.26,30.4,0,1,Notre Dame,2020,2033
Xavier Bell,Duke,WCC,SF,6-8,80,188,R-JR,2023,26,279.12783926402506,26.839215313848563,7.0,4.3,1.6,24.3,0.501,0.348,0.415,0.599,3.1,20.6,13.1,10.9,3.63,1.78,114.6,97.9,-1.18,-0.17,-1.18,0.82,0.82,0.96,0.14,-3.26,30.4,0,1,Kentucky,2023,2034
Kofi Bailey,Davidson,WCC,G,6-4,76,231,R-JR,2024,21,392.5110681767768,46.727508116282955,4.9,1.6,2.4,14.1,0.603,0.297,0.483,0.794,2.6,6.1,20.2,16.1,3.04,1.09,106.8,89.9,-1.59,-0.31,-1.59,0.82,0.82,0.98,0.16,-3.27,30.4,0,1,Vanderbilt,2024,2035
Will Allen,Houston,Horizon,PF,6-7,79,213,R-JR,2024,22,105.27460807692599,11.963023645105226,5.0,4.3,1.0,17.9,0.604,0.356,0.531,0.722,5.5,18.6,8.2,12.2,2.92,6.58,96.0,106.3,0.64,0.03,0.64,0.71,0.71,0.79,0.08,-3.27,30.4,0,1,Nevada,2024,2036
Alex Taylor,Georgetown,Sun Belt,C,7-0,84,189,R-SO,2022,29,92.8,8.0,9.8,4.5,0.5,27.9,0.622,0.413,0.037,0.782,6.0,19.1,3.9,9.7,1.52,6.75,118.8,100.8,-2.1,-0.1,-2.1,0.72,0.72,0.71,-0.01,-3.27,30.4,0,1,Iowa State,2022,2037
Blake Phillips,BYU,A-10,F,6-9,81,191,R-FR,2020,21,287.12204314839835,34.18119561290457,5.4,4.6,0.3,13.9,0.543,0.378,0.103,0.759,4.1,21.5,2.1,6.3,3.2,2.4,106.9,96.1,-1.7,-0.24,-1.7,0.86,0.86,0.96,0.1,-3.27,30.4,0,1,Mississippi State,2020,2038
Kofi Moore,USC,MVC,G,6-0,72,176,R-JR,2020,30,559.9216497280152,46.6601374773346,9.2,2.0,3.1,20.5,0.428,0.23,0.501,0.638,0.7,10.5,25.9,19.2,4.39,2.13,103.4,102.0,-2.35,-0.66,-2.35,0.79,0.79,0.69,-0.1,-3.27,30.4,0,1,Boston College,2020,2039
Quinn Thompson,Rutgers,Big 12,PF,6-7,79,187,R-FR,2024,20,292.41530088613496,36.55191261076687,5.7,5.7,1.2,20.7,0.52,0.293,0.299,0.765,16.3,15.4,10.1,12.8,2.37,1.34,100.9,98.1,-3.68,-0.54,-3.68,0.98,0.98,0.94,-0.04,-3.27,30.4,0,1,Marquette,2024,2040
Elijah Garcia,Michigan State,A-10,C,6-10,82,209,R-JR,2022,35,545.5060632275395,38.9647188019671,7.8,4.0,1.1,14.6,0.417,0.295,0.0,0.715,10.7,11.6,9.5,7.8,3.58,5.02,103.2,91.1,-1.55,-0.42,-1.55,0.86,0.86,0.93,0.07,-3.28,30.3,0,1,Alabama,2022,2041
Patrick Wright,Florida State,AAC,PF,6-9,81,234,JR,2021,32,102.4,8.0,9.5,3.4,1.4,20.2,0.542,0.405,0.425,0.781,6.6,12.0,12.0,16.8,0.2,7.22,108.8,87.8,0.27,0.01,0.27,0.83,0.83,0.83,0.0,-3.28,30.3,0,1,Georgetown,2021,2042
Will Taylor,Kentucky,WCC,SF,6-6,78,199,R-FR,2022,34,721.4835905917496,53.050264014099234,8.2,2.3,1.3,21.8,0.494,0.345,0.324,0.596,6.9,6.0,11.0,20.8,2.62,1.88,107.5,89.4,-0.93,-0.33,-0.93,0.82,0.82,0.94,0.12,-3.28,30.3,0,1,Hofstra,2022,2043
Alex Lee,James Madison,A-10,SF,6-6,78,195,SR,2023,26,83.2,8.0,1.0,2.5,1.5,19.4,0.483,0.327,0.473,0.661,0.5,13.3,12.7,15.9,1.02,1.94,102.8,88.5,-2.14,-0.09,-2.14,0.86,0.86,0.96,0.1,-3.28,30.3,0,1,Duke,2023,2044
Mike Carter,Duke,CUSA,PG,6-1,73,221,JR,2024,31,518.826556349013,41.84085131846879,2.5,2.1,2.3,18.7,0.395,0.391,0.227,0.548,2.3,9.6,18.8,24.5,4.04,0.1,104.8,85.3,-1.32,-0.34,-1.32,0.74,0.74,0.69,-0.05,-3.29,30.2,0,1,SMU,2024,2045
Will Edwards,Austin Peay,ACC,PF,6-7,79,171,R-FR,2022,24,186.4997340242357,19.427055627524553,6.3,3.9,1.2,13.5,0.462,0.221,0.219,0.656,6.6,14.9,9.9,13.4,0.33,2.6,108.5,100.9,-1.94,-0.18,-1.94,0.94,0.94,1.0,0.06,-3.29,30.3,0,1,Providence,2022,2046
Andre Hill,Florida State,WAC,F,6-5,77,224,JR,2021,28,154.9584696072708,13.835577643506323,2.8,3.4,0.6,18.8,0.434,0.205,0.169,0.655,4.3,14.7,5.3,7.4,3.28,1.14,91.1,95.5,-0.54,-0.04,-0.54,0.7,0.7,0.98,0.28,-3.3,30.2,0,1,Tulsa,2021,2047
Henry Hall,George Mason,Ivy,PG,5-11,71,186,R-FR,2024,24,80.1506864526537,8.349029838818092,7.3,1.7,3.1,22.3,0.523,0.303,0.221,0.756,2.7,7.0,25.5,17.3,2.06,1.32,103.9,93.6,-2.07,-0.08,-2.07,0.71,0.71,0.74,0.03,-3.3,30.2,0,1,Creighton,2024,2048
Luke Clark,Rutgers,CUSA,C,6-9,81,220,JR,2021,31,698.3256631396725,56.31658573707036,8.6,3.7,1.1,21.3,0.472,0.393,0.353,0.809,7.2,13.3,9.0,12.4,1.99,2.97,101.4,103.3,-2.94,-1.02,-2.94,0.74,0.74,0.94,0.2,-3.3,30.2,0,1,Penn State,2021,2049
Alex Evans,Boise State,AAC,PF,6-6,78,211,JR,2022,25,475.78940130293813,47.578940130293816,5.2,6.0,0.4,23.2,0.599,0.107,0.165,0.864,8.0,25.6,3.3,7.4,3.33,6.63,111.8,103.9,-0.6,-0.14,-0.6,0.83,0.83,0.79,-0.04,-3.3,30.2,0,1,Penn State,2022,2050
Omar Robinson,Notre Dame,Ivy,PF,6-10,82,222,R-FR,2020,29,421.7741167563323,36.35983765140796,3.7,4.5,1.2,20.8,0.514,0.329,0.279,0.741,1.0,23.8,9.8,7.2,2.4,5.26,97.7,95.3,-3.3,-0.7,-3.3,0.71,0.71,0.82,0.11,-3.3,30.2,0,1,Providence,2020,2051
Luka Harris,SMU,CUSA,PG,6-4,76,191,R-FR,2023,28,402.6861559703539,35.954121068781596,12.1,1.7,2.9,21.6,0.467,0.36,0.214,0.751,3.3,6.0,23.9,14.9,2.79,0.61,119.9,106.7,-0.16,-0.03,-0.16,0.74,0.74,0.98,0.24,-3.3,30.2,0,1,Penn State,2023,2052
Zion Cooper,Auburn,Big East,G,6-0,72,203,R-FR,2021,29,279.51552646434175,24.09616607451222,3.8,2.2,1.8,26.5,0.49,0.349,0.386,0.579,4.5,7.5,14.9,14.8,3.58,1.75,108.1,95.0,-0.37,-0.05,-0.37,0.93,0.93,0.69,-0.24,-3.31,30.2,0,1,St. Bonaventure,2021,2053
Kofi Turner,Saint Mary's,CAA,C,7-0,84,232,JR,2023,25,105.48652304181716,10.548652304181717,5.1,4.6,1.8,20.3,0.545,0.23,0.303,0.729,12.2,13.5,14.7,17.5,3.11,5.72,114.9,100.9,-2.95,-0.16,-2.95,0.77,0.77,0.96,0.19,-3.31,30.2,0,1,Baylor,2023,2054
Malik Taylor,Creighton,A-10,PG,6-3,75,224,FR,2021,33,105.60000000000001,8.0,6.0,1.7,2.5,11.4,0.614,0.336,0.455,0.779,0.2,9.0,20.5,16.6,4.27,1.28,115.9,97.8,-0.34,-0.02,-0.34,0.86,0.86,0.96,0.1,-3.31,30.1,0,1,James Madison,2021,2055
Alex Roberts,Ohio State,ACC,SF,6-7,79,201,FR,2024,29,249.33658475882953,21.494533168864617,5.8,4.0,2.8,21.6,0.564,0.379,0.07,0.656,8.3,14.0,23.2,20.8,2.5,1.25,103.6,95.4,-0.82,-0.1,-0.82,0.94,0.94,0.79,-0.15,-3.31,30.2,0,1,Kentucky,2024,2056
Xavier Lopez,Stanford,Big Ten,F,6-8,80,221,FR,2021,31,611.0227717263988,49.27602997793539,8.6,3.3,0.9,18.1,0.405,0.294,0.122,0.805,10.1,8.5,7.5,12.1,1.4,2.18,112.5,100.3,-1.45,-0.44,-1.45,1.0,1.0,0.72,-0.28,-3.32,30.1,0,1,Creighton,2021,2057
Ivan Campbell,Mississippi State,Horizon,SF,6-6,78,208,R-FR,2020,31,503.4740332072235,40.60274461348576,10.3,2.5,1.1,22.8,0.536,0.351,0.685,0.692,4.7,9.0,8.8,9.0,1.31,1.43,113.4,99.5,-2.83,-0.71,-2.83,0.71,0.71,0.74,0.03,-3.32,30.1,0,1,Hofstra,2020,2058
Isaiah Lee,Memphis,ACC,PG,6-4,76,204,FR,2024,32,710.4926272441294,55.507236503447615,9.2,2.5,2.9,24.8,0.528,0.262,0.684,0.624,4.4,9.7,23.9,24.1,3.2,1.61,107.2,99.0,-0.83,-0.3,-0.83,0.94,0.94,0.83,-0.11,-3.32,30.1,0,1,Kansas,2024,2059
Blake Nelson,Wisconsin,CUSA,F,6-6,78,219,R-JR,2023,30,544.2137599406918,45.35114666172432,6.9,5.1,1.1,18.1,0.531,0.301,0.347,0.695,10.4,18.2,9.5,18.0,3.4,1.58,112.3,94.8,-0.84,-0.23,-0.84,0.74,0.74,0.7,-0.04,-3.32,30.1,0,1,Duquesne,2023,2060
Victor Walker,Austin Peay,Big East,W,6-5,77,206,FR,2020,27,213.0560638702613,19.72741332132049,1.0,4.5,2.3,12.4,0.537,0.344,0.383,0.773,6.6,18.6,19.5,13.1,3.6,1.7,119.3,97.9,-0.12,-0.01,-0.12,0.93,0.93,0.74,-0.19,-3.32,30.1,0,1,Creighton,2020,2061
Darius Morris,Tennessee,Horizon,SG,6-3,75,228,FR,2022,23,391.2669949889309,42.52902119444901,5.1,1.8,1.0,18.5,0.447,0.374,0.447,0.899,3.2,7.0,8.3,18.7,2.19,0.1,109.1,93.2,-3.76,-0.74,-3.76,0.71,0.71,0.69,-0.02,-3.33,30.0,0,1,St. John's,2022,2062
DeShawn Campbell,San Diego State,SEC,G,6-4,76,223,FR,2024,28,115.9371432564393,10.351530647896366,5.0,2.5,1.7,38.0,0.463,0.368,0.58,0.678,3.1,10.7,14.5,14.6,3.17,1.28,103.3,94.4,-3.43,-0.2,-3.43,0.96,0.96,0.94,-0.02,-3.33,30.0,0,1,Michigan State,2024,2063
Eric Taylor,Purdue,Sun Belt,SG,6-5,77,199,R-FR,2020,27,251.7050837285334,23.3060262711605,13.4,2.9,2.4,23.5,0.578,0.335,0.665,0.697,4.6,11.7,19.8,15.3,2.32,1.51,118.4,94.4,-0.71,-0.09,-0.71,0.72,0.72,0.77,0.05,-3.33,30.0,0,1,Villanova,2020,2064
Blake Stewart,Saint Mary's,Sun Belt,SG,6-3,75,198,JR,2024,31,223.44994951142053,18.020157218662945,5.7,1.2,1.6,21.8,0.57,0.35,0.44,0.786,0.4,6.5,13.6,14.8,0.2,0.24,111.3,105.2,-1.67,-0.19,-1.67,0.72,0.72,1.0,0.28,-3.33,30.0,0,1,St. Bonaventure,2024,2065
Elijah Brown,Seton Hall,CUSA,SG,6-5,77,180,R-JR,2022,31,591.3044029935447,47.685838951092315,5.2,1.7,2.3,19.9,0.573,0.37,0.659,0.675,3.2,6.1,19.4,7.5,1.96,2.56,110.7,88.6,-1.88,-0.56,-1.88,0.74,0.74,0.69,-0.05,-3.34,30.0,0,1,Saint Mary's,2022,2066
Luka Bell,Dayton,ACC,W,6-7,79,213,JR,2020,25,314.8366077030051,31.48366077030051,5.6,4.0,2.3,19.0,0.546,0.325,0.465,0.824,7.1,15.3,19.2,12.8,2.41,1.39,111.0,96.1,-0.49,-0.08,-0.49,0.94,0.94,0.94,0.0,-3.34,30.0,0,1,Georgetown,2020,2067
Uriah Evans,Florida State,Ivy,PF,6-6,78,188,R-JR,2023,33,377.4054576719599,28.59132255090605,4.6,4.5,0.9,18.0,0.565,0.157,0.367,0.812,8.9,15.9,7.8,15.3,2.74,3.43,128.9,90.0,-1.57,-0.3,-1.57,0.71,0.71,1.0,0.29,-3.34,30.0,0,1,Virginia Tech,2023,2068
Sean Reed,Richmond,CAA,PG,5-11,71,155,R-JR,2022,17,252.8749674175699,37.18749520846616,1.0,2.1,3.1,10.3,0.425,0.439,0.356,0.578,6.2,5.7,25.7,14.1,2.99,1.49,102.5,90.9,-3.83,-0.48,-3.83,0.77,0.77,0.86,0.09,-3.35,29.9,0,1,Virginia Tech,2022,2069
Elijah Young,Northwestern,Big 12,C,7-0,84,201,R-FR,2024,23,73.60000000000001,8.0,1.0,4.4,1.1,15.8,0.554,0.345,0.308,0.676,6.4,18.0,8.8,14.2,0.2,2.66,103.0,83.0,-1.82,-0.07,-1.82,0.98,0.98,0.77,-0.21,-3.35,29.9,0,1,North Carolina,2024,2070
DeShawn Mitchell,Nebraska,ACC,G,6-3,75,176,R-JR,2022,29,92.8,8.0,7.0,1.3,2.3,21.4,0.534,0.206,0.077,0.711,1.1,6.1,19.0,12.7,0.97,1.5,95.4,95.2,-2.19,-0.1,-2.19,0.94,0.94,1.0,0.06,-3.36,29.8,0,1,USC,2022,2071
Evan Nelson,Baylor,OVC,PF,6-8,80,195,SR,2020,19,318.0078139645114,41.843133416383075,6.3,4.7,0.9,14.3,0.497,0.225,0.45,0.568,5.6,20.6,7.1,12.5,3.63,6.14,106.2,98.4,-0.21,-0.03,-0.21,0.69,0.69,0.86,0.17,-3.36,29.8,0,1,Xavier,2020,2072
Darius Lewis,DePaul,Sun Belt,W,6-9,81,173,R-FR,2020,30,96.0,8.0,12.4,2.7,2.0,25.6,0.508,0.328,0.128,0.66,5.0,9.9,16.6,18.1,2.67,0.47,113.0,98.6,-2.67,-0.13,-2.67,0.72,0.72,0.82,0.1,-3.36,29.8,0,1,Maryland,2020,2073
Andre Young,Marquette,Big Ten,SF,6-8,80,200,R-FR,2023,26,274.5573243165835,26.399742722748407,7.8,1.9,1.9,28.9,0.485,0.245,0.434,0.678,1.9,8.7,15.6,10.5,2.46,3.23,111.1,89.3,-2.97,-0.41,-2.97,1.0,1.0,0.71,-0.29,-3.36,29.8,0,1,Baylor,2023,2074
Derek Murphy,Nebraska,ACC,C,6-10,82,186,FR,2021,24,76.8,8.0,4.3,4.4,1.0,12.5,0.633,0.203,0.067,0.632,9.4,14.9,8.2,9.0,1.72,4.35,111.6,110.1,-0.27,-0.01,-0.27,0.94,0.94,0.83,-0.11,-3.36,29.8,0,1,James Madison,2021,2075
Brandon Anderson,Creighton,CUSA,SG,6-5,77,203,R-FR,2021,22,263.94282667390655,29.993503031125748,11.8,2.9,1.9,16.2,0.568,0.343,0.512,0.616,4.8,11.4,15.8,21.0,1.82,2.29,113.6,95.2,-2.11,-0.28,-2.11,0.74,0.74,0.72,-0.02,-3.36,29.8,0,1,Fordham,2021,2076
Andre Martin,Baylor,A-10,C,6-9,81,195,R-JR,2024,30,209.5260743512731,17.460506195939427,5.4,4.1,1.3,11.7,0.529,0.334,0.0,0.863,3.5,19.5,11.2,15.4,0.76,5.81,102.0,100.1,-4.93,-0.52,-4.93,0.86,0.86,0.94,0.08,-3.37,29.8,0,1,Ohio State,2024,2077
Nick Robinson,St. John's,OVC,PG,5-11,71,194,FR,2021,33,791.6962431996943,59.97698812118896,3.4,2.7,2.5,18.7,0.567,0.319,0.162,0.77,3.2,11.9,20.5,17.3,2.37,2.39,99.6,103.7,-0.78,-0.31,-0.78,0.69,0.69,0.96,0.27,-3.37,29.8,0,1,Florida State,2021,2078
Omar Carter,UNLV,ACC,PF,6-7,79,237,R-FR,2022,34,594.5669345731677,43.71815695390939,8.1,4.6,0.6,28.2,0.534,0.185,0.372,0.97,7.6,17.7,5.3,12.2,2.39,0.3,115.6,104.9,-2.2,-0.65,-2.2,0.94,0.94,0.86,-0.08,-3.37,29.8,0,1,Pittsburgh,2022,2079
Tyrese Robinson,Notre Dame,ACC,PF,6-7,79,223,R-FR,2024,24,517.2063809774088,53.87566468514674,7.7,6.2,0.6,22.1,0.544,0.204,0.061,0.69,4.0,30.7,4.8,10.4,2.57,5.11,115.8,92.2,-2.95,-0.76,-2.95,0.94,0.94,0.74,-0.2,-3.38,29.7,0,1,Maryland,2024,2080
Tanner Phillips,SMU,WAC,PF,6-9,81,174,R-SO,2022,21,328.21204200082695,39.07286214295559,3.0,4.6,0.8,16.3,0.448,0.281,0.408,0.716,11.8,13.6,6.7,9.6,2.0,6.17,106.3,97.4,-0.9,-0.15,-0.9,0.7,0.7,0.86,0.16,-3.38,29.7,0,1,Air Force,2022,2081
Trevion Carter,Tennessee Tech,Horizon,G,6-2,74,197,JR,2022,30,294.51723767714293,24.54310313976191,4.4,2.3,3.0,21.8,0.484,0.277,0.564,0.769,1.4,11.3,25.1,13.3,2.9,2.23,97.1,84.7,-1.9,-0.28,-1.9,0.71,0.71,0.74,0.03,-3.38,29.7,0,1,Northwestern,2022,2082
Ryan Wright,Oregon,Big East,PG,6-1,73,220,R-FR,2020,27,493.42455586523306,45.68745887641047,3.5,2.0,2.7,13.3,0.461,0.322,0.266,0.718,0.4,10.4,22.8,18.9,3.64,1.06,103.4,95.0,-2.63,-0.65,-2.63,0.93,0.93,0.93,0.0,-3.38,29.7,0,1,DePaul,2020,2083
Victor Rivera,Iowa State,Big Ten,G,6-3,75,235,SR,2022,33,357.2852855733928,27.067067088893396,6.2,1.7,2.1,17.8,0.515,0.321,0.639,0.559,1.6,8.1,17.5,20.5,2.14,1.76,111.2,97.4,-3.69,-0.66,-3.69,1.0,1.0,0.94,-0.06,-3.38,29.7,0,1,Cincinnati,2022,2084
Jaylen Adams,Richmond,CUSA,C,7-1,85,222,R-FR,2024,29,272.6448484730804,23.503866247679344,2.6,3.8,1.5,20.8,0.525,0.187,0.278,0.789,7.6,13.5,12.2,16.7,2.58,2.68,102.0,102.4,-4.15,-0.57,-4.15,0.74,0.74,1.0,0.26,-3.39,29.6,0,1,Connecticut,2024,2085
Luke King,Eastern Kentucky,Big 12,W,6-7,79,210,R-JR,2021,33,392.5818581855676,29.741049862543,5.0,2.5,1.2,24.7,0.545,0.337,0.552,0.77,3.5,10.6,9.8,9.7,4.88,3.17,120.1,100.8,-1.62,-0.32,-1.62,0.98,0.98,0.93,-0.05,-3.39,29.7,0,1,Nebraska,2021,2086
Alex Parker,Utah State,WCC,PG,6-2,74,222,R-JR,2023,29,403.233261547841,34.76148806446905,5.8,1.7,3.9,16.9,0.51,0.321,0.526,0.638,0.2,9.4,32.5,12.7,3.56,2.02,100.9,94.5,-2.31,-0.47,-2.31,0.82,0.82,0.86,0.04,-3.4,29.6,0,1,Wisconsin,2023,2087
Cameron Lopez,Tulsa,A-10,F,6-5,77,227,R-JR,2024,16,169.41799367712326,26.471561512050513,1.0,4.0,1.4,16.4,0.512,0.402,0.233,0.628,1.3,21.0,11.8,11.2,2.8,1.15,118.8,104.5,-4.27,-0.36,-4.27,0.86,0.86,0.7,-0.16,-3.4,29.6,0,1,Wake Forest,2024,2088
Kevin Martin,Purdue,CUSA,PG,6-2,74,180,SO,2024,37,269.92041084956924,18.237865597943866,5.0,1.3,3.3,26.6,0.453,0.299,0.682,0.753,1.0,6.4,27.5,23.3,2.13,1.54,115.1,99.8,-4.12,-0.56,-4.12,0.74,0.74,0.86,0.12,-3.4,29.6,0,1,Houston,2024,2089
Cameron Rivera,Ohio State,AAC,PF,6-7,79,238,SR,2023,25,198.69618405473938,19.869618405473936,7.8,5.2,0.8,13.4,0.479,0.284,0.0,0.691,9.6,19.4,7.0,6.6,3.42,0.3,110.5,107.6,-1.15,-0.11,-1.15,0.83,0.83,0.74,-0.09,-3.4,29.6,0,1,Minnesota,2023,2090
Kevin Garcia,Fordham,CUSA,G,6-2,74,222,R-FR,2022,33,328.826820190965,24.91112274173977,6.7,2.2,2.6,20.0,0.452,0.478,0.413,0.829,2.6,9.7,21.6,17.1,1.42,1.93,102.2,103.0,0.16,0.03,0.16,0.74,0.74,0.98,0.24,-3.41,29.5,0,1,Davidson,2022,2091
Darius Bailey,Gonzaga,Horizon,SF,6-3,75,219,R-JR,2021,21,222.9452512578614,26.541101340221594,12.8,3.6,1.7,29.7,0.513,0.356,0.479,0.477,7.8,12.4,14.1,14.7,2.4,1.24,106.3,90.7,-1.01,-0.11,-1.01,0.71,0.71,1.0,0.29,-3.42,29.5,0,1,Creighton,2021,2092
Tanner Martinez,SMU,MAAC,G,6-3,75,193,R-JR,2020,28,275.27909209268364,24.578490365418183,4.3,2.4,2.2,22.3,0.546,0.345,0.292,0.954,3.0,10.3,18.4,18.9,2.38,0.1,105.2,94.6,-1.67,-0.23,-1.67,0.74,0.74,0.72,-0.02,-3.42,29.5,0,1,Michigan,2020,2093
Henry Taylor,Florida,WCC,W,6-8,80,199,R-JR,2020,25,208.4883263101166,20.84883263101166,10.9,3.8,1.5,20.5,0.506,0.368,0.467,0.565,9.0,12.2,12.3,10.4,4.19,3.86,125.1,99.4,-0.17,-0.02,-0.17,0.82,0.82,0.71,-0.11,-3.42,29.5,0,1,Maryland,2020,2094
Coleman Gonzalez,St. Bonaventure,A-10,SG,6-4,76,209,R-JR,2023,34,331.592360045287,24.381791179800512,7.2,1.6,2.7,22.9,0.548,0.236,0.517,0.675,2.9,5.9,22.2,10.1,4.15,1.53,109.6,93.3,-1.47,-0.24,-1.47,0.86,0.86,0.69,-0.17,-3.43,29.4,0,1,Michigan State,2023,2095
Brandon Wilson,Richmond,Sun Belt,SF,6-5,77,196,R-SO,2021,29,374.42093588152835,32.27766688633865,3.7,4.1,1.3,14.4,0.514,0.406,0.294,0.783,8.4,14.4,10.5,12.6,0.2,1.38,116.7,97.7,-2.54,-0.48,-2.54,0.72,0.72,0.72,0.0,-3.43,29.4,0,1,Clemson,2021,2096
Cameron Cook,Richmond,CUSA,SF,6-7,79,204,R-JR,2024,26,151.68782097726512,14.585367401660111,6.6,2.3,2.7,23.0,0.462,0.325,0.587,0.641,2.5,10.1,22.2,18.2,3.36,0.95,98.7,107.6,-4.07,-0.31,-4.07,0.74,0.74,1.0,0.26,-3.43,29.4,0,1,Saint Mary's,2024,2097
Andrej Collins,Vanderbilt,Big Ten,SG,6-2,74,210,R-FR,2020,36,422.34042490504,29.32919617396111,8.7,2.6,1.6,21.9,0.547,0.406,0.285,0.796,3.9,10.7,13.2,12.3,1.33,0.69,103.6,100.2,-1.31,-0.28,-1.31,1.0,1.0,0.71,-0.29,-3.44,29.4,0,1,Auburn,2020,2098
Kofi Adams,Texas,SEC,W,6-4,76,214,R-JR,2021,32,506.29609028252287,39.5543820533221,5.5,4.9,2.2,22.0,0.489,0.376,0.147,0.853,11.2,15.8,18.0,16.4,1.88,1.39,117.5,92.3,-2.51,-0.64,-2.51,0.96,0.96,0.96,0.0,-3.44,29.4,0,1,Memphis,2021,2099
Cade Davis,Connecticut,WAC,PG,6-0,72,218,R-JR,2023,23,211.98096523677356,23.04140926486669,2.8,0.8,2.2,17.4,0.498,0.337,0.363,0.804,1.4,3.0,18.5,14.9,3.67,2.35,120.3,105.0,-5.75,-0.61,-5.75,0.7,0.7,1.0,0.3,-3.45,29.3,0,1,Cincinnati,2023,2100
Damian Jackson,Wake Forest,ACC,SF,6-7,79,197,FR,2024,31,348.0990603558373,28.072504867406234,5.2,3.7,1.0,22.8,0.529,0.383,0.578,0.8,9.3,11.2,8.2,13.6,5.13,1.46,96.1,114.5,-0.53,-0.09,-0.53,0.94,0.94,0.77,-0.17,-3.45,29.3,0,1,Villanova,2024,2101
Kyle Edwards,LSU,WAC,C,6-9,81,180,R-FR,2023,35,131.38451585167923,9.384608275119943,3.2,3.3,1.3,26.5,0.4,0.394,0.228,0.755,3.0,15.5,10.4,13.2,2.64,5.32,108.2,91.9,-1.69,-0.11,-1.69,0.7,0.7,0.74,0.04,-3.45,29.3,0,1,Cincinnati,2023,2102
Henry Mitchell,Wichita State,Horizon,SG,6-3,75,203,R-FR,2022,27,146.62976565688706,13.57683015341547,5.2,2.0,1.9,23.6,0.513,0.371,0.527,0.698,1.9,9.3,16.1,15.5,4.11,2.16,119.7,92.7,-3.31,-0.24,-3.31,0.71,0.71,0.77,0.06,-3.46,29.2,0,1,William & Mary,2022,2103
Jaylen Allen,Purdue,Big Ten,SG,6-5,77,212,SO,2020,18,174.77838590286234,24.274775819841988,3.3,2.4,2.6,24.6,0.475,0.359,0.32,0.594,2.7,10.9,21.6,11.9,1.14,1.98,112.4,98.1,-2.46,-0.21,-2.46,1.0,1.0,0.96,-0.04,-3.46,29.2,0,1,Xavier,2020,2104
Kevin Anderson,Davidson,SEC,W,6-4,76,240,R-JR,2020,24,234.9118227843477,24.46998154003622,9.4,3.7,1.3,24.5,0.519,0.315,0.519,0.826,6.6,14.1,11.0,5.0,2.79,2.3,112.3,103.6,-1.58,-0.19,-1.58,0.96,0.96,0.86,-0.1,-3.46,29.2,0,1,Miami,2020,2105
Victor Lewis,Creighton,OVC,F,6-8,80,191,JR,2020,32,370.19798687742036,28.921717724798466,7.2,6.4,1.2,24.3,0.467,0.142,0.027,0.692,16.9,18.7,9.7,16.0,1.11,0.1,123.2,102.9,-1.53,-0.28,-1.53,0.69,0.69,1.0,0.31,-3.47,29.2,0,1,Wake Forest,2020,2106
Trevion Brown,Wake Forest,CUSA,F,6-6,78,183,R-JR,2023,24,275.09650754785144,28.655886202901193,8.2,3.7,0.2,26.4,0.473,0.312,0.215,0.705,5.3,15.2,1.0,9.8,1.58,2.05,104.6,103.8,-1.96,-0.27,-1.96,0.74,0.74,0.72,-0.02,-3.47,29.2,0,1,Virginia,2023,2107
Paul Baker,Georgia,CUSA,SG,6-3,75,183,R-JR,2020,29,472.7719459169827,40.75620223422264,2.7,2.1,1.7,12.7,0.521,0.455,0.215,0.643,3.8,8.0,14.6,8.9,0.84,1.81,106.6,110.0,-4.06,-0.96,-4.06,0.74,0.74,0.86,0.12,-3.47,29.2,0,1,James Madison,2020,2108
Vince Turner,Fordham,CAA,PF,6-8,80,201,R-JR,2024,34,151.82419770640843,11.16354394900062,7.5,4.1,0.2,28.5,0.492,0.192,0.224,0.683,1.6,21.3,1.3,11.0,3.3,3.17,102.6,103.7,-1.43,-0.11,-1.43,0.77,0.77,0.71,-0.06,-3.47,29.2,0,1,Eastern Kentucky,2024,2109
Nick Davis,Wisconsin,CAA,SF,6-5,77,181,R-SO,2022,22,283.639164563149,32.23172324581239,7.6,1.8,0.8,21.6,0.58,0.248,0.359,0.729,4.4,5.4,7.0,11.2,2.54,2.64,100.2,95.3,-5.15,-0.73,-5.15,0.77,0.77,0.83,0.06,-3.48,29.1,0,1,Northwestern,2022,2110
Omar Nelson,Baylor,Sun Belt,C,6-8,80,196,R-JR,2022,32,110.46921014358666,8.630407042467708,2.9,5.5,0.8,19.8,0.485,0.226,0.238,0.784,13.1,17.4,6.6,9.7,2.22,5.13,114.1,94.0,-0.7,-0.04,-0.7,0.72,0.72,0.86,0.14,-3.48,29.1,0,1,TCU,2022,2111
Tanner Moore,James Madison,MAAC,PF,6-10,82,205,R-JR,2023,15,225.27438015391783,37.54573002565297,1.0,4.0,0.8,12.5,0.551,0.289,0.163,0.805,7.9,14.5,7.0,16.5,2.74,3.54,109.1,89.6,-0.22,-0.03,-0.22,0.74,0.74,0.69,-0.05,-3.48,29.1,0,1,Texas,2023,2112
Vince Morgan,Seton Hall,A-10,C,6-8,80,211,R-FR,2024,31,272.70126842030845,21.99203777583133,4.0,3.9,0.2,23.3,0.476,0.213,0.098,0.722,6.2,15.5,1.0,14.9,2.08,2.14,124.2,93.8,-2.86,-0.39,-2.86,0.86,0.86,0.69,-0.17,-3.48,29.1,0,1,Tulsa,2024,2113
Cameron Reed,Virginia Tech,SEC,C,6-11,83,215,SO,2020,37,713.7308922361913,48.225060286229144,9.2,4.4,1.9,20.5,0.553,0.194,0.091,0.681,6.6,17.9,16.1,16.4,2.04,1.48,121.8,97.9,-3.63,-1.3,-3.63,0.96,0.96,0.83,-0.13,-3.49,29.1,0,1,San Diego State,2020,2114
Flynn Martin,Xavier,Horizon,G,6-2,74,194,R-FR,2020,22,502.0646510492059,57.052801255591575,6.4,1.9,2.4,16.1,0.562,0.228,0.525,0.717,0.5,10.1,19.7,27.3,0.82,0.9,118.1,96.8,-2.67,-0.67,-2.67,0.71,0.71,0.74,0.03,-3.49,29.1,0,1,Florida,2020,2115
Zach Davis,UCLA,WCC,SG,6-2,74,209,SO,2021,23,511.250018429597,55.57065417713011,9.8,2.5,1.3,27.3,0.436,0.218,0.534,0.757,2.0,12.2,10.7,17.4,1.95,0.28,125.1,94.5,-2.85,-0.73,-2.85,0.82,0.82,0.71,-0.11,-3.5,29.0,0,1,Eastern Kentucky,2021,2116
Victor Hill,Villanova,WCC,W,6-7,79,219,JR,2020,29,654.2314048641092,56.399259040009404,5.8,4.0,2.6,10.7,0.542,0.335,0.464,0.656,5.3,16.9,21.3,15.0,2.15,2.23,107.9,105.0,-1.76,-0.58,-1.76,0.82,0.82,0.74,-0.08,-3.5,29.0,0,1,Saint Mary's,2020,2117
Chris Lewis,North Carolina,CAA,W,6-7,79,206,JR,2022,32,572.5921818803716,44.733764209404036,11.0,2.6,1.6,24.6,0.49,0.275,0.254,0.749,5.0,9.5,13.4,19.3,3.48,1.93,107.0,102.0,-2.95,-0.84,-2.95,0.77,0.77,0.93,0.16,-3.5,29.0,0,1,Northwestern,2022,2118
Cameron Williams,LSU,Big Ten,F,6-6,78,208,FR,2024,36,479.52518506817654,33.300360074178926,12.9,3.6,1.2,20.4,0.536,0.237,0.292,0.676,3.2,17.0,9.8,9.1,2.08,1.43,110.3,105.4,-3.65,-0.87,-3.65,1.0,1.0,0.71,-0.29,-3.52,28.9,0,1,DePaul,2024,2119
Max Rodriguez,James Madison,WCC,C,7-0,84,188,R-FR,2024,30,96.0,8.0,3.4,5.3,1.2,16.9,0.439,0.175,0.193,0.547,8.2,21.2,9.8,13.6,2.43,4.27,108.2,100.5,-4.12,-0.2,-4.12,0.82,0.82,0.94,0.12,-3.52,28.9,0,1,Virginia,2024,2120
Zion Moore,Florida,Sun Belt,C,7-2,86,203,R-SO,2024,19,287.27230731432843,37.7989878045169,11.1,3.4,1.7,18.3,0.506,0.34,0.106,0.878,6.6,12.5,14.0,14.2,2.61,3.96,107.5,102.0,-2.35,-0.34,-2.35,0.72,0.72,0.83,0.11,-3.52,28.9,0,1,Houston,2024,2121
Quinn Cook,Nebraska,MAC,SG,6-5,77,221,JR,2023,33,160.9202237370646,12.190926040686712,11.2,2.8,1.5,23.2,0.441,0.319,0.58,0.722,3.9,11.7,12.5,13.9,1.09,1.2,124.2,103.5,-3.96,-0.32,-3.96,0.76,0.76,0.98,0.22,-3.52,28.9,0,1,Boston College,2023,2122
Omar Garcia,Iowa,WCC,SG,6-3,75,211,R-JR,2023,29,219.34595641231306,18.909134173475262,4.6,1.1,1.8,21.3,0.609,0.394,0.384,0.608,1.5,4.6,15.1,18.9,2.36,1.19,105.9,100.9,-2.7,-0.3,-2.7,0.82,0.82,0.83,0.01,-3.52,28.9,0,1,Wichita State,2023,2123
Ben Cooper,Texas,CUSA,PF,6-9,81,244,FR,2024,37,355.5414461648942,24.02307068681717,6.6,4.7,0.8,33.5,0.442,0.218,0.358,0.774,5.3,21.0,7.0,13.0,2.35,3.63,105.4,101.1,-3.1,-0.55,-3.1,0.74,0.74,0.76,0.02,-3.52,28.9,0,1,Kentucky,2024,2124
Todd Collins,Butler,MAC,PF,6-6,78,185,FR,2021,33,481.00530702046177,36.43979598639862,2.1,4.5,1.1,15.9,0.534,0.132,0.072,0.579,5.9,19.2,9.3,18.5,2.68,9.27,116.4,105.5,-1.92,-0.46,-1.92,0.76,0.76,0.72,-0.04,-3.53,28.8,0,1,Boston College,2021,2125
Max Lee,Duke,CUSA,F,6-5,77,195,SR,2023,27,428.34513293589646,39.661586382953374,8.4,4.0,1.1,22.6,0.471,0.205,0.057,0.737,5.8,16.2,9.1,11.9,1.23,1.83,102.1,108.9,-2.0,-0.43,-2.0,0.74,0.74,0.74,0.0,-3.53,28.8,0,1,Seton Hall,2023,2126
Tyrese Thomas,Oregon,CUSA,SG,6-6,78,220,R-FR,2020,25,431.5246344096079,43.152463440960794,7.1,2.4,2.1,19.2,0.561,0.295,0.32,0.592,5.5,7.7,17.2,11.9,1.15,1.27,120.0,95.9,-2.63,-0.57,-2.63,0.74,0.74,0.98,0.24,-3.53,28.8,0,1,St. Bonaventure,2020,2127
Evan Taylor,Florida State,WAC,C,6-9,81,195,SR,2020,26,388.9439072349122,37.39845261874156,11.8,3.1,2.0,22.5,0.449,0.385,0.0,0.792,1.0,16.0,16.4,10.9,2.29,6.41,95.2,99.6,-1.32,-0.26,-1.32,0.7,0.7,0.94,0.24,-3.53,28.8,0,1,Arizona,2020,2128
Alex Morgan,Virginia,SEC,SG,6-7,79,224,R-JR,2021,26,84.39806978466123,8.115199017755888,6.3,3.0,2.0,19.5,0.521,0.368,0.162,0.684,5.5,11.0,17.1,15.6,1.83,0.1,114.1,83.5,-1.37,-0.06,-1.37,0.96,0.96,0.74,-0.22,-3.53,28.8,0,1,Austin Peay,2021,2129
Jaylen Murphy,Belmont,Sun Belt,SG,6-3,75,202,R-FR,2021,37,118.4,8.0,5.1,1.4,0.9,14.0,0.429,0.301,0.576,0.72,2.1,5.6,7.1,18.5,3.0,2.85,111.7,83.3,-5.96,-0.35,-5.96,0.72,0.72,0.7,-0.02,-3.53,28.8,0,1,BYU,2021,2130
Quinn Thomas,Arizona,Big 12,SG,6-2,74,170,R-JR,2022,29,324.546710026587,27.978164657464394,4.6,1.3,2.0,19.3,0.486,0.367,0.632,0.651,3.4,3.6,16.5,21.2,2.22,0.92,105.5,101.0,-1.52,-0.25,-1.52,0.98,0.98,0.96,-0.02,-3.53,28.8,0,1,Saint Louis,2022,2131
DeShawn Collins,St. John's,MAAC,SG,6-2,74,215,R-FR,2024,28,568.5739275761184,50.765529247867725,6.5,1.8,2.1,19.3,0.646,0.295,0.445,0.761,3.2,6.6,17.5,9.0,0.2,1.78,130.1,102.3,-1.73,-0.49,-1.73,0.74,0.74,0.94,0.2,-3.53,28.8,0,1,Belmont,2024,2132
Luka Clark,Creighton,Big 12,F,6-7,79,166,R-JR,2024,25,546.6694795846875,54.66694795846873,6.4,4.2,1.3,26.7,0.469,0.241,0.028,0.599,6.8,16.7,10.7,14.7,2.23,2.45,115.9,92.5,-2.76,-0.76,-2.76,0.98,0.98,0.69,-0.29,-3.53,28.8,0,1,Michigan,2024,2133
Paul Bell,Michigan State,Sun Belt,SG,6-4,76,168,R-FR,2023,31,471.1216643176434,37.99368260626157,4.0,2.5,2.7,16.0,0.505,0.274,0.36,0.622,1.4,12.4,22.1,12.6,3.5,1.31,107.1,101.3,-3.02,-0.71,-3.02,0.72,0.72,0.93,0.21,-3.53,28.8,0,1,Pittsburgh,2023,2134
Quinn Hernandez,St. John's,Big Ten,PF,6-7,79,235,FR,2021,28,217.24947299171774,19.397274374260512,6.8,4.3,1.7,14.2,0.565,0.271,0.146,0.738,8.5,15.3,14.0,10.1,1.91,0.52,105.6,101.1,-0.07,-0.01,-0.07,1.0,1.0,0.7,-0.3,-3.53,28.8,0,1,Purdue,2021,2135
Sean Stewart,Davidson,Big 12,SF,6-5,77,202,R-JR,2021,26,214.84685716699946,20.658351650673026,5.0,3.5,2.0,22.0,0.553,0.38,0.322,0.836,7.2,12.4,17.0,11.3,0.2,0.89,117.0,98.6,-0.29,-0.03,-0.29,0.98,0.98,0.79,-0.19,-3.53,28.8,0,1,Cincinnati,2021,2136
Paul Phillips,Northwestern,A-10,PF,6-7,79,233,R-FR,2024,29,151.93498285970085,13.097843349974212,6.6,2.1,1.7,19.3,0.475,0.282,0.0,0.606,6.7,5.0,14.2,12.4,2.32,7.06,115.2,102.9,0.01,0.0,0.01,0.86,0.86,0.98,0.12,-3.53,28.8,0,1,Kentucky,2024,2137
Darius Martin,Arizona,OVC,SG,6-3,75,211,SR,2020,24,404.84490428309346,42.171344196155566,3.5,2.8,0.7,14.6,0.516,0.271,0.429,0.668,3.7,11.9,6.2,18.4,1.24,1.17,99.1,91.0,-5.49,-1.11,-5.49,0.69,0.69,0.94,0.25,-3.54,28.7,0,1,William & Mary,2020,2138
Derek Wright,St. John's,Sun Belt,W,6-4,76,210,JR,2024,21,249.43204573635526,29.694291159089914,7.8,3.5,1.8,27.1,0.531,0.315,0.395,0.625,3.7,15.9,14.8,16.7,2.47,1.34,120.3,88.4,-1.9,-0.24,-1.9,0.72,0.72,0.93,0.21,-3.54,28.8,0,1,San Diego State,2024,2139
DeShawn Evans,Arizona,MVC,SF,6-5,77,202,R-JR,2020,32,370.85456034508945,28.97301252696011,10.5,3.0,2.7,26.4,0.481,0.423,0.418,0.629,5.4,11.5,22.9,13.6,3.58,1.61,110.0,96.7,-1.15,-0.21,-1.15,0.79,0.79,0.74,-0.05,-3.54,28.8,0,1,Connecticut,2020,2140
Grant Rivera,Northwestern,ACC,PF,6-10,82,197,R-FR,2024,36,115.19999999999999,8.0,15.7,4.4,0.6,26.0,0.582,0.207,0.169,0.586,8.3,16.3,4.7,13.8,1.94,8.81,112.3,83.0,-3.69,-0.21,-3.69,0.94,0.94,0.98,0.04,-3.55,28.7,0,1,Belmont,2024,2141
Tyrese Clark,Wichita State,WCC,W,6-6,78,195,R-JR,2023,20,221.61632005467968,27.702040006834963,10.3,4.4,2.0,14.3,0.461,0.318,0.284,0.668,6.8,17.7,16.3,9.8,0.88,0.48,110.4,104.7,0.46,0.05,0.46,0.82,0.82,1.0,0.18,-3.55,28.7,0,1,Duquesne,2023,2142
Derek Roberts,Austin Peay,WCC,C,6-8,80,192,R-JR,2020,29,256.8166135549765,22.139363237497978,5.5,4.5,0.7,19.7,0.437,0.309,0.138,0.714,9.1,16.0,6.2,12.5,1.07,0.3,102.6,95.0,-1.59,-0.2,-1.59,0.82,0.82,1.0,0.18,-3.55,28.7,0,1,William & Mary,2020,2143
Tyler Rodriguez,SMU,MVC,SF,6-7,79,215,R-FR,2021,31,510.46869842998444,41.16683051854714,2.8,5.3,1.9,18.2,0.463,0.335,0.631,0.667,14.6,15.1,15.7,17.5,0.48,2.67,98.7,104.1,-2.53,-0.64,-2.53,0.79,0.79,0.77,-0.02,-3.55,28.7,0,1,Xavier,2021,2144
Will Green,Kansas,Big 12,C,6-9,81,213,R-FR,2023,24,290.2399717384068,30.23333038941737,8.4,4.4,0.7,24.9,0.514,0.435,0.329,0.655,7.7,16.9,5.5,11.5,1.93,1.5,117.0,100.6,-2.17,-0.32,-2.17,0.98,0.98,0.74,-0.24,-3.55,28.7,0,1,Tulsa,2023,2145
Nathan Garcia,Belmont,CAA,SG,6-2,74,204,R-SO,2022,23,116.92653117048474,12.70940556200921,5.1,1.7,1.9,21.9,0.464,0.326,0.525,0.869,2.9,6.5,15.8,10.4,2.14,3.96,107.7,100.7,-2.26,-0.13,-2.26,0.77,0.77,0.76,-0.01,-3.56,28.6,0,1,Penn State,2022,2146
Nathan Allen,Nebraska,Big 12,SG,6-5,77,185,JR,2023,28,89.60000000000001,8.0,9.7,2.2,1.5,24.5,0.505,0.257,0.208,0.732,4.5,7.6,12.8,10.9,2.24,0.54,99.5,101.3,-2.82,-0.13,-2.82,0.98,0.98,0.79,-0.19,-3.56,28.6,0,1,Davidson,2023,2147
Luke Bell,Mississippi State,A-10,SG,6-3,75,202,FR,2022,27,236.6366997740428,21.91080553463359,5.1,2.5,1.4,18.9,0.519,0.259,0.596,0.739,3.8,10.0,11.8,8.0,2.95,2.19,112.7,111.5,-2.76,-0.33,-2.76,0.86,0.86,0.94,0.08,-3.56,28.6,0,1,Gonzaga,2022,2148
Zach Hernandez,Kansas,Big East,PG,6-2,74,186,JR,2020,37,354.0332316207742,23.921164298700962,7.2,2.2,1.6,25.0,0.451,0.381,0.352,0.65,0.6,11.9,13.7,7.0,2.51,0.15,108.1,90.2,-2.84,-0.5,-2.84,0.93,0.93,0.69,-0.24,-3.56,28.6,0,1,Gonzaga,2020,2149
Sam Adams,Louisville,OVC,SF,6-8,80,182,R-FR,2020,28,382.53627086945335,34.15502418477262,5.7,3.3,1.3,17.2,0.433,0.284,0.585,0.723,6.6,11.7,10.9,12.2,2.69,1.24,112.7,100.1,-1.97,-0.38,-1.97,0.69,0.69,0.76,0.07,-3.56,28.6,0,1,Nebraska,2020,2150
Quinn Morris,Kansas,A-10,SG,6-5,77,173,R-JR,2020,30,372.248820473223,31.02073503943525,5.9,2.4,2.5,17.9,0.6,0.407,0.465,0.617,1.6,11.6,21.1,13.8,3.3,1.85,111.5,99.7,-2.71,-0.5,-2.71,0.86,0.86,0.79,-0.07,-3.57,28.6,0,1,Auburn,2020,2151
Chris White,Ohio State,Big Ten,PG,6-1,73,198,JR,2024,31,306.3118552808624,24.702568974263098,9.0,2.6,2.0,24.6,0.501,0.205,0.491,0.625,2.6,11.7,16.4,13.2,1.83,1.06,101.6,98.6,-0.55,-0.08,-0.55,1.0,1.0,0.74,-0.26,-3.57,28.6,0,1,Memphis,2024,2152
DeShawn Sanchez,Marquette,Horizon,PG,6-1,73,200,R-FR,2021,25,468.8637013304199,46.886370133041986,8.3,2.0,1.1,22.7,0.521,0.411,0.05,0.778,1.8,9.5,8.8,14.2,3.37,2.67,108.8,109.3,-1.63,-0.38,-1.63,0.71,0.71,0.96,0.25,-3.57,28.6,0,1,Connecticut,2021,2153
Omar Walker,Virginia Tech,MVC,SG,6-1,73,226,JR,2020,37,118.4,8.0,5.9,2.2,0.7,17.0,0.379,0.31,0.116,0.653,3.9,8.3,5.9,12.6,3.11,0.69,104.3,101.5,-1.89,-0.11,-1.89,0.79,0.79,0.94,0.15,-3.57,28.6,0,1,Nevada,2020,2154
Andre Thompson,Saint Mary's,Horizon,W,6-7,79,221,R-FR,2021,35,282.28468830199046,20.163192021570747,12.8,4.7,1.5,24.2,0.598,0.396,0.106,0.615,4.7,21.7,12.4,17.0,2.58,1.86,111.8,92.0,-5.09,-0.72,-5.09,0.71,0.71,0.93,0.22,-3.57,28.6,0,1,Georgetown,2021,2155
Uriah Sanchez,Providence,WCC,F,6-6,78,188,R-FR,2022,32,455.58951354946294,35.59293074605179,8.6,6.4,0.5,18.8,0.538,0.158,0.344,0.595,11.9,23.6,4.1,7.7,1.81,2.42,106.0,99.3,-1.56,-0.35,-1.56,0.82,0.82,0.74,-0.08,-3.57,28.6,0,1,BYU,2022,2156
Wade Williams,Oklahoma,A-10,W,6-6,78,214,SR,2022,29,792.0788489823376,68.2826593950291,11.9,3.7,1.7,22.0,0.595,0.431,0.373,0.811,8.0,12.4,14.6,8.2,1.84,4.01,126.4,98.2,-1.21,-0.48,-1.21,0.86,0.86,0.76,-0.1,-3.58,28.5,0,1,Minnesota,2022,2157
Grant Garcia,Tulsa,MVC,F,6-3,75,217,R-FR,2023,25,381.31402245040334,38.131402245040334,2.9,4.8,0.2,22.1,0.512,0.393,0.223,0.61,9.4,17.2,1.0,5.5,2.13,1.52,107.9,104.1,-3.12,-0.6,-3.12,0.79,0.79,0.74,-0.05,-3.58,28.5,0,1,Arizona,2023,2158
Tanner Wilson,Kentucky,Ivy,PG,6-2,74,196,R-SO,2024,30,379.47547534653063,31.62295627887755,4.3,2.0,2.0,20.5,0.469,0.339,0.572,0.777,1.4,9.5,16.8,7.0,3.93,1.13,117.7,95.2,-3.49,-0.66,-3.49,0.71,0.71,0.72,0.01,-3.59,28.5,0,1,Michigan State,2024,2159
Isaiah King,Wisconsin,SEC,PG,6-3,75,195,R-FR,2023,29,267.20912134803166,23.03526908172687,13.0,1.8,2.3,26.4,0.586,0.45,0.453,0.663,2.4,7.7,19.1,19.9,2.63,0.33,120.4,87.1,-0.58,-0.08,-0.58,0.96,0.96,0.82,-0.14,-3.59,28.5,0,1,Duquesne,2023,2160
Blake White,Connecticut,Horizon,G,6-0,72,200,FR,2022,31,424.4712714381976,34.23155414824174,3.0,1.7,1.9,21.4,0.494,0.414,0.358,0.712,3.4,6.3,15.8,20.0,2.78,1.42,104.8,96.4,-1.37,-0.29,-1.37,0.71,0.71,0.98,0.27,-3.59,28.5,0,1,BYU,2022,2161
Nathan Campbell,Richmond,Ivy,PF,6-8,80,229,R-FR,2020,19,171.2654088890539,22.53492222224393,7.5,5.9,1.0,23.6,0.498,0.337,0.078,0.748,7.9,24.8,8.5,4.0,3.09,3.35,107.8,101.2,-3.62,-0.31,-3.62,0.71,0.71,0.74,0.03,-3.6,28.4,0,1,Providence,2020,2162
Patrick Nelson,Minnesota,A-10,SG,6-4,76,237,R-JR,2020,30,429.98871961693504,35.83239330141125,5.2,1.6,2.3,14.7,0.536,0.304,0.53,0.759,2.9,6.1,18.9,10.1,3.68,0.77,103.7,98.7,-0.76,-0.16,-0.76,0.86,0.86,1.0,0.14,-3.6,28.4,0,1,LSU,2020,2163
Flynn Parker,Florida State,Sun Belt,SF,6-5,77,195,SO,2021,28,89.60000000000001,8.0,5.9,2.0,1.2,25.2,0.462,0.294,0.514,0.694,4.3,6.9,10.0,19.5,2.1,0.64,111.7,96.2,-3.45,-0.15,-3.45,0.72,0.72,0.71,-0.01,-3.6,28.4,0,1,Vanderbilt,2021,2164
Chris Green,Michigan State,SEC,W,6-8,80,155,R-JR,2021,18,292.1322617261551,40.573925239743765,6.6,2.6,1.3,17.3,0.602,0.323,0.247,0.661,1.2,13.1,10.8,12.7,3.17,1.94,111.9,109.9,-2.62,-0.38,-2.62,0.96,0.96,0.71,-0.25,-3.6,28.4,0,1,Hofstra,2021,2165
Sam Williams,Wisconsin,Sun Belt,SG,6-6,78,222,R-FR,2023,28,278.41204598435195,24.858218391459992,1.0,1.7,1.5,17.1,0.505,0.459,0.254,0.494,1.3,8.4,12.1,18.1,3.18,1.18,96.6,91.4,-2.14,-0.3,-2.14,0.72,0.72,0.94,0.22,-3.6,28.4,0,1,Gonzaga,2023,2166
Todd Bailey,Duke,WCC,W,6-4,76,245,R-FR,2024,37,352.50279430639614,23.817756372053793,9.4,3.8,2.0,30.7,0.538,0.352,0.427,0.731,6.4,15.0,16.9,11.3,2.32,1.3,107.5,89.8,-2.59,-0.46,-2.59,0.82,0.82,0.94,0.12,-3.6,28.4,0,1,San Diego State,2024,2167
Elijah Edwards,Tennessee,OVC,C,6-8,80,182,SR,2020,29,584.3314600262657,50.37340172640222,3.9,5.8,0.5,21.6,0.404,0.174,0.362,0.783,15.8,16.5,4.1,10.1,1.68,5.46,93.4,99.2,-3.8,-1.11,-3.8,0.69,0.69,1.0,0.31,-3.61,28.4,0,1,Wichita State,2020,2168
DeShawn Williams,SMU,A-10,C,6-11,83,247,R-FR,2023,29,557.5027960646482,48.0605858676421,8.0,5.4,1.2,14.9,0.489,0.306,0.164,0.692,9.4,20.6,10.1,11.4,1.4,2.97,116.6,96.0,-4.08,-1.14,-4.08,0.86,0.86,0.94,0.08,-3.61,28.4,0,1,Boise State,2023,2169
Luka Garcia,Oklahoma,Big 12,SG,6-4,76,214,R-JR,2020,27,263.0627164607239,24.35765893154851,11.4,2.6,1.8,18.8,0.439,0.32,0.415,0.65,3.2,11.0,14.8,15.4,2.25,1.5,103.0,100.0,-2.13,-0.28,-2.13,0.98,0.98,0.69,-0.29,-3.61,28.3,0,1,Hofstra,2020,2170
Trevion Rivera,Butler,Sun Belt,G,6-0,72,212,SO,2023,35,440.5681425779306,31.46915304128076,6.3,1.0,2.8,16.1,0.465,0.214,0.38,0.805,0.2,5.1,23.6,16.0,1.82,1.72,124.5,99.8,-1.67,-0.37,-1.67,0.72,0.72,1.0,0.28,-3.61,28.3,0,1,William & Mary,2023,2171
Ben Morris,Louisville,CUSA,W,6-7,79,210,JR,2023,28,150.86085654630568,13.469719334491577,3.9,1.8,0.9,24.3,0.525,0.329,0.076,0.723,1.3,8.6,7.2,16.0,1.11,2.5,101.2,87.0,-2.0,-0.15,-2.0,0.74,0.74,0.94,0.2,-3.61,28.3,0,1,Mississippi State,2023,2172
Jake Thomas,Texas,CUSA,SG,6-5,77,196,R-FR,2023,25,154.48850166495626,15.448850166495626,5.7,2.6,1.1,17.5,0.418,0.306,0.371,0.755,5.1,9.3,9.1,16.7,3.6,0.38,99.9,90.5,-4.1,-0.32,-4.1,0.74,0.74,1.0,0.26,-3.61,28.3,0,1,Memphis,2023,2173
Coleman Bell,Alabama,AAC,SF,6-6,78,197,R-FR,2020,37,594.7654162755973,40.18685245105387,1.2,3.8,1.2,13.0,0.52,0.206,0.523,0.848,8.2,12.7,10.2,16.0,2.55,3.48,114.5,104.0,-1.85,-0.55,-1.85,0.83,0.83,1.0,0.17,-3.61,28.4,0,1,Hofstra,2020,2174
Luka Rivera,Dayton,Big Ten,W,6-4,76,183,R-FR,2023,21,424.316382414886,50.51385504939119,8.1,3.7,1.6,16.4,0.436,0.41,0.239,0.672,6.2,14.1,13.4,15.5,3.16,0.21,103.3,92.9,-2.96,-0.63,-2.96,1.0,1.0,0.83,-0.17,-3.62,28.3,0,1,LSU,2023,2175
Luka Nelson,Stanford,CUSA,SG,6-5,77,206,SR,2020,28,603.1938515093422,53.85659388476269,6.9,2.3,2.0,22.0,0.472,0.392,0.253,0.705,4.1,8.5,16.8,12.9,0.63,1.25,105.0,98.4,-2.49,-0.75,-2.49,0.74,0.74,0.83,0.09,-3.62,28.3,0,1,TCU,2020,2176
Kofi Edwards,Cincinnati,Big East,C,6-11,83,190,SO,2024,32,355.76436525042686,27.794091035189602,3.9,5.6,1.5,28.3,0.51,0.44,0.21,0.669,8.2,23.2,12.4,5.3,2.73,3.48,112.3,98.1,-0.89,-0.16,-0.89,0.93,0.93,0.74,-0.19,-3.62,28.3,0,1,Alabama,2024,2177
Wade Morgan,San Diego State,Horizon,SF,6-7,79,200,JR,2023,32,464.33216392388306,36.27595030655336,6.7,3.0,2.0,19.1,0.457,0.211,0.553,0.709,5.2,11.5,16.4,18.2,1.91,1.91,112.3,86.0,-3.16,-0.73,-3.16,0.71,0.71,0.69,-0.02,-3.63,28.2,0,1,Pittsburgh,2023,2178
Andre Gonzalez,Tennessee,WAC,SF,6-5,77,206,FR,2020,22,131.0944797547265,14.897099972128014,6.8,1.6,1.5,13.7,0.55,0.394,0.635,0.779,0.5,8.6,12.7,11.8,1.28,0.7,111.7,96.1,-2.47,-0.16,-2.47,0.7,0.7,0.94,0.24,-3.63,28.2,0,1,Saint Louis,2020,2179
Quinn Mitchell,Georgetown,CAA,C,7-1,85,194,JR,2024,27,547.5750165704991,50.701390423194354,6.3,3.5,0.5,24.6,0.486,0.216,0.177,0.606,2.0,17.2,3.9,12.0,3.32,9.14,110.5,105.0,-0.61,-0.17,-0.61,0.77,0.77,0.83,0.06,-3.64,28.1,0,1,Duke,2024,2180
Will Phillips,Texas,Big Ten,SF,6-5,77,216,SO,2021,28,425.64437312041065,38.003961885750954,6.7,1.8,2.2,20.1,0.52,0.397,0.249,0.686,4.8,5.1,18.3,18.3,1.57,2.53,97.7,98.1,-1.48,-0.32,-1.48,1.0,1.0,0.74,-0.26,-3.64,28.2,0,1,Baylor,2021,2181
Andre Davis,Saint Louis,A-10,W,6-5,77,233,R-JR,2024,25,305.49663979914567,30.54966397991457,5.8,4.9,1.6,20.5,0.507,0.318,0.562,0.682,6.5,20.8,13.5,12.4,1.9,2.69,110.0,100.6,-1.73,-0.26,-1.73,0.86,0.86,0.69,-0.17,-3.64,28.2,0,1,Austin Peay,2024,2182
Vince Allen,Saint Louis,OVC,PF,6-9,81,225,JR,2024,22,274.07407408347325,31.144781145849233,3.1,3.8,0.4,12.3,0.475,0.408,0.2,0.672,6.2,15.2,3.1,12.6,2.98,8.42,115.8,103.7,0.08,0.01,0.08,0.69,0.69,0.7,0.01,-3.65,28.1,0,1,Austin Peay,2024,2183
Jordan Davis,Minnesota,Ivy,F,6-5,77,192,R-FR,2024,27,231.36461888364164,21.422649896633484,5.9,3.0,1.2,15.8,0.471,0.206,0.238,0.61,4.2,12.6,9.8,14.3,2.95,1.71,113.7,98.8,-1.39,-0.16,-1.39,0.71,0.71,0.72,0.01,-3.66,28.0,0,1,Syracuse,2024,2184
Damian Cooper,Nebraska,OVC,PF,6-8,80,213,R-FR,2022,23,264.9168972850689,28.795314922290093,8.9,5.2,1.5,19.5,0.54,0.329,0.309,0.566,12.1,16.7,12.3,13.7,4.05,4.52,107.6,96.2,-2.64,-0.35,-2.64,0.69,0.69,0.86,0.17,-3.66,28.1,0,1,Michigan State,2022,2185
Max Hill,Pittsburgh,CAA,W,6-8,80,210,R-SO,2023,22,473.8646524175894,53.84825595654425,4.8,2.8,1.0,24.1,0.52,0.417,0.682,0.574,3.9,12.0,8.1,20.9,2.39,2.74,109.5,101.7,-3.73,-0.88,-3.73,0.77,0.77,0.86,0.09,-3.66,28.0,0,1,George Mason,2023,2186
Jake Green,St. John's,MVC,F,6-6,78,174,JR,2022,32,288.7585838371176,22.559264362274813,1.0,2.8,1.2,17.7,0.52,0.261,0.381,0.779,8.1,7.7,10.2,7.6,2.74,0.79,105.5,95.0,0.72,0.1,0.72,0.79,0.79,0.86,0.07,-3.66,28.0,0,1,Wichita State,2022,2187
Isaiah Perez,Florida State,Big East,SG,6-4,76,157,FR,2024,25,165.66705153745434,16.566705153745435,10.5,2.1,1.4,15.4,0.502,0.314,0.527,0.73,5.7,6.0,11.8,14.6,1.69,1.47,94.7,96.1,-0.36,-0.03,-0.36,0.93,0.93,0.96,0.03,-3.66,28.1,0,1,Fordham,2024,2188
Sean Perez,Richmond,CUSA,PG,6-3,75,204,R-JR,2023,24,370.0803097762178,38.55003226835602,3.8,2.3,2.5,29.2,0.414,0.386,0.663,0.779,3.5,9.1,20.7,20.6,1.65,0.43,105.6,106.8,-4.04,-0.75,-4.04,0.74,0.74,0.7,-0.04,-3.66,28.0,0,1,Nevada,2023,2189
Luka Williams,Illinois,MAC,F,6-7,79,194,FR,2023,36,540.6648469282027,37.54616992556963,3.6,5.2,0.8,22.0,0.497,0.2,0.073,0.714,7.2,21.8,7.0,11.2,1.59,2.63,108.5,95.2,-2.89,-0.78,-2.89,0.76,0.76,0.74,-0.02,-3.67,28.0,0,1,Eastern Kentucky,2023,2190
Damian Cook,Mississippi State,MAC,SF,6-6,78,193,SR,2021,24,236.2383116352885,24.60815746200922,5.6,3.2,1.4,20.2,0.608,0.371,0.109,0.584,7.0,11.0,12.1,10.2,3.17,2.15,111.6,100.4,-0.38,-0.04,-0.38,0.76,0.76,0.98,0.22,-3.67,28.0,0,1,TCU,2021,2191
Andrej Martin,Kentucky,Sun Belt,SG,6-6,78,216,R-JR,2023,26,406.35892689739,39.072973740133655,2.5,1.6,2.1,17.9,0.49,0.378,0.242,0.8,0.2,8.9,17.9,17.0,2.38,1.29,105.4,91.8,-3.02,-0.61,-3.02,0.72,0.72,0.74,0.02,-3.67,28.0,0,1,Indiana,2023,2192
Xavier Murphy,Belmont,ACC,W,6-7,79,207,JR,2024,22,163.68729331458414,18.6008287857482,6.8,3.7,1.9,15.6,0.528,0.203,0.176,0.645,4.9,15.6,16.2,6.0,3.65,1.3,111.1,99.0,-2.51,-0.21,-2.51,0.94,0.94,0.74,-0.2,-3.68,27.9,0,1,Auburn,2024,2193
Max Campbell,Purdue,Horizon,SG,6-6,78,224,R-FR,2024,27,182.37322082064026,16.88640933524447,7.3,2.5,1.9,25.1,0.552,0.332,0.494,0.64,2.9,11.0,15.7,11.9,1.92,2.52,102.3,93.5,0.51,0.05,0.51,0.71,0.71,0.74,0.03,-3.69,27.8,0,1,Seton Hall,2024,2194
Xavier Hernandez,DePaul,MAC,PG,6-0,72,224,JR,2024,27,291.23654332062046,26.966346603761153,7.4,1.0,2.3,20.2,0.542,0.357,0.417,0.682,3.5,2.0,19.5,15.1,2.32,0.87,115.2,103.3,-3.84,-0.56,-3.84,0.76,0.76,0.76,0.0,-3.69,27.9,0,1,Stanford,2024,2195
Isaiah Davis,Northwestern,Big Ten,PG,6-6,78,224,R-FR,2024,24,76.8,8.0,7.8,1.2,4.0,16.5,0.532,0.279,0.511,0.659,1.1,5.3,33.5,12.1,1.96,1.32,115.9,92.9,-2.7,-0.1,-2.7,1.0,1.0,0.82,-0.18,-3.69,27.9,0,1,Austin Peay,2024,2196
Malik Walker,Syracuse,ACC,C,6-8,80,240,R-SO,2024,22,113.49875867533757,12.897586213106543,7.1,5.6,1.5,20.3,0.54,0.323,0.154,0.725,9.1,21.9,12.2,6.3,0.2,7.0,120.3,92.1,-3.83,-0.22,-3.83,0.94,0.94,0.93,-0.01,-3.69,27.9,0,1,Air Force,2024,2197
Damian Mitchell,Baylor,CAA,SG,6-2,74,211,R-JR,2024,23,274.1095759430998,29.794519124249973,1.3,2.0,1.2,22.3,0.475,0.268,0.459,0.713,1.9,9.4,9.9,12.8,1.79,0.2,106.6,89.4,-2.91,-0.4,-2.91,0.77,0.77,0.82,0.05,-3.7,27.8,0,1,Vanderbilt,2024,2198
Owen Hall,Creighton,ACC,PG,6-1,73,183,JR,2020,21,142.0918596893987,16.915697582071274,8.9,2.1,2.5,16.1,0.42,0.175,0.408,0.721,0.9,10.6,20.8,17.2,3.07,2.63,100.3,89.6,-3.09,-0.22,-3.09,0.94,0.94,0.71,-0.23,-3.7,27.8,0,1,Utah State,2020,2199
Reed Reed,William & Mary,CUSA,C,6-9,81,211,R-FR,2020,30,387.46171419116143,32.28847618259679,6.9,4.6,1.3,21.2,0.522,0.247,0.052,0.703,9.4,16.0,10.9,15.0,3.18,3.29,97.2,101.7,-1.45,-0.28,-1.45,0.74,0.74,0.94,0.2,-3.7,27.8,0,1,Kentucky,2020,2200
Grant Harris,Virginia,WAC,PG,6-2,74,211,R-JR,2024,34,267.93716427337307,19.70126207892449,3.5,1.5,2.3,21.8,0.534,0.243,0.444,0.694,0.2,8.1,19.0,19.3,1.35,0.48,111.4,96.8,-1.56,-0.21,-1.56,0.7,0.7,0.83,0.13,-3.7,27.8,0,1,Tulsa,2024,2201
Wade Garcia,Oregon,Big 12,PF,6-7,79,214,R-JR,2021,37,968.2846557861378,65.42463890446878,5.6,3.6,0.2,20.8,0.556,0.315,0.326,0.723,7.3,12.9,1.0,11.0,0.2,4.12,123.6,97.7,-2.56,-1.24,-2.56,0.98,0.98,1.0,0.02,-3.71,27.8,0,1,Pittsburgh,2021,2202
Alex Rivera,Virginia Tech,Horizon,SF,6-4,76,205,R-FR,2020,30,373.69700620605295,31.141417183837742,4.6,2.3,0.7,15.5,0.435,0.295,0.349,0.632,7.3,5.6,6.1,12.7,2.02,0.1,103.8,96.8,-3.89,-0.73,-3.89,0.71,0.71,0.83,0.12,-3.71,27.7,0,1,BYU,2020,2203
Tanner Perez,Virginia Tech,WAC,SF,6-6,78,210,R-JR,2021,23,305.44297684786443,33.200323570420046,1.2,3.6,1.4,17.1,0.476,0.288,0.245,0.585,6.7,13.2,11.9,17.0,3.68,0.79,111.2,100.5,-2.86,-0.44,-2.86,0.7,0.7,0.98,0.28,-3.72,27.7,0,1,Syracuse,2021,2204
Owen Brown,Boston College,Horizon,SF,6-10,82,207,R-FR,2024,27,237.54371702693447,21.994788613605042,6.0,3.3,2.2,16.5,0.507,0.437,0.309,0.497,10.0,8.6,18.5,11.3,2.77,1.45,118.1,97.9,-2.71,-0.32,-2.71,0.71,0.71,0.86,0.15,-3.72,27.7,0,1,Alabama,2024,2205
Jalen Perez,Tennessee Tech,OVC,C,6-11,83,208,R-FR,2020,22,328.93033589350307,37.37844726062535,5.5,3.8,0.8,12.0,0.517,0.281,0.234,0.8,5.6,15.4,6.4,11.1,1.24,0.3,102.0,98.9,-2.21,-0.36,-2.21,0.69,0.69,0.76,0.07,-3.72,27.7,0,1,Purdue,2020,2206
Luka Thomas,Louisville,WAC,SF,6-6,78,200,R-SO,2024,30,534.7673336382137,44.563944469851144,1.0,1.5,1.1,17.0,0.461,0.329,0.329,0.623,0.5,7.8,9.0,18.6,3.6,0.1,115.3,106.5,-4.17,-1.11,-4.17,0.7,0.7,0.96,0.26,-3.73,27.6,0,1,Clemson,2024,2207
Cade Edwards,TCU,CAA,F,6-7,79,206,R-JR,2021,25,363.12261041422465,36.31226104142247,6.5,3.9,1.2,20.9,0.56,0.282,0.185,0.832,9.1,12.9,10.3,13.7,2.06,1.45,102.7,99.5,-2.69,-0.49,-2.69,0.77,0.77,0.71,-0.06,-3.73,27.6,0,1,James Madison,2021,2208
Nathan Green,Providence,SEC,G,6-1,73,206,FR,2023,20,310.16448709863204,38.770560887329005,7.7,2.3,3.2,18.5,0.454,0.372,0.186,0.638,4.5,8.4,26.5,12.5,1.53,2.49,111.7,101.5,-0.49,-0.08,-0.49,0.96,0.96,0.7,-0.26,-3.73,27.6,0,1,Wisconsin,2023,2209
Zion Lee,Nebraska,AAC,F,6-6,78,196,R-FR,2020,27,340.54657590850815,31.532090361898906,5.0,4.7,0.8,20.6,0.505,0.221,0.0,0.699,6.1,20.3,6.8,5.4,2.08,2.55,112.6,90.2,-2.44,-0.42,-2.44,0.83,0.83,1.0,0.17,-3.73,27.6,0,1,Butler,2020,2210
Kevin Baker,Boise State,Horizon,C,6-8,80,221,JR,2022,28,503.0508786448855,44.915257021864775,12.2,5.7,0.3,21.5,0.593,0.329,0.063,0.894,10.1,21.6,2.6,9.1,3.44,5.22,96.5,105.4,-0.86,-0.22,-0.86,0.71,0.71,0.86,0.15,-3.73,27.6,0,1,Clemson,2022,2211
Sam Johnson,Indiana,MAAC,G,6-2,74,217,R-JR,2021,37,266.6683297553519,18.01813038887513,7.3,1.8,2.4,23.7,0.494,0.335,0.541,0.695,2.4,7.8,20.2,18.3,1.43,2.0,131.6,93.4,-0.46,-0.06,-0.46,0.74,0.74,0.74,0.0,-3.74,27.5,0,1,Boise State,2021,2212
Marcus White,North Carolina,AAC,C,6-11,83,177,JR,2021,21,317.06033496384975,37.74527797188688,3.2,4.6,1.5,10.1,0.583,0.192,0.175,0.764,3.7,21.6,12.3,10.6,2.33,7.42,123.9,95.6,-2.12,-0.34,-2.12,0.83,0.83,0.86,0.03,-3.74,27.6,0,1,Iowa,2021,2213
Darius Clark,Duquesne,Big East,G,6-7,79,179,FR,2020,30,443.86802678709097,36.989002232257576,10.2,2.1,2.2,21.0,0.639,0.288,0.217,0.873,3.7,7.7,18.2,16.6,2.6,3.33,112.3,93.1,-2.45,-0.54,-2.45,0.93,0.93,0.94,0.01,-3.74,27.6,0,1,Purdue,2020,2214
Zach Moore,St. John's,Big East,C,6-11,83,197,R-JR,2024,25,717.7647880023322,71.77647880023322,6.1,4.2,1.1,17.1,0.54,0.219,0.187,0.66,8.8,14.7,9.5,9.4,3.28,5.24,109.8,98.2,-1.35,-0.49,-1.35,0.93,0.93,0.94,0.01,-3.74,27.5,0,1,Georgetown,2024,2215
Jalen Campbell,Baylor,MAAC,PF,6-8,80,226,R-FR,2020,24,470.2059135903096,48.97978266565725,2.4,3.5,0.2,10.0,0.55,0.304,0.11,0.704,3.8,15.8,1.0,9.8,2.32,7.28,130.7,94.1,-0.88,-0.21,-0.88,0.74,0.74,0.82,0.08,-3.74,27.6,0,1,Duquesne,2020,2216
Marcus Young,Nebraska,Horizon,SG,6-4,76,208,SR,2022,27,103.56860730028025,9.58968586113706,9.7,1.2,2.1,17.2,0.604,0.34,0.505,0.891,2.1,4.3,17.4,10.8,2.5,2.11,108.3,97.5,1.26,0.07,1.26,0.71,0.71,0.71,0.0,-3.75,27.5,0,1,Georgetown,2022,2217
Paul Martin,Georgetown,Horizon,G,6-4,76,181,R-JR,2021,20,323.36262268766484,40.420327835958105,7.1,2.0,3.1,15.8,0.479,0.336,0.624,0.882,1.3,9.6,25.9,19.9,2.6,1.8,123.1,105.8,-3.62,-0.59,-3.62,0.71,0.71,0.98,0.27,-3.75,27.5,0,1,Eastern Kentucky,2021,2218
Ryan Allen,Richmond,MAAC,G,6-5,77,188,R-JR,2020,31,436.95253029383366,35.238107281760776,8.0,2.2,2.6,12.9,0.499,0.259,0.38,0.783,2.2,9.8,21.4,19.5,2.97,2.83,112.3,110.7,-2.0,-0.44,-2.0,0.74,0.74,0.71,-0.03,-3.75,27.5,0,1,James Madison,2020,2219
Nathan Harris,Murray State,MAC,PF,6-7,79,182,JR,2020,28,370.53195992925106,33.08321070796884,6.4,4.5,1.8,23.9,0.468,0.304,0.084,0.672,4.6,20.6,15.2,8.0,3.25,7.52,100.1,86.6,-0.8,-0.15,-0.8,0.76,0.76,0.74,-0.02,-3.75,27.5,0,1,Mississippi State,2020,2220
Grant Mitchell,Utah State,Big Ten,SF,6-6,78,224,R-JR,2023,31,99.2,8.0,5.5,3.3,1.6,22.5,0.487,0.363,0.49,0.843,2.1,16.0,13.7,12.2,4.23,2.2,106.4,103.7,-1.07,-0.05,-1.07,1.0,1.0,0.83,-0.17,-3.75,27.5,0,1,San Diego State,2023,2221
Uriah Anderson,Providence,AAC,SG,6-2,74,228,R-JR,2020,31,331.21933031383503,26.711236315631858,6.4,2.2,2.5,29.3,0.411,0.32,0.237,0.803,4.2,7.8,20.6,18.0,2.58,0.1,109.2,98.7,-2.09,-0.35,-2.09,0.83,0.83,0.86,0.03,-3.76,27.4,0,1,UCLA,2020,2222
Nick Bell,Tennessee,Big East,W,6-4,76,243,JR,2022,19,221.67573414677778,29.167859756154975,4.1,3.6,1.9,19.3,0.594,0.376,0.267,0.685,3.3,16.9,15.6,15.5,3.56,2.66,118.0,89.7,-1.23,-0.14,-1.23,0.93,0.93,1.0,0.07,-3.76,27.5,0,1,Purdue,2022,2223
Omar Morris,UNLV,SEC,C,6-11,83,193,SO,2024,33,313.72592443186204,23.767115487262274,5.3,4.2,0.3,10.4,0.535,0.262,0.096,0.852,5.7,17.9,2.7,12.6,4.08,2.42,118.2,96.9,-1.63,-0.26,-1.63,0.96,0.96,0.77,-0.19,-3.76,27.4,0,1,Boise State,2024,2224
Kevin Adams,TCU,AAC,F,6-6,78,196,R-FR,2024,34,489.2981843877337,35.977807675568656,6.8,3.7,0.6,29.2,0.538,0.29,0.215,0.736,6.3,14.1,5.4,10.1,4.27,3.32,108.1,96.2,-4.92,-1.2,-4.92,0.83,0.83,0.93,0.1,-3.76,27.4,0,1,Florida,2024,2225
Damian Harris,Duke,Big 12,PF,6-9,81,192,SR,2022,25,516.464839979277,51.64648399792771,9.6,3.6,0.8,17.5,0.447,0.253,0.068,0.77,11.9,8.2,6.9,10.4,2.03,8.77,102.4,107.5,-2.15,-0.55,-2.15,0.98,0.98,0.7,-0.28,-3.77,27.4,0,1,Providence,2022,2226
Eric Mitchell,Kansas,Big Ten,PG,6-3,75,194,R-JR,2020,20,181.32534913447856,22.66566864180982,8.8,1.1,1.3,21.7,0.534,0.319,0.535,0.635,0.2,5.9,11.2,19.7,1.45,2.48,118.4,92.5,-2.78,-0.25,-2.78,1.0,1.0,0.83,-0.17,-3.77,27.4,0,1,Miami,2020,2227
Cole Morgan,Maryland,AAC,W,6-7,79,188,JR,2023,31,345.3707370211919,27.852478792031608,7.3,2.1,1.9,24.2,0.466,0.461,0.423,0.66,1.9,10.0,15.8,13.5,2.15,1.39,105.4,98.3,-3.15,-0.54,-3.15,0.83,0.83,0.86,0.03,-3.78,27.3,0,1,Georgetown,2023,2228
Darius Scott,Clemson,OVC,G,6-3,75,226,R-JR,2022,29,546.4838609285822,47.11067766625709,3.7,1.4,3.9,13.9,0.477,0.322,0.388,0.642,0.6,7.3,32.8,19.2,1.55,1.65,114.6,93.7,-2.04,-0.56,-2.04,0.69,0.69,0.72,0.03,-3.78,27.3,0,1,Connecticut,2022,2229
Tanner Walker,UCLA,Ivy,SG,6-5,77,207,R-JR,2021,17,219.9709807096031,32.348673633765166,6.7,2.4,1.6,21.9,0.565,0.282,0.442,0.749,1.7,11.8,13.4,12.9,2.87,0.63,107.6,92.3,-0.82,-0.09,-0.82,0.71,0.71,0.71,0.0,-3.78,27.3,0,1,Arizona,2021,2230
Ben Rivera,BYU,AAC,G,6-2,74,196,R-FR,2021,25,173.54948534097167,17.35494853409717,5.9,3.1,4.4,13.1,0.489,0.343,0.249,0.605,5.8,11.5,36.6,17.8,1.94,1.94,113.2,97.0,-2.5,-0.22,-2.5,0.83,0.83,0.76,-0.07,-3.79,27.3,0,1,Northwestern,2021,2231
Marcus Lewis,Auburn,OVC,SF,6-5,77,203,R-FR,2024,30,298.5661273431655,24.880510611930458,8.6,3.3,0.7,22.0,0.487,0.368,0.576,0.631,6.7,11.4,5.8,11.5,1.45,1.93,102.7,99.8,-1.82,-0.27,-1.82,0.69,0.69,0.74,0.05,-3.79,27.3,0,1,Florida,2024,2232
Marcus Thomas,Murray State,Big East,C,7-0,84,198,R-SO,2023,26,340.522320514114,32.74253081866481,6.3,5.8,1.9,31.0,0.453,0.229,0.0,0.637,11.5,20.8,16.1,8.5,1.9,7.03,100.7,105.2,-0.22,-0.04,-0.22,0.93,0.93,0.72,-0.21,-3.79,27.3,0,1,Florida State,2023,2233
Cole Rodriguez,Tulsa,CAA,F,6-8,80,208,R-FR,2024,24,162.7898133501753,16.957272223976595,8.3,3.6,1.0,17.2,0.431,0.246,0.143,0.726,4.1,15.7,8.6,5.5,2.13,1.74,114.7,91.0,-2.86,-0.23,-2.86,0.77,0.77,1.0,0.23,-3.8,27.2,0,1,George Mason,2024,2234
Sam Cook,Illinois,CUSA,PG,6-2,74,219,JR,2024,16,112.02900825233152,17.5045325394268,10.2,1.0,3.3,20.0,0.587,0.396,0.473,0.8,1.7,3.9,27.3,18.7,1.73,2.24,114.2,102.9,-2.28,-0.13,-2.28,0.74,0.74,0.7,-0.04,-3.8,27.2,0,1,Arizona,2024,2235
Ryan Thomas,Florida State,A-10,PF,6-7,79,211,R-FR,2020,24,339.1398904807059,35.327071925073525,4.8,3.8,0.7,16.1,0.505,0.326,0.315,0.574,5.3,16.0,5.6,11.1,2.53,7.63,105.8,95.0,-1.06,-0.18,-1.06,0.86,0.86,0.98,0.12,-3.8,27.2,0,1,Kentucky,2020,2236
Ivan Clark,Richmond,Big Ten,C,6-10,82,207,JR,2020,23,499.5943765420013,54.30373658065232,2.8,6.3,0.8,10.0,0.493,0.359,0.291,0.602,12.4,22.6,6.9,4.8,1.98,7.1,102.5,104.5,-2.9,-0.72,-2.9,1.0,1.0,0.71,-0.29,-3.81,27.1,0,1,Mississippi State,2020,2237
Jalen Collins,Virginia,Ivy,PG,6-1,73,181,JR,2023,19,126.4166856901479,16.633774432914198,2.8,2.2,1.5,20.4,0.449,0.401,0.406,0.656,4.7,7.7,12.4,23.0,2.85,1.74,122.0,98.5,-1.57,-0.1,-1.57,0.71,0.71,0.77,0.06,-3.82,27.1,0,1,Dayton,2023,2238
Nick Nelson,Seton Hall,MAC,SG,6-1,73,200,R-FR,2021,22,365.4959495758467,41.53363063361894,5.7,1.6,1.8,18.8,0.552,0.311,0.05,0.724,4.3,4.4,15.4,16.0,1.67,1.93,118.2,100.1,-0.2,-0.04,-0.2,0.76,0.76,0.7,-0.06,-3.82,27.1,0,1,San Diego State,2021,2239
Grant Parker,Boston College,OVC,G,6-1,73,167,FR,2021,26,334.72012358947177,32.18462726821844,3.9,2.8,2.3,26.4,0.429,0.33,0.312,0.691,4.7,11.0,19.5,20.3,3.43,1.85,109.5,86.7,0.55,0.09,0.55,0.69,0.69,0.83,0.14,-3.82,27.1,0,1,BYU,2021,2240
Grant Hill,Cincinnati,MAC,W,6-7,79,191,R-FR,2023,23,250.32008031799037,27.20870438239026,9.6,1.9,0.9,15.9,0.477,0.441,0.552,0.624,0.7,9.7,7.6,16.8,2.26,0.92,108.9,92.0,-3.07,-0.38,-3.07,0.76,0.76,0.69,-0.07,-3.82,27.1,0,1,Dayton,2023,2241
Zach Johnson,SMU,MAC,PG,6-3,75,200,JR,2020,16,254.6452514316993,39.78832053620302,8.0,0.6,3.6,23.5,0.526,0.367,0.5,0.671,0.9,2.6,29.6,21.5,3.37,0.77,116.9,89.9,-2.5,-0.32,-2.5,0.76,0.76,0.96,0.2,-3.83,27.0,0,1,BYU,2020,2242
Andre Harris,Auburn,Big Ten,PG,6-3,75,207,R-SO,2021,35,497.70545673412477,35.5503897667232,1.0,1.8,2.0,15.9,0.529,0.417,0.353,0.77,1.6,8.3,16.4,19.6,3.0,1.01,106.2,100.1,-3.01,-0.75,-3.01,1.0,1.0,1.0,0.0,-3.83,27.0,0,1,Indiana,2021,2243
Flynn Roberts,Fordham,OVC,F,6-7,79,222,R-JR,2020,28,330.36243401714194,29.496645894387672,8.2,2.9,2.1,24.7,0.392,0.237,0.337,0.714,6.5,9.6,17.7,14.8,3.06,3.32,109.6,107.4,-3.04,-0.5,-3.04,0.69,0.69,0.96,0.27,-3.84,27.0,0,1,Marquette,2020,2244
Max Martinez,Austin Peay,Big East,SF,6-4,76,209,R-FR,2023,26,83.2,8.0,5.7,2.9,1.0,17.6,0.543,0.292,0.403,0.763,6.6,9.5,8.5,10.1,2.53,2.03,107.0,95.0,-3.72,-0.15,-3.72,0.93,0.93,0.94,0.01,-3.84,27.0,0,1,Memphis,2023,2245
Wade Cook,San Diego State,Big 12,W,6-3,75,186,JR,2020,21,163.42803266067278,19.45571817388962,4.6,4.5,1.5,18.9,0.422,0.343,0.272,0.657,9.1,15.9,12.7,15.7,0.56,1.77,107.9,95.8,-1.71,-0.14,-1.71,0.98,0.98,1.0,0.02,-3.85,26.9,0,1,Air Force,2020,2246
Owen Jackson,Illinois,Big 12,F,6-7,79,203,JR,2021,21,525.6639543350163,62.57904218274004,1.0,3.8,0.9,19.2,0.465,0.269,0.335,0.799,6.8,14.1,7.7,12.8,1.05,0.24,103.3,95.3,-2.4,-0.63,-2.4,0.98,0.98,0.94,-0.04,-3.85,26.9,0,1,Tennessee Tech,2021,2247
Marcus Brown,Vanderbilt,MAC,PG,6-0,72,191,R-SO,2020,23,515.1440306364609,55.99391637352835,5.3,1.7,1.3,13.4,0.508,0.255,0.262,0.66,1.9,7.3,10.5,14.9,2.7,0.14,107.3,100.7,-3.71,-0.96,-3.71,0.76,0.76,0.72,-0.04,-3.86,26.8,0,1,Saint Mary's,2020,2248
Damian Turner,Murray State,WCC,PG,6-0,72,181,FR,2020,26,377.79566225705923,36.32650598625569,4.8,1.7,2.7,21.6,0.591,0.327,0.346,0.526,2.3,7.4,22.4,17.0,3.63,1.23,105.1,88.7,-1.29,-0.24,-1.29,0.82,0.82,0.96,0.14,-3.86,26.9,0,1,SMU,2020,2249
Mike Allen,SMU,MVC,PF,6-7,79,175,R-JR,2024,30,338.22238543396463,28.185198786163724,1.0,6.3,1.4,14.1,0.51,0.118,0.393,0.722,12.6,22.6,11.4,10.9,2.69,8.08,110.9,110.3,-3.55,-0.6,-3.55,0.79,0.79,0.76,-0.03,-3.87,26.8,0,1,Air Force,2024,2250
Derek Lopez,Texas,SEC,G,6-2,74,198,R-JR,2023,27,396.7721386112057,36.73816098251905,4.2,1.7,1.3,20.3,0.483,0.358,0.531,0.898,4.4,5.0,10.8,24.5,2.08,0.8,122.7,97.0,-1.96,-0.39,-1.96,0.96,0.96,0.86,-0.1,-3.88,26.7,0,1,Florida State,2023,2251
Ben Rogers,Tennessee,MAC,W,6-5,77,218,SO,2023,20,255.6388447958522,31.954855599481526,8.1,2.8,0.7,25.7,0.602,0.341,0.56,0.656,3.1,12.6,6.2,9.6,2.74,1.74,101.0,96.5,-2.89,-0.37,-2.89,0.76,0.76,0.83,0.07,-3.88,26.7,0,1,Wichita State,2023,2252
Grant Scott,DePaul,OVC,PF,6-7,79,199,R-JR,2022,25,265.05498430069804,26.5054984300698,4.5,4.2,0.9,10.0,0.537,0.344,0.328,0.7,7.0,16.6,7.9,11.8,0.64,5.53,107.8,99.4,-2.41,-0.32,-2.41,0.69,0.69,0.98,0.29,-3.88,26.7,0,1,Air Force,2022,2253
Blake Cooper,Wisconsin,ACC,F,6-4,76,206,R-FR,2020,19,145.57143009349457,19.154135538617705,9.7,3.7,1.5,26.9,0.47,0.306,0.264,0.643,10.2,10.4,12.7,8.0,0.23,3.76,110.5,98.9,-4.97,-0.36,-4.97,0.94,0.94,0.93,-0.01,-3.88,26.7,0,1,Dayton,2020,2254
Chris Lee,Alabama,MVC,PG,6-2,74,217,R-JR,2021,29,227.79992131352572,19.63792425116601,8.2,2.1,2.0,23.2,0.521,0.401,0.147,0.704,5.4,6.2,17.0,7.0,2.3,2.08,115.1,92.6,-0.85,-0.1,-0.85,0.79,0.79,0.74,-0.05,-3.89,26.6,0,1,San Diego State,2021,2255
Tyler Brown,Kansas,Big 12,C,6-9,81,209,R-FR,2023,25,233.74623087405087,23.374623087405087,1.0,4.6,1.1,18.4,0.478,0.367,0.208,0.922,9.1,16.5,9.0,12.9,2.64,9.69,102.8,103.2,-1.1,-0.13,-1.1,0.98,0.98,0.93,-0.05,-3.9,26.6,0,1,Creighton,2023,2256
Zion Perez,Illinois,OVC,SG,6-3,75,229,SO,2024,23,160.6706672763978,17.464202964825848,3.9,3.4,2.1,24.8,0.475,0.295,0.376,0.773,3.0,15.7,17.4,12.7,0.77,2.69,105.9,94.5,-3.1,-0.25,-3.1,0.69,0.69,0.69,0.0,-3.9,26.6,0,1,Nevada,2024,2257
Ryan Lee,Wichita State,WAC,SF,6-2,74,205,FR,2020,28,156.1584680144841,13.942720358436082,5.1,3.6,1.0,17.9,0.493,0.333,0.531,0.651,6.0,13.8,8.0,16.1,3.02,2.47,101.0,93.0,-2.05,-0.16,-2.05,0.7,0.7,0.82,0.12,-3.91,26.5,0,1,James Madison,2020,2258
Kyle Harris,TCU,Ivy,PF,6-8,80,219,JR,2023,31,771.8548666802407,62.246360216148446,4.9,5.2,0.2,30.2,0.449,0.359,0.0,0.607,6.8,22.2,1.0,11.6,2.98,0.3,114.9,104.4,-2.88,-1.11,-2.88,0.71,0.71,0.72,0.01,-3.91,26.5,0,1,Virginia Tech,2023,2259
Vince Rodriguez,Davidson,Big Ten,C,6-8,80,198,FR,2021,29,323.3509024222969,27.875077795025593,4.3,4.4,2.0,23.5,0.493,0.387,0.357,0.667,5.5,19.0,16.9,11.8,3.04,6.46,116.0,105.6,-3.49,-0.56,-3.49,1.0,1.0,0.94,-0.06,-3.92,26.5,0,1,Texas,2021,2260
Zion Robinson,San Diego State,AAC,C,6-9,81,208,R-FR,2023,20,303.7250932682679,37.96563665853349,1.0,6.8,0.6,16.2,0.56,0.404,0.173,0.584,16.4,21.4,4.9,12.9,3.21,0.3,112.6,98.7,-0.21,-0.03,-0.21,0.83,0.83,0.98,0.15,-3.92,26.5,0,1,Hofstra,2023,2261
Elijah Wilson,Indiana,ACC,F,6-9,81,221,FR,2022,22,408.38043538498357,46.406867657384495,1.0,5.7,1.7,15.1,0.432,0.21,0.399,0.821,5.0,26.6,14.1,6.3,1.17,0.1,108.0,98.3,-1.84,-0.38,-1.84,0.94,0.94,1.0,0.06,-3.92,26.5,0,1,Mississippi State,2022,2262
Malik Hernandez,Notre Dame,Big Ten,F,6-6,78,213,R-JR,2024,29,308.0423383798037,26.55537399825894,7.5,6.2,1.5,11.9,0.507,0.371,0.335,0.719,12.9,21.7,12.2,13.1,2.96,0.47,107.6,89.3,-2.97,-0.46,-2.97,1.0,1.0,0.94,-0.06,-3.92,26.5,0,1,Pittsburgh,2024,2263
Nick Reed,Virginia,ACC,PF,6-9,81,180,SR,2024,26,436.1898030683301,41.94132721810866,8.0,5.4,1.2,13.5,0.538,0.303,0.074,0.819,8.8,21.3,10.0,18.3,0.64,4.22,103.1,85.9,-2.44,-0.53,-2.44,0.94,0.94,1.0,0.06,-3.92,26.5,0,1,Stanford,2024,2264
Damian Wright,Hofstra,Big Ten,PF,6-8,80,226,R-FR,2023,30,114.91563713219533,9.57630309434961,1.0,6.3,1.1,24.1,0.365,0.208,0.259,0.768,12.4,22.5,9.2,10.7,2.13,1.71,105.6,96.3,-3.63,-0.21,-3.63,1.0,1.0,0.86,-0.14,-3.92,26.5,0,1,Virginia,2023,2265
Brandon Martinez,Pittsburgh,Big 12,W,6-6,78,215,JR,2024,26,83.2,8.0,1.6,3.6,2.3,12.8,0.456,0.401,0.196,0.634,3.4,16.6,19.1,19.1,1.41,2.85,102.8,93.6,-3.13,-0.13,-3.13,0.98,0.98,0.77,-0.21,-3.93,26.4,0,1,LSU,2024,2266
Zach Wright,Syracuse,ACC,SG,6-5,77,166,R-FR,2024,30,96.0,8.0,6.1,2.2,1.0,14.6,0.49,0.304,0.541,0.754,2.3,9.9,8.2,14.1,2.35,1.03,113.3,93.6,-1.3,-0.06,-1.3,0.94,0.94,0.93,-0.01,-3.93,26.4,0,1,UNLV,2024,2267
Damian Rivera,Arizona,Big 12,PF,6-8,80,200,R-FR,2020,25,466.0183643153243,46.601836431532426,4.5,2.4,1.3,17.8,0.438,0.347,0.185,0.758,3.8,9.8,11.2,13.1,1.26,1.56,107.2,97.6,-5.04,-1.18,-5.04,0.98,0.98,1.0,0.02,-3.93,26.4,0,1,Notre Dame,2020,2268
Damian Phillips,Cincinnati,Ivy,PF,6-8,80,225,R-JR,2022,28,517.2442655956701,46.182523713899116,9.9,4.0,1.6,25.9,0.474,0.225,0.121,0.747,4.6,17.5,13.4,12.7,3.45,7.33,109.5,85.1,-3.11,-0.8,-3.11,0.71,0.71,0.94,0.23,-3.94,26.4,0,1,Utah State,2022,2269
Owen Collins,Utah State,ACC,SF,6-3,75,212,FR,2020,26,436.2608687611196,41.94816045779996,5.5,2.5,2.6,20.5,0.498,0.428,0.179,0.769,0.8,12.9,21.9,16.0,2.37,0.94,110.2,96.7,-2.92,-0.64,-2.92,0.94,0.94,0.77,-0.17,-3.94,26.4,0,1,Virginia Tech,2020,2270
Reed Anderson,Wake Forest,Big East,PG,6-5,77,179,JR,2024,28,89.60000000000001,8.0,3.8,2.7,2.7,13.6,0.484,0.427,0.639,0.822,2.9,12.1,22.1,19.0,1.11,1.9,110.2,90.5,-1.6,-0.07,-1.6,0.93,0.93,0.72,-0.21,-3.94,26.3,0,1,Baylor,2024,2271
Ivan Garcia,James Madison,Big Ten,PF,6-8,80,212,R-JR,2021,25,482.3990224622846,48.23990224622846,5.4,5.4,1.6,21.2,0.556,0.313,0.353,0.636,11.2,18.8,13.7,13.4,2.05,6.68,106.6,95.6,-1.14,-0.27,-1.14,1.0,1.0,1.0,0.0,-3.94,26.4,0,1,Houston,2021,2272
Kofi Reed,Virginia Tech,MAC,PF,6-8,80,228,R-JR,2020,32,248.60020122080772,19.421890720375604,9.8,4.8,0.8,25.4,0.572,0.388,0.221,0.811,14.2,12.4,6.6,6.8,3.26,0.73,97.2,92.4,-3.24,-0.4,-3.24,0.76,0.76,0.74,-0.02,-3.95,26.3,0,1,Wichita State,2020,2273
Kyle Robinson,Texas,Big 12,SG,6-3,75,203,FR,2022,30,554.2483748166087,46.18736456805072,8.9,1.8,1.9,24.7,0.528,0.271,0.617,0.424,4.6,5.5,15.9,19.8,2.76,1.87,117.5,89.2,-3.79,-1.05,-3.79,0.98,0.98,0.82,-0.16,-3.95,26.3,0,1,Indiana,2022,2274
DeShawn Edwards,Iowa State,Big 12,G,6-3,75,201,R-JR,2024,30,338.83681356073447,28.236401130061203,9.0,0.5,2.6,22.4,0.561,0.318,0.52,0.621,0.5,2.0,21.5,13.9,2.6,0.1,106.0,100.9,-2.64,-0.45,-2.64,0.98,0.98,0.86,-0.12,-3.95,26.3,0,1,Florida State,2024,2275
Paul Hernandez,Clemson,AAC,C,6-10,82,192,JR,2022,26,362.66242948264363,34.8713874502542,5.0,4.0,1.5,21.9,0.48,0.305,0.054,0.879,1.0,21.5,12.7,15.7,2.55,1.15,125.4,90.7,-3.19,-0.58,-3.19,0.83,0.83,1.0,0.17,-3.96,26.3,0,1,Austin Peay,2022,2276
Derek Cook,Wichita State,CUSA,SF,6-6,78,205,R-JR,2020,24,363.80289586264865,37.89613498569257,8.1,2.9,1.3,19.9,0.524,0.283,0.365,0.654,6.4,9.6,10.4,7.4,4.41,1.05,101.4,102.7,-0.69,-0.12,-0.69,0.74,0.74,0.96,0.22,-3.97,26.2,0,1,St. John's,2020,2277
Victor Young,Nebraska,WAC,SF,6-7,79,194,R-SO,2021,31,527.0819334865567,42.50660753923845,2.6,2.7,1.4,17.9,0.481,0.282,0.413,0.774,0.7,14.2,11.5,13.6,1.14,0.88,125.6,97.2,-1.93,-0.51,-1.93,0.7,0.7,0.69,-0.01,-3.97,26.2,0,1,Butler,2021,2278
Will White,Miami,Ivy,G,6-5,77,235,R-FR,2022,20,221.46288648233002,27.682860810291256,9.1,1.3,1.9,21.9,0.523,0.326,0.327,0.636,2.6,4.3,15.6,20.1,1.84,1.02,118.0,98.8,-2.53,-0.28,-2.53,0.71,0.71,0.96,0.25,-3.97,26.2,0,1,Alabama,2022,2279
Malik Harris,Florida,SEC,C,6-10,82,233,R-JR,2021,36,218.1261345512874,15.147648232728292,6.1,4.3,0.6,22.4,0.469,0.266,0.181,0.88,9.4,14.5,5.3,16.4,2.65,3.23,118.2,93.2,-3.03,-0.33,-3.03,0.96,0.96,0.72,-0.24,-3.97,26.2,0,1,Murray State,2021,2280
Cameron Harris,Iowa,MAAC,G,6-2,74,215,R-JR,2023,36,766.1683263813761,53.20613377648446,4.3,1.2,3.9,11.2,0.633,0.353,0.445,0.636,3.1,3.7,32.3,10.3,2.45,2.29,107.9,107.3,-3.51,-1.35,-3.51,0.74,0.74,1.0,0.26,-3.97,26.2,0,1,Villanova,2023,2281
Kevin King,Rutgers,Big Ten,W,6-9,81,221,R-JR,2020,24,421.63469480841223,43.92028070920961,6.9,2.9,1.7,16.9,0.528,0.216,0.322,0.709,5.4,10.8,14.3,11.3,2.67,1.03,116.9,89.5,-0.79,-0.17,-0.79,1.0,1.0,0.7,-0.3,-3.98,26.1,0,1,Creighton,2020,2282
Flynn Jackson,Illinois,Big East,PG,6-4,76,227,JR,2020,32,252.32568827536213,19.712944396512665,7.6,2.2,3.5,24.4,0.46,0.341,0.133,0.823,3.0,9.2,29.1,25.5,2.4,2.12,112.2,96.2,-4.16,-0.53,-4.16,0.93,0.93,0.98,0.05,-3.98,26.1,0,1,Dayton,2020,2283
Luka Cooper,Oregon,WAC,PF,6-8,80,196,R-FR,2020,31,521.7627317961731,42.077639660981696,10.7,2.9,1.5,19.0,0.606,0.362,0.13,0.726,4.8,11.1,12.5,12.0,0.92,6.54,90.2,94.3,-3.75,-0.98,-3.75,0.7,0.7,0.7,0.0,-3.98,26.1,0,1,Gonzaga,2020,2284
Brandon Garcia,Michigan State,CUSA,SG,6-3,75,185,FR,2021,25,254.68830862764432,25.46883086276443,7.0,2.4,1.9,19.9,0.409,0.329,0.542,0.584,1.5,11.6,15.5,16.2,2.65,1.96,122.7,99.6,-4.86,-0.62,-4.86,0.74,0.74,1.0,0.26,-3.98,26.1,0,1,Auburn,2021,2285
Damian Allen,George Mason,Horizon,PF,6-8,80,217,R-FR,2021,25,146.09429080887432,14.60942908088743,13.4,7.5,0.9,26.7,0.478,0.297,0.11,0.869,14.9,26.6,7.2,15.6,4.35,3.53,107.9,96.6,0.0,0.0,0.0,0.71,0.71,0.86,0.15,-3.98,26.1,0,1,St. John's,2021,2286
Max Jackson,Duquesne,OVC,G,6-2,74,222,R-FR,2021,31,225.72258182707927,18.203434018312844,9.3,2.3,2.8,24.2,0.574,0.292,0.435,0.524,4.5,8.5,23.3,25.7,1.61,1.62,104.6,90.3,0.33,0.04,0.33,0.69,0.69,0.74,0.05,-3.98,26.1,0,1,Florida State,2021,2287
Zion Collins,Wake Forest,Ivy,G,6-2,74,168,R-JR,2020,29,368.35664859338345,31.75488349942961,4.5,1.7,2.8,17.2,0.48,0.262,0.448,0.658,3.1,6.4,23.7,21.7,2.68,1.71,108.8,102.0,-2.77,-0.51,-2.77,0.71,0.71,0.79,0.08,-3.99,26.1,0,1,Villanova,2020,2288
Ben Thomas,Austin Peay,OVC,SG,6-1,73,219,R-SO,2020,31,618.2789598878461,49.86120644256823,8.3,1.1,1.0,18.1,0.477,0.515,0.191,0.635,1.5,4.5,8.7,13.6,2.68,0.1,105.5,94.4,-4.85,-1.5,-4.85,0.69,0.69,0.98,0.29,-4.0,26.0,0,1,Saint Mary's,2020,2289
Derek Phillips,Saint Mary's,AAC,G,6-4,76,192,R-JR,2023,27,358.0404815347713,33.15189643840475,9.0,1.5,3.3,28.7,0.582,0.329,0.281,0.812,2.1,6.1,27.7,18.1,3.05,0.79,109.4,103.7,-3.91,-0.7,-3.91,0.83,0.83,0.74,-0.09,-4.0,26.0,0,1,Iowa,2023,2290
Kyle Morgan,USC,SEC,PF,6-9,81,189,JR,2020,29,376.47803918472056,32.45500337799315,3.3,3.8,0.8,24.5,0.503,0.391,0.071,0.679,2.6,18.3,6.4,10.5,2.04,5.7,107.9,109.9,-1.17,-0.22,-1.17,0.96,0.96,0.96,0.0,-4.0,26.0,0,1,Richmond,2020,2291
Malik Gonzalez,Providence,MAAC,PF,6-8,80,179,JR,2023,29,92.8,8.0,7.9,2.9,0.2,21.2,0.468,0.337,0.357,0.772,2.9,13.5,2.0,8.8,3.67,5.25,117.3,91.0,-2.47,-0.11,-2.47,0.74,0.74,0.94,0.2,-4.01,25.9,0,1,BYU,2023,2292
Luke Martin,Pittsburgh,MAAC,C,6-9,81,224,R-FR,2022,30,378.25807862588186,31.52150655215682,7.9,5.2,0.9,31.6,0.48,0.178,0.0,0.556,8.5,20.4,7.7,13.6,2.66,3.6,113.0,97.9,-1.53,-0.29,-1.53,0.74,0.74,0.96,0.22,-4.01,25.9,0,1,Dayton,2022,2293
Patrick Evans,Pittsburgh,Horizon,W,6-3,75,212,JR,2020,19,354.7019037935531,46.67130313073067,5.3,3.2,2.1,22.1,0.575,0.324,0.432,0.729,4.5,13.2,17.7,10.2,2.55,0.1,96.1,102.5,-0.88,-0.16,-0.88,0.71,0.71,1.0,0.29,-4.01,25.9,0,1,Memphis,2020,2294
Reed Nelson,Michigan State,ACC,SG,6-4,76,210,R-JR,2024,25,175.1705409540212,17.51705409540212,3.2,2.0,1.3,13.2,0.548,0.346,0.454,0.697,3.0,8.2,10.9,9.3,2.11,2.8,119.2,96.2,-2.03,-0.18,-2.03,0.94,0.94,0.74,-0.2,-4.01,26.0,0,1,Georgia,2024,2295
Zach Phillips,Connecticut,Ivy,PF,6-11,83,157,R-JR,2021,19,581.4737804389556,76.50970795249417,8.2,4.0,0.8,20.0,0.394,0.32,0.169,0.763,7.6,14.5,6.8,11.3,3.04,3.28,105.6,102.6,-2.87,-0.83,-2.87,0.71,0.71,0.86,0.15,-4.02,25.9,0,1,Belmont,2021,2296
Andre Nelson,Texas,MVC,F,6-4,76,223,R-FR,2024,32,276.8472960358211,21.628695002798523,4.5,7.9,0.9,11.8,0.571,0.228,0.115,0.754,12.5,31.5,7.1,10.5,2.79,0.82,110.3,96.3,-5.29,-0.73,-5.29,0.79,0.79,0.94,0.15,-4.03,25.8,0,1,Providence,2024,2297
DeShawn King,San Diego State,WAC,G,6-3,75,226,R-FR,2024,21,252.02133386356815,30.00253974566287,3.4,1.8,2.6,20.1,0.495,0.348,0.514,0.491,2.3,7.5,21.6,18.2,1.37,0.1,111.6,93.2,-0.84,-0.11,-0.84,0.7,0.7,0.79,0.09,-4.03,25.8,0,1,Arizona,2024,2298
Trevion King,Michigan,A-10,SF,6-8,80,174,FR,2020,31,380.3101511902574,30.670173483085275,9.3,2.7,2.0,30.5,0.519,0.36,0.232,0.604,6.8,7.9,17.0,17.6,3.12,0.63,117.7,100.5,-1.9,-0.36,-1.9,0.86,0.86,0.93,0.07,-4.03,25.8,0,1,Indiana,2020,2299
Chris Stewart,UCLA,Big 12,G,6-3,75,203,FR,2022,25,191.18583955621767,19.118583955621766,10.7,2.7,2.3,18.6,0.517,0.311,0.05,0.684,4.9,9.9,19.4,20.4,2.83,0.66,120.4,99.1,-1.88,-0.18,-1.88,0.98,0.98,0.74,-0.24,-4.03,25.8,0,1,UNLV,2022,2300
Reed Phillips,Wichita State,WCC,W,6-7,79,232,R-FR,2021,21,226.12698851505382,26.919879585125457,10.2,2.4,0.4,27.6,0.48,0.345,0.44,0.629,2.2,11.0,3.0,9.6,0.95,0.1,114.8,97.9,-3.12,-0.35,-3.12,0.82,0.82,0.83,0.01,-4.03,25.8,0,1,TCU,2021,2301
Ben Garcia,Alabama,MAC,G,6-1,73,203,FR,2020,27,393.32205989073566,36.41870924914219,3.8,1.8,3.6,18.3,0.59,0.335,0.197,0.48,4.1,6.1,30.1,16.2,2.09,1.71,107.5,89.3,-2.05,-0.4,-2.05,0.76,0.76,0.98,0.22,-4.04,25.7,0,1,UNLV,2020,2302
Luka Taylor,BYU,MAC,PF,6-10,82,200,JR,2024,28,418.6139098495203,37.37624195085002,5.6,4.9,0.2,21.6,0.457,0.302,0.0,0.673,9.8,17.6,1.2,9.8,1.49,5.9,129.9,99.8,-4.04,-0.85,-4.04,0.76,0.76,0.96,0.2,-4.04,25.8,0,1,Notre Dame,2024,2303
Ivan Lewis,Saint Louis,ACC,SG,6-4,76,209,JR,2022,23,201.7766093768605,21.93224014965875,5.8,1.2,1.9,13.9,0.552,0.291,0.606,0.545,3.0,3.7,16.1,21.3,1.19,0.1,113.9,94.5,-1.69,-0.17,-1.69,0.94,0.94,0.79,-0.15,-4.04,25.8,0,1,Vanderbilt,2022,2304
Uriah Clark,Michigan,CAA,SF,6-5,77,182,SR,2024,18,96.9278638910672,13.462203318203779,8.9,4.0,1.3,10.9,0.43,0.269,0.181,0.663,7.6,14.5,10.9,11.9,4.21,2.09,110.0,99.6,-2.88,-0.14,-2.88,0.77,0.77,1.0,0.23,-4.05,25.7,0,1,Wake Forest,2024,2305
Patrick Parker,Seton Hall,WCC,SF,6-4,76,188,R-FR,2022,22,257.5302699160857,29.26480339955519,6.9,3.4,1.3,21.2,0.529,0.329,0.276,0.76,8.8,10.2,10.9,15.9,1.03,0.22,105.4,100.6,-2.84,-0.37,-2.84,0.82,0.82,0.74,-0.08,-4.05,25.7,0,1,Iowa State,2022,2306
Ivan Morris,Virginia,CUSA,W,6-7,79,231,R-JR,2023,22,324.8758478532281,36.91770998332138,8.8,3.5,2.2,12.1,0.532,0.396,0.459,0.847,2.7,16.5,18.7,13.3,1.82,0.41,99.9,94.5,-3.45,-0.56,-3.45,0.74,0.74,0.93,0.19,-4.05,25.7,0,1,Syracuse,2023,2307
Omar Clark,Hofstra,MAAC,SF,6-4,76,196,R-FR,2023,26,233.8237380645715,22.483051736978027,10.9,2.4,2.4,30.8,0.499,0.352,0.386,0.587,2.4,11.1,19.7,13.2,2.04,0.76,96.0,101.7,-1.33,-0.16,-1.33,0.74,0.74,0.98,0.24,-4.05,25.7,0,1,Illinois,2023,2308
Vince Edwards,Tulsa,Big Ten,SG,6-6,78,227,JR,2020,28,311.0413834570284,27.771552094377537,4.0,1.8,1.1,13.7,0.546,0.338,0.376,0.68,1.9,8.3,9.0,11.0,2.47,1.45,111.0,103.8,-1.69,-0.26,-1.69,1.0,1.0,0.74,-0.26,-4.05,25.7,0,1,Michigan,2020,2309
Zion Cook,Michigan,A-10,SF,6-5,77,188,R-FR,2021,24,91.30754530873392,9.51120263632645,5.2,2.8,1.8,13.5,0.426,0.372,0.163,0.728,5.6,9.9,15.1,10.2,3.04,0.8,105.4,95.5,-1.38,-0.06,-1.38,0.86,0.86,0.71,-0.15,-4.06,25.7,0,1,Davidson,2021,2310
Cameron Bailey,Alabama,MAC,SF,6-5,77,229,FR,2021,23,325.4082582710226,35.37046285554594,4.5,3.1,1.5,19.8,0.503,0.375,0.405,0.68,3.6,13.9,12.2,11.1,1.17,2.53,98.2,101.8,-1.57,-0.25,-1.57,0.76,0.76,0.69,-0.07,-4.06,25.6,0,1,Dayton,2021,2311
Kevin Morgan,Clemson,Ivy,PG,6-2,74,202,R-FR,2023,36,515.7656768077803,35.81706088942919,8.7,0.8,2.5,27.2,0.539,0.41,0.506,0.734,0.8,3.6,20.5,8.6,2.81,3.95,111.1,101.4,-3.44,-0.89,-3.44,0.71,0.71,0.98,0.27,-4.07,25.6,0,1,Cincinnati,2023,2312
Chris Anderson,Butler,Sun Belt,G,6-1,73,235,R-FR,2024,30,442.92418039975144,36.910348366645955,5.8,0.8,3.2,15.5,0.452,0.296,0.585,0.692,0.2,4.4,27.0,16.0,0.97,1.12,116.9,112.2,-2.58,-0.57,-2.58,0.72,0.72,0.69,-0.03,-4.07,25.6,0,1,Clemson,2024,2313
Ryan Scott,Villanova,A-10,PF,6-9,81,204,R-JR,2021,27,218.3809856046081,20.220461630056306,1.2,5.2,2.0,24.9,0.465,0.223,0.106,0.631,12.0,16.8,17.0,13.2,3.36,3.69,101.8,98.4,-1.86,-0.2,-1.86,0.86,0.86,0.72,-0.14,-4.08,25.5,0,1,Nevada,2021,2314
Max Edwards,Villanova,CAA,W,6-6,78,187,R-JR,2023,28,310.2120576855425,27.697505150494866,7.2,2.8,1.8,27.8,0.483,0.418,0.279,0.564,1.0,14.4,14.7,10.9,2.47,0.27,116.0,96.6,-3.09,-0.48,-3.09,0.77,0.77,0.86,0.09,-4.08,25.5,0,1,Clemson,2023,2315
Omar Parker,BYU,AAC,C,6-9,81,208,R-JR,2021,20,288.4609797403415,36.057622467542686,3.9,4.0,1.2,21.3,0.491,0.369,0.025,0.883,10.1,12.2,9.6,9.5,0.63,4.1,108.7,100.4,-2.94,-0.42,-2.94,0.83,0.83,0.79,-0.04,-4.08,25.5,0,1,Indiana,2021,2316
Will Moore,Providence,Ivy,SG,6-4,76,194,R-FR,2024,26,352.66328134023865,33.90993089809987,9.8,0.9,0.7,16.3,0.518,0.294,0.637,0.78,1.7,3.5,5.5,11.5,2.31,1.62,111.5,101.2,-4.54,-0.8,-4.54,0.71,0.71,0.94,0.23,-4.09,25.5,0,1,Virginia,2024,2317
Tyler Jackson,Ohio State,OVC,PF,6-10,82,202,R-FR,2024,30,647.5657723422655,53.96381436185547,2.5,4.5,0.8,16.0,0.498,0.348,0.17,0.788,5.3,19.5,7.1,18.1,2.57,2.01,117.4,106.6,-2.35,-0.76,-2.35,0.69,0.69,0.98,0.29,-4.09,25.4,0,1,Florida,2024,2318
Andre Murphy,Alabama,Big East,SG,6-6,78,188,JR,2023,26,448.4077901708897,43.116133670277854,8.0,2.9,1.1,18.3,0.568,0.348,0.41,0.623,1.4,14.7,9.5,15.5,2.78,1.45,116.7,100.3,-2.4,-0.54,-2.4,0.93,0.93,0.83,-0.1,-4.09,25.5,0,1,William & Mary,2023,2319
Todd Johnson,Baylor,WAC,F,6-7,79,237,JR,2023,25,214.40490605564125,21.440490605564126,4.5,5.8,1.7,22.7,0.573,0.432,0.1,0.712,9.6,22.5,14.4,12.3,1.11,0.79,112.6,105.9,-2.35,-0.25,-2.35,0.7,0.7,0.96,0.26,-4.09,25.5,0,1,Dayton,2023,2320
Patrick White,Michigan,Big Ten,SG,6-3,75,211,R-FR,2021,35,293.9805836840966,20.998613120292614,5.3,0.9,1.4,24.3,0.42,0.362,0.335,0.55,2.6,2.4,11.7,17.1,2.0,1.29,119.4,98.7,0.64,0.09,0.64,1.0,1.0,0.82,-0.18,-4.1,25.4,0,1,Creighton,2021,2321
Tyler Moore,Michigan,Ivy,PF,6-10,82,211,R-JR,2022,28,507.3396767228808,45.29818542168579,11.2,4.6,0.4,16.4,0.586,0.123,0.545,0.719,11.2,14.1,3.5,12.5,0.21,3.83,119.9,101.9,0.15,0.04,0.15,0.71,0.71,0.94,0.23,-4.1,25.4,0,1,St. Bonaventure,2022,2322
Henry Turner,Rutgers,SEC,C,6-9,81,214,R-FR,2020,27,458.71060591212546,42.47320425112273,1.6,5.6,0.8,20.0,0.489,0.31,0.248,0.727,8.2,23.0,6.3,20.7,2.96,1.68,111.3,102.8,-1.83,-0.42,-1.83,0.96,0.96,0.83,-0.13,-4.1,25.4,0,1,Cincinnati,2020,2323
Malik Mitchell,Wisconsin,OVC,PG,6-0,72,189,SR,2022,25,192.0755341169848,19.20755341169848,3.6,1.3,3.7,17.6,0.516,0.319,0.487,0.569,1.3,5.9,30.7,18.3,2.42,0.66,106.3,83.8,-0.76,-0.07,-0.76,0.69,0.69,0.86,0.17,-4.11,25.4,0,1,Florida,2022,2324
Brandon Edwards,Seton Hall,Horizon,C,7-0,84,180,R-FR,2023,31,349.105049692349,28.153633039705568,5.9,4.4,1.6,10.0,0.55,0.466,0.235,0.726,8.0,16.6,13.4,8.6,2.51,8.29,112.5,102.2,-3.99,-0.7,-3.99,0.71,0.71,0.74,0.03,-4.11,25.4,0,1,Providence,2023,2325
Jake Martinez,Providence,MAAC,F,6-9,81,235,JR,2021,22,186.508084558823,21.194100518048064,4.2,4.0,0.3,19.8,0.568,0.345,0.111,0.857,9.8,12.5,2.5,13.1,2.64,2.22,97.1,88.5,-4.23,-0.39,-4.23,0.74,0.74,0.93,0.19,-4.11,25.4,0,1,Arizona,2021,2326
Mike Cooper,Houston,OVC,PF,6-7,79,204,R-JR,2021,34,341.9562987084198,25.143845493266163,6.7,4.7,1.3,21.8,0.573,0.295,0.504,0.742,9.1,17.0,10.4,4.0,3.23,1.32,105.7,90.8,-1.35,-0.23,-1.35,0.69,0.69,0.69,0.0,-4.11,25.4,0,1,Syracuse,2021,2327
Cade Rogers,SMU,Sun Belt,W,6-3,75,216,R-JR,2021,35,561.9698186494962,40.14070133210687,5.8,1.7,2.6,22.4,0.483,0.318,0.67,0.653,5.4,3.9,21.9,11.9,3.5,0.83,109.0,94.4,-3.16,-0.89,-3.16,0.72,0.72,0.69,-0.03,-4.12,25.3,0,1,Creighton,2021,2328
Chris Williams,Butler,CAA,SF,6-5,77,232,R-JR,2022,35,480.65933187242763,34.33280941945912,8.6,3.2,2.1,19.9,0.586,0.354,0.27,0.616,4.6,13.1,17.6,13.7,2.64,0.1,113.1,95.2,-2.43,-0.58,-2.43,0.77,0.77,0.7,-0.07,-4.12,25.3,0,1,Nebraska,2022,2329
Isaiah Sanchez,Air Force,Big 12,C,6-10,82,208,R-FR,2022,22,219.27000669305048,24.917046215119374,4.3,4.4,1.3,24.7,0.463,0.297,0.182,0.739,4.8,19.8,10.7,8.4,2.8,5.09,111.4,108.1,-1.06,-0.12,-1.06,0.98,0.98,0.98,0.0,-4.13,25.2,0,1,SMU,2022,2330
Jaylen Young,Florida State,CUSA,G,6-2,74,189,R-JR,2022,29,183.05775596675946,15.780841031617195,6.7,2.2,3.8,19.1,0.55,0.339,0.16,0.86,1.9,10.4,31.8,12.2,2.33,1.78,108.9,104.6,-1.46,-0.13,-1.46,0.74,0.74,1.0,0.26,-4.14,25.2,0,1,Baylor,2022,2331
Cameron Lewis,UNLV,MAC,SG,6-4,76,202,JR,2023,25,80.0,8.0,5.6,2.4,1.9,12.9,0.537,0.391,0.589,0.735,3.2,10.0,15.7,14.0,1.99,2.36,117.3,90.2,-1.54,-0.06,-1.54,0.76,0.76,0.86,0.1,-4.14,25.1,0,1,Butler,2023,2332
Kevin Wilson,Memphis,MAC,C,6-10,82,180,R-JR,2024,29,553.2703127806469,47.69571661902128,2.6,5.4,1.1,17.0,0.462,0.235,0.14,0.82,9.4,20.9,9.4,17.2,0.59,0.3,108.5,98.5,-1.5,-0.42,-1.5,0.76,0.76,0.96,0.2,-4.14,25.2,0,1,Iowa State,2024,2333
Will Rogers,George Mason,Sun Belt,C,7-0,84,233,R-FR,2021,29,387.19418912290513,33.378809407146996,7.9,4.4,0.8,19.4,0.48,0.207,0.343,0.763,7.3,17.0,6.3,8.7,1.12,2.19,117.3,105.3,-4.47,-0.87,-4.47,0.72,0.72,0.96,0.24,-4.15,25.1,0,1,Fordham,2021,2334
Coleman Cooper,Butler,OVC,G,5-10,70,194,JR,2023,33,387.87952210299113,29.384812280529626,7.4,1.8,2.9,11.2,0.47,0.215,0.654,0.724,3.2,7.0,24.3,14.5,2.19,0.1,94.4,91.4,-3.76,-0.73,-3.76,0.69,0.69,0.94,0.25,-4.15,25.1,0,1,St. Bonaventure,2023,2335
Will Collins,Illinois,Big 12,SG,6-3,75,243,JR,2022,21,155.71520800691505,18.53752476272798,9.3,1.2,2.8,26.5,0.541,0.295,0.511,0.765,1.0,5.8,23.0,9.5,1.59,3.47,106.3,106.2,-2.42,-0.19,-2.42,0.98,0.98,0.69,-0.29,-4.15,25.1,0,1,Seton Hall,2022,2336
Zach Anderson,Michigan,MAC,PG,6-3,75,195,R-JR,2022,26,267.1482217028155,25.687329009886106,10.6,1.2,1.9,21.7,0.527,0.303,0.503,0.64,3.3,3.2,16.2,10.1,2.41,1.75,106.8,100.2,-3.64,-0.49,-3.64,0.76,0.76,0.76,0.0,-4.15,25.1,0,1,UCLA,2022,2337
Max Brown,Oregon,Ivy,PF,6-8,80,220,R-FR,2020,21,104.60727484361838,12.453247005192663,9.7,5.9,1.9,20.1,0.499,0.32,0.241,0.626,7.8,25.2,15.5,10.9,2.29,2.26,118.2,113.1,-1.74,-0.09,-1.74,0.71,0.71,0.96,0.25,-4.15,25.1,0,1,Baylor,2020,2338
Xavier Martin,Austin Peay,WCC,PG,6-3,75,205,R-JR,2022,33,439.34467926802154,33.283687823334965,3.4,1.6,3.9,15.1,0.464,0.364,0.26,0.646,0.2,8.9,32.8,12.9,3.22,1.44,95.2,93.4,-3.39,-0.74,-3.39,0.82,0.82,0.72,-0.1,-4.16,25.0,0,1,Miami,2022,2339
Paul Harris,Iowa,ACC,W,6-6,78,219,R-FR,2022,26,310.30927092542595,29.837429896675573,2.0,3.3,2.1,16.7,0.379,0.354,0.371,0.63,5.6,12.5,17.6,11.4,3.07,0.41,103.6,108.4,-4.9,-0.76,-4.9,0.94,0.94,0.94,0.0,-4.16,25.0,0,1,SMU,2022,2340
Xavier Scott,Louisville,WAC,C,6-9,81,229,FR,2020,27,177.1890959537251,16.406397773493065,16.1,4.1,0.2,30.3,0.621,0.428,0.162,0.764,8.9,13.9,1.8,5.8,2.36,1.09,106.1,101.4,-4.41,-0.39,-4.41,0.7,0.7,1.0,0.3,-4.17,25.0,0,1,Gonzaga,2020,2341
Reed Cook,Seton Hall,ACC,F,6-9,81,218,R-FR,2024,25,477.5990081873758,47.75990081873758,4.9,4.2,1.2,22.0,0.447,0.286,0.16,0.913,10.6,12.9,10.1,13.6,1.5,2.29,99.9,93.4,-2.36,-0.56,-2.36,0.94,0.94,0.96,0.02,-4.17,25.0,0,1,Indiana,2024,2342
Reed Morgan,St. Bonaventure,AAC,C,6-10,82,190,JR,2021,25,246.71000538109223,24.671000538109222,11.3,5.1,1.6,23.5,0.518,0.137,0.1,0.574,8.0,20.2,13.5,10.5,2.31,0.3,103.5,99.9,-2.95,-0.36,-2.95,0.83,0.83,0.72,-0.11,-4.17,25.0,0,1,Clemson,2021,2343
Coleman Rodriguez,Vanderbilt,A-10,F,6-8,80,210,JR,2020,28,179.72134802251088,16.046548930581327,3.8,3.2,0.6,25.4,0.458,0.277,0.134,0.742,8.2,9.7,4.8,15.7,2.28,0.1,112.0,95.2,-3.43,-0.31,-3.43,0.86,0.86,0.71,-0.15,-4.17,25.0,0,1,Notre Dame,2020,2344
Tyrese Rogers,Michigan State,AAC,SG,6-6,78,225,R-JR,2022,26,280.6433186869112,26.984934489126072,10.2,1.7,1.3,20.3,0.534,0.304,0.397,0.646,1.4,8.0,11.1,11.1,3.25,1.11,125.4,102.4,-2.81,-0.39,-2.81,0.83,0.83,0.77,-0.06,-4.18,24.9,0,1,Baylor,2022,2345
Malik Scott,Xavier,Big 12,PF,6-9,81,199,R-FR,2022,24,351.61059089965056,36.6261032187136,4.7,5.8,1.9,17.5,0.55,0.255,0.105,0.802,7.5,24.9,16.1,9.4,0.2,7.11,108.3,92.9,-1.26,-0.22,-1.26,0.98,0.98,0.77,-0.21,-4.18,24.9,0,1,LSU,2022,2346
Isaiah Rogers,Oregon,A-10,W,6-5,77,231,R-JR,2021,30,426.6145823247806,35.551215193731714,8.2,4.4,2.2,21.0,0.459,0.279,0.407,0.77,10.0,14.3,18.3,9.6,2.74,0.38,118.8,92.2,-2.94,-0.63,-2.94,0.86,0.86,0.72,-0.14,-4.18,24.9,0,1,Connecticut,2021,2347
Damian Carter,North Carolina,Big 12,F,6-9,81,210,JR,2023,30,134.91859989854004,11.243216658211669,12.1,4.4,1.6,20.1,0.533,0.378,0.214,0.717,9.6,15.1,13.0,8.8,2.62,2.72,102.5,90.0,-2.46,-0.17,-2.46,0.98,0.98,0.96,-0.02,-4.18,24.9,0,1,Texas,2023,2348
Patrick Stewart,Creighton,MAC,C,6-10,82,203,JR,2023,30,280.48215259859126,23.37351271654927,1.3,4.4,1.3,16.2,0.423,0.36,0.056,0.625,9.7,14.7,11.2,9.7,2.1,6.12,104.8,91.4,-2.99,-0.42,-2.99,0.76,0.76,0.86,0.1,-4.18,24.9,0,1,Kansas,2023,2349
Isaiah Edwards,Oregon,ACC,SF,6-7,79,189,FR,2024,34,316.91544803036084,23.30260647282065,12.1,4.0,2.3,18.7,0.523,0.297,0.475,0.777,7.4,14.7,19.4,12.8,1.5,1.89,111.6,96.9,-0.67,-0.11,-0.67,0.94,0.94,0.94,0.0,-4.19,24.9,0,1,St. Bonaventure,2024,2350
Zion Campbell,Michigan State,Big 12,PG,6-0,72,192,JR,2022,26,239.8597277456562,23.063435360159247,5.1,1.4,2.8,31.0,0.565,0.237,0.447,0.898,1.6,6.1,23.7,22.1,2.86,1.14,104.9,106.0,-1.3,-0.16,-1.3,0.98,0.98,0.93,-0.05,-4.19,24.9,0,1,TCU,2022,2351
Nathan Hall,James Madison,Big 12,C,6-10,82,185,FR,2023,23,478.9470888332065,52.05946617752245,1.0,5.9,0.7,26.6,0.428,0.309,0.436,0.801,12.2,20.3,5.6,8.5,0.2,3.19,108.5,97.5,-1.47,-0.35,-1.47,0.98,0.98,1.0,0.02,-4.19,24.9,0,1,Penn State,2023,2352
Jaylen Thompson,Davidson,CUSA,PF,6-8,80,220,R-FR,2021,26,155.63998840250667,14.965383500241028,7.7,4.7,1.4,14.9,0.427,0.38,0.16,0.87,8.2,17.8,11.6,4.0,2.4,4.38,120.4,104.8,-4.6,-0.36,-4.6,0.74,0.74,1.0,0.26,-4.19,24.9,0,1,Louisville,2021,2353
Tyrese Roberts,SMU,OVC,SG,6-3,75,205,FR,2020,30,729.7200519249317,60.81000432707764,1.7,2.7,1.7,17.9,0.553,0.322,0.528,0.881,4.7,10.4,14.2,14.8,1.45,0.1,102.0,99.5,-1.79,-0.65,-1.79,0.69,0.69,0.77,0.08,-4.19,24.8,0,1,Wake Forest,2020,2354
Zach Cook,Houston,CAA,PF,6-6,78,189,SR,2021,36,325.6355709306186,22.613581314626295,4.8,4.8,1.2,21.2,0.493,0.281,0.268,0.655,3.4,23.3,10.4,15.4,3.33,2.54,112.1,94.5,-5.21,-0.85,-5.21,0.77,0.77,0.82,0.05,-4.19,24.9,0,1,UNLV,2021,2355
Jaylen Hall,Gonzaga,Big 12,SF,6-6,78,200,SO,2024,36,441.2064649850004,30.639337846180588,6.2,2.4,0.7,17.6,0.488,0.42,0.324,0.765,1.8,11.3,5.7,9.8,3.04,1.45,107.2,93.6,-2.56,-0.56,-2.56,0.98,0.98,0.69,-0.29,-4.19,24.8,0,1,Wake Forest,2024,2356
Luka Campbell,Michigan State,Sun Belt,PG,6-5,77,178,FR,2024,33,971.9914186427484,73.63571353354155,5.1,2.0,0.6,17.6,0.404,0.293,0.698,0.616,0.2,11.1,5.0,16.3,3.01,1.12,119.6,101.6,-5.35,-2.6,-5.35,0.72,0.72,1.0,0.28,-4.19,24.8,0,1,Miami,2024,2357
Evan Thompson,Iowa State,MAAC,W,6-4,76,200,R-FR,2024,22,180.72008544476066,20.53637334599553,5.2,3.8,0.4,21.4,0.453,0.353,0.147,0.656,3.5,17.8,3.5,21.7,2.78,0.1,103.9,101.7,-3.55,-0.32,-3.55,0.74,0.74,0.98,0.24,-4.2,24.8,0,1,USC,2024,2358
Grant Clark,Butler,WCC,W,6-6,78,210,R-JR,2020,28,440.0171331206561,39.287244028630006,1.0,3.6,1.0,20.5,0.504,0.376,0.062,0.668,7.2,13.0,8.4,5.0,3.9,1.31,122.2,103.5,-2.69,-0.59,-2.69,0.82,0.82,0.98,0.16,-4.2,24.8,0,1,Georgetown,2020,2359
Victor Thompson,George Mason,Big Ten,PF,6-10,82,175,R-JR,2023,31,352.6147636662072,28.436674489210255,7.6,4.6,0.7,26.8,0.527,0.322,0.394,0.623,7.8,18.0,5.6,8.5,2.58,6.16,111.5,104.4,-2.39,-0.42,-2.39,1.0,1.0,0.72,-0.28,-4.2,24.8,0,1,Baylor,2023,2360
Nathan King,Stanford,MVC,F,6-8,80,185,SO,2021,30,316.77319958799,26.3977666323325,10.2,3.0,1.7,13.5,0.599,0.189,0.048,0.562,3.4,13.1,13.9,10.9,2.23,0.54,117.0,110.1,-2.4,-0.38,-2.4,0.79,0.79,0.76,-0.03,-4.2,24.8,0,1,Saint Mary's,2021,2361
Ryan Adams,Iowa,Horizon,G,6-5,77,186,R-FR,2022,30,629.1533390890031,52.42944492408359,6.9,1.4,0.6,18.2,0.499,0.171,0.321,0.712,1.6,6.4,5.0,11.0,1.1,0.78,85.7,98.0,-2.64,-0.83,-2.64,0.71,0.71,0.72,0.01,-4.2,24.8,0,1,Nebraska,2022,2362
Nathan Clark,Oklahoma,MAC,SG,6-5,77,192,R-FR,2020,31,428.96408251458774,34.59387762214417,9.9,2.3,1.7,22.7,0.407,0.23,0.374,0.605,2.8,10.0,14.3,11.4,0.88,1.46,104.9,101.0,-3.52,-0.75,-3.52,0.76,0.76,0.72,-0.04,-4.21,24.7,0,1,Indiana,2020,2363
Will Brown,Clemson,WCC,C,6-10,82,200,R-FR,2023,25,168.76079707237335,16.876079707237334,5.8,6.4,1.3,12.6,0.531,0.268,0.467,0.865,11.6,23.9,11.0,10.5,3.84,2.13,118.4,95.7,-1.64,-0.14,-1.64,0.82,0.82,0.7,-0.12,-4.21,24.7,0,1,DePaul,2023,2364
Uriah Lopez,Villanova,ACC,SF,6-6,78,201,R-JR,2024,26,83.2,8.0,7.7,4.5,1.9,25.9,0.511,0.37,0.468,0.62,7.7,17.6,16.0,15.7,0.94,2.55,124.5,100.2,-1.26,-0.05,-1.26,0.94,0.94,0.83,-0.11,-4.21,24.7,0,1,Alabama,2024,2365
Kofi Rodriguez,Belmont,Big Ten,F,6-6,78,188,FR,2021,27,235.58261461521508,21.813205056964357,5.4,4.2,1.0,15.7,0.554,0.222,0.248,0.629,6.2,17.3,8.1,8.0,2.9,2.62,107.5,111.2,-2.45,-0.29,-2.45,1.0,1.0,0.76,-0.24,-4.22,24.7,0,1,Mississippi State,2021,2366
Darius Brown,Ohio State,CUSA,C,6-11,83,185,JR,2022,24,443.0165008798053,46.147552174979715,8.9,5.1,1.0,21.1,0.522,0.346,0.179,0.569,8.4,19.7,8.5,9.6,0.88,7.3,116.2,99.2,-2.63,-0.58,-2.63,0.74,0.74,0.98,0.24,-4.22,24.7,0,1,Indiana,2022,2367
Marcus Roberts,Mississippi State,Sun Belt,F,6-6,78,205,SO,2020,23,371.1589615704871,40.34336538809642,9.4,3.8,1.4,20.8,0.501,0.188,0.255,0.604,2.6,18.3,11.4,15.1,2.66,0.82,124.8,99.5,-3.14,-0.58,-3.14,0.72,0.72,0.71,-0.01,-4.23,24.6,0,1,USC,2020,2368
Todd King,Duquesne,Big 12,SF,6-7,79,194,JR,2023,29,92.8,8.0,5.4,2.0,1.5,23.2,0.467,0.324,0.343,0.705,2.7,8.7,12.7,9.4,2.91,1.19,97.7,94.7,-1.46,-0.07,-1.46,0.98,0.98,0.96,-0.02,-4.23,24.6,0,1,Boise State,2023,2369
Zion Garcia,LSU,CAA,PF,6-8,80,215,SO,2023,34,398.4351133430246,29.296699510516518,16.7,5.4,0.4,25.3,0.578,0.201,0.182,0.81,9.5,20.8,3.4,18.7,1.41,0.3,108.8,84.2,-2.08,-0.41,-2.08,0.77,0.77,0.96,0.19,-4.23,24.6,0,1,Boston College,2023,2370
Kofi Lewis,Duke,SEC,PG,6-1,73,213,R-FR,2022,30,149.5087079472952,12.459058995607933,3.7,1.9,2.9,21.5,0.411,0.372,0.212,0.641,1.1,9.5,24.0,22.0,2.04,0.1,99.3,90.0,-4.04,-0.3,-4.04,0.96,0.96,0.83,-0.13,-4.24,24.6,0,1,Illinois,2022,2371
Nick Hill,Saint Louis,CUSA,W,6-10,82,207,R-JR,2021,31,429.02005114615343,34.598391221463984,4.8,1.9,2.4,21.0,0.472,0.364,0.305,0.5,3.6,6.8,19.9,10.2,1.2,0.85,116.1,104.3,-3.13,-0.67,-3.13,0.74,0.74,0.83,0.09,-4.24,24.5,0,1,Seton Hall,2021,2372
Jalen King,Wake Forest,CAA,W,6-7,79,185,JR,2023,37,208.19904201167904,14.067502838626963,6.3,2.3,1.3,13.6,0.536,0.272,0.053,0.769,4.2,8.6,10.8,12.8,2.78,0.1,102.2,101.7,-2.7,-0.28,-2.7,0.77,0.77,1.0,0.23,-4.24,24.6,0,1,Davidson,2023,2373
Xavier Harris,Kansas,CUSA,W,6-6,78,228,SO,2022,26,83.2,8.0,3.0,3.5,2.3,15.9,0.547,0.228,0.361,0.769,6.1,13.6,18.8,20.3,0.2,0.18,112.3,100.7,-3.88,-0.16,-3.88,0.74,0.74,0.98,0.24,-4.24,24.5,0,1,Nebraska,2022,2374
Jaylen Wilson,Duke,Big Ten,C,6-11,83,219,SR,2020,33,535.0211549602752,40.53190567880873,6.6,6.3,0.7,16.7,0.526,0.316,0.035,0.595,11.3,23.5,6.0,7.9,1.32,4.99,101.2,105.7,-1.17,-0.31,-1.17,1.0,1.0,0.77,-0.23,-4.25,24.5,0,1,DePaul,2020,2375
Ben Rodriguez,Oklahoma,Ivy,PG,6-3,75,189,R-FR,2022,30,274.32951320896245,22.86079276741354,7.2,1.7,0.7,25.8,0.509,0.313,0.062,0.731,0.9,8.4,6.0,16.6,2.9,2.08,108.2,98.9,-2.77,-0.38,-2.77,0.71,0.71,0.86,0.15,-4.25,24.5,0,1,Cincinnati,2022,2376
Cade Baker,Providence,CAA,PG,6-2,74,226,JR,2023,27,372.57607975620067,34.49778516261118,11.7,1.7,3.4,23.0,0.539,0.395,0.21,0.72,2.0,7.7,28.1,22.9,3.6,1.93,109.9,97.4,-3.85,-0.72,-3.85,0.77,0.77,0.82,0.05,-4.25,24.5,0,1,Purdue,2023,2377
Nick Lee,LSU,Sun Belt,PF,6-6,78,214,JR,2024,25,642.268819716909,64.2268819716909,5.9,3.7,1.4,20.8,0.459,0.308,0.0,0.771,4.9,16.0,12.0,13.7,2.28,5.11,114.4,95.5,-0.92,-0.3,-0.92,0.72,0.72,0.96,0.24,-4.25,24.5,0,1,Penn State,2024,2378
Eric Robinson,UNLV,CAA,PG,6-1,73,185,R-FR,2022,19,405.4958722459396,53.354720032360476,3.9,1.6,2.0,22.5,0.498,0.308,0.647,0.847,1.3,7.5,16.8,17.0,1.97,2.45,102.8,83.2,-4.88,-0.99,-4.88,0.77,0.77,0.76,-0.01,-4.25,24.5,0,1,Seton Hall,2022,2379
Damian Stewart,Northwestern,Horizon,SG,6-2,74,184,R-FR,2022,37,592.677717146219,40.04579169906885,7.8,1.4,0.9,21.9,0.568,0.41,0.446,0.667,2.8,4.8,7.6,13.5,1.5,0.79,102.9,97.5,-2.74,-0.81,-2.74,0.71,0.71,0.74,0.03,-4.26,24.4,0,1,North Carolina,2022,2380
Ben Walker,Memphis,Horizon,C,6-7,79,186,R-JR,2024,31,583.4105027656337,47.04923409400272,6.4,4.6,1.1,10.3,0.553,0.322,0.198,0.643,14.9,10.7,8.9,16.1,2.36,0.3,122.6,88.9,-3.29,-0.96,-3.29,0.71,0.71,0.96,0.25,-4.26,24.4,0,1,Purdue,2024,2381
Wade Mitchell,Vanderbilt,AAC,PF,6-11,83,259,SR,2024,30,238.47948861417694,19.87329071784808,9.5,4.8,0.8,29.2,0.546,0.271,0.233,0.566,12.7,14.2,6.8,11.9,0.64,5.07,118.7,100.4,-2.89,-0.34,-2.89,0.83,0.83,0.83,0.0,-4.26,24.4,0,1,Florida,2024,2382
Chris Collins,James Madison,Sun Belt,PF,6-7,79,191,JR,2023,23,165.95032409885604,18.038078706397396,4.0,5.9,2.0,16.7,0.511,0.212,0.357,0.651,6.5,26.2,16.5,15.2,2.43,2.74,118.7,96.0,-3.29,-0.27,-3.29,0.72,0.72,0.96,0.24,-4.26,24.5,0,1,Stanford,2023,2383
Max Turner,Vanderbilt,Big East,PG,6-2,74,196,R-JR,2023,29,284.45110843805463,24.52164727914264,4.3,1.9,3.4,15.0,0.501,0.34,0.368,0.682,2.4,8.2,28.2,15.1,0.92,2.18,116.9,100.4,-3.37,-0.48,-3.37,0.93,0.93,0.7,-0.23,-4.26,24.4,0,1,George Mason,2023,2384
Jalen Edwards,Fordham,Horizon,C,6-10,82,234,R-JR,2020,30,112.10516259903292,9.342096883252744,7.3,6.6,0.6,32.5,0.423,0.39,0.527,0.755,13.9,22.5,5.0,10.7,2.62,7.38,108.4,102.5,-1.4,-0.08,-1.4,0.71,0.71,0.77,0.06,-4.27,24.4,0,1,Xavier,2020,2385
Grant Campbell,Tennessee Tech,AAC,PG,6-2,74,230,R-FR,2024,22,388.63566160988177,44.16314336475929,1.0,2.0,2.9,21.0,0.474,0.346,0.587,0.674,3.7,7.6,24.5,19.9,2.18,0.52,111.7,102.5,-1.37,-0.27,-1.37,0.83,0.83,0.71,-0.12,-4.27,24.4,0,1,North Carolina,2024,2386
Grant Brown,Tulsa,Ivy,SG,6-4,76,228,R-FR,2022,27,663.4379808247725,61.42944266896043,4.4,1.3,1.0,16.4,0.361,0.287,0.282,0.667,1.5,5.6,8.2,17.3,3.4,1.25,107.1,92.4,-3.99,-1.32,-3.99,0.71,0.71,0.72,0.01,-4.27,24.4,0,1,Seton Hall,2022,2387
Malik Clark,Vanderbilt,WAC,C,6-9,81,180,R-JR,2022,24,373.82735504596866,38.94034948395507,3.1,3.2,1.3,22.0,0.496,0.357,0.142,0.783,2.6,15.0,11.0,18.9,1.23,1.65,112.6,99.5,-2.63,-0.49,-2.63,0.7,0.7,0.74,0.04,-4.27,24.4,0,1,SMU,2022,2388
Cole Young,Iowa,Big 12,F,6-6,78,200,SO,2023,33,387.4204902446618,29.350037139747105,12.7,4.5,0.9,25.6,0.511,0.388,0.332,0.737,5.0,20.2,7.1,14.5,3.82,1.41,101.3,102.3,-0.72,-0.14,-0.72,0.98,0.98,0.94,-0.04,-4.28,24.3,0,1,Vanderbilt,2023,2389
Evan Clark,Cincinnati,Ivy,SF,6-5,77,188,SR,2020,24,187.40170649895896,19.521011093641555,4.4,2.2,0.9,18.8,0.439,0.267,0.579,0.72,4.7,7.7,7.6,11.9,3.83,2.65,114.9,86.1,-2.56,-0.24,-2.56,0.71,0.71,0.74,0.03,-4.28,24.3,0,1,Davidson,2020,2390
Uriah Hernandez,Davidson,SEC,SG,6-5,77,231,FR,2022,21,113.42637031863083,13.503139323646526,5.8,0.9,1.0,16.1,0.585,0.301,0.381,0.588,3.1,2.0,8.1,14.8,0.96,2.8,112.1,105.0,-0.82,-0.05,-0.82,0.96,0.96,0.98,0.02,-4.28,24.3,0,1,Oregon,2022,2391
Victor Allen,SMU,MAAC,PF,6-8,80,200,JR,2023,32,424.59116965693994,33.17118512944843,5.5,5.0,1.7,17.6,0.43,0.264,0.203,0.703,10.1,17.4,14.5,17.9,1.08,4.61,115.0,102.6,-2.49,-0.53,-2.49,0.74,0.74,0.69,-0.05,-4.29,24.2,0,1,UCLA,2023,2392
Jordan Evans,Florida,Big East,W,6-7,79,173,R-FR,2023,17,272.0183830348322,40.00270338747532,2.9,2.9,2.9,18.1,0.523,0.345,0.349,0.683,6.2,9.8,23.8,10.2,3.64,0.26,108.4,100.1,-2.77,-0.38,-2.77,0.93,0.93,0.93,0.0,-4.29,24.3,0,1,Air Force,2023,2393
Max Phillips,Georgetown,MVC,G,6-3,75,225,FR,2021,29,311.324045910648,26.83827981988345,5.4,1.6,2.6,24.8,0.525,0.338,0.422,0.867,0.2,8.8,21.7,18.6,2.86,0.74,106.5,103.7,-1.24,-0.19,-1.24,0.79,0.79,0.77,-0.02,-4.29,24.2,0,1,Indiana,2021,2394
Cole Scott,LSU,Horizon,SG,5-11,71,204,JR,2021,28,374.8069926480176,33.46491005785872,9.0,1.9,2.0,17.2,0.48,0.306,0.413,0.656,0.2,10.4,16.6,15.4,1.26,1.01,113.8,99.3,-3.28,-0.61,-3.28,0.71,0.71,0.74,0.03,-4.29,24.2,0,1,Cincinnati,2021,2395
Ben Lee,Michigan,A-10,SF,6-4,76,173,R-FR,2024,21,271.3548892127582,32.30415347770931,12.0,2.9,1.9,23.3,0.523,0.417,0.577,0.733,4.9,11.3,16.0,13.8,2.11,0.57,115.8,100.3,-2.44,-0.33,-2.44,0.86,0.86,0.74,-0.12,-4.3,24.2,0,1,Syracuse,2024,2396
Wade Morris,Boise State,MAC,G,6-2,74,207,R-FR,2022,20,223.03744935860118,27.879681169825144,1.0,2.3,1.3,17.4,0.405,0.385,0.421,0.667,4.2,8.4,11.0,24.5,1.16,0.44,106.4,101.0,-4.42,-0.49,-4.42,0.76,0.76,0.86,0.1,-4.3,24.2,0,1,Xavier,2022,2397
Zion Bailey,Providence,Ivy,F,6-6,78,231,R-FR,2020,30,345.1335368858711,28.76112807382259,5.3,4.8,0.8,15.8,0.489,0.357,0.234,0.744,13.8,12.7,6.8,12.6,1.64,2.28,108.3,93.2,-1.59,-0.28,-1.59,0.71,0.71,0.77,0.06,-4.31,24.1,0,1,SMU,2020,2398
Mike Bailey,SMU,ACC,W,6-6,78,211,R-JR,2020,20,165.38924056870098,20.673655071087623,8.7,2.6,2.9,20.7,0.577,0.423,0.471,0.66,1.1,13.2,24.5,17.4,2.07,2.34,117.4,105.9,-1.51,-0.13,-1.51,0.94,0.94,0.77,-0.17,-4.31,24.2,0,1,Texas,2020,2399
Darius Perez,Michigan,MAAC,SG,6-2,74,233,SO,2021,23,465.10584083892155,50.55498269988278,7.5,1.2,2.2,34.9,0.446,0.327,0.25,0.769,0.5,5.9,18.0,22.6,3.22,2.23,120.1,97.3,-4.47,-1.04,-4.47,0.74,0.74,0.71,-0.03,-4.31,24.1,0,1,USC,2021,2400
Victor Edwards,Cincinnati,Big Ten,SF,6-5,77,243,JR,2022,26,629.6188410986998,60.54027318256729,5.3,2.6,1.4,20.4,0.552,0.3,0.421,0.76,6.0,8.5,11.7,12.2,1.36,1.81,114.4,103.9,-2.39,-0.75,-2.39,1.0,1.0,0.7,-0.3,-4.31,24.2,0,1,Texas,2022,2401
Darius Adams,Arizona,Sun Belt,PF,6-8,80,194,JR,2021,28,493.42900504195063,44.05616116445988,3.9,4.4,0.9,23.7,0.416,0.341,0.175,0.534,11.7,12.9,7.6,10.0,0.76,4.52,109.9,99.8,-2.34,-0.58,-2.34,0.72,0.72,0.96,0.24,-4.32,24.1,0,1,Connecticut,2021,2402
Jaylen Cooper,Creighton,SEC,PF,6-7,79,205,R-JR,2024,31,365.2644098170129,29.456807243307495,6.8,5.3,1.5,11.2,0.533,0.235,0.201,0.768,4.6,24.9,12.6,8.6,2.2,6.76,120.2,90.0,-1.9,-0.35,-1.9,0.96,0.96,0.79,-0.17,-4.32,24.1,0,1,Georgia,2024,2403
Andrej Morgan,Seton Hall,A-10,PG,6-0,72,220,R-FR,2021,35,413.42808992975074,29.53057785212505,6.0,1.8,3.0,16.9,0.565,0.404,0.05,0.874,0.5,9.5,25.0,23.6,1.87,0.1,108.7,97.2,-4.86,-1.01,-4.86,0.86,0.86,0.98,0.12,-4.33,24.0,0,1,Alabama,2021,2404
Evan Murphy,Kentucky,Horizon,G,6-3,75,193,JR,2023,26,444.36114397004366,42.72703307404266,8.1,2.6,3.1,20.2,0.508,0.311,0.555,0.8,1.1,13.2,25.8,7.5,2.44,2.15,104.7,113.7,-2.58,-0.57,-2.58,0.71,0.71,0.86,0.15,-4.33,24.0,0,1,Butler,2023,2405
Ryan Cook,UCLA,A-10,F,6-10,82,189,JR,2020,30,96.0,8.0,6.1,6.1,1.0,16.7,0.52,0.298,0.204,0.605,9.7,24.0,8.1,9.0,2.02,2.35,100.6,102.0,-1.9,-0.09,-1.9,0.86,0.86,0.96,0.1,-4.34,24.0,0,1,Saint Mary's,2020,2406
Cole Lee,Saint Louis,MAAC,PF,6-8,80,223,FR,2020,34,552.5669833496879,40.62992524630059,6.3,6.7,1.4,11.4,0.537,0.296,0.112,0.715,15.3,21.9,11.3,11.8,2.61,2.69,115.2,97.9,-2.41,-0.67,-2.41,0.74,0.74,0.76,0.02,-4.34,24.0,0,1,Murray State,2020,2407
Blake Scott,Creighton,MAAC,F,6-8,80,226,FR,2021,32,637.5369038366176,49.80757061223575,7.6,5.8,0.6,15.9,0.477,0.27,0.0,0.613,10.8,21.2,4.8,14.4,2.65,3.01,114.1,105.4,-0.78,-0.25,-0.78,0.74,0.74,0.69,-0.05,-4.35,23.9,0,1,Notre Dame,2021,2408
Owen Baker,Northwestern,OVC,PG,6-4,76,244,R-FR,2021,29,719.0628131508173,61.98817354748425,5.5,1.9,1.6,24.4,0.46,0.357,0.282,0.601,2.9,7.8,13.3,17.6,2.05,1.44,113.1,88.7,-4.33,-1.56,-4.33,0.69,0.69,0.74,0.05,-4.35,23.9,0,1,Pittsburgh,2021,2409
Ben Wilson,Alabama,CUSA,C,6-11,83,219,R-FR,2021,27,303.53788507679127,28.105359729332527,4.8,4.6,0.7,19.1,0.56,0.323,0.001,0.586,8.9,16.8,5.8,12.4,2.41,2.73,107.0,100.3,-2.78,-0.42,-2.78,0.74,0.74,0.72,-0.02,-4.35,23.9,0,1,Michigan State,2021,2410
Flynn Murphy,Houston,Big Ten,W,6-10,82,183,R-JR,2022,37,530.7790078747404,35.863446478023,1.5,2.5,0.6,18.7,0.519,0.442,0.579,0.807,4.2,9.6,4.8,17.9,2.28,0.1,120.0,96.0,-1.82,-0.48,-1.82,1.0,1.0,0.7,-0.3,-4.35,23.9,0,1,Connecticut,2022,2411
Owen Anderson,Fordham,A-10,C,6-10,82,194,R-FR,2024,27,543.2450062244517,50.30046353930108,4.8,3.2,1.0,22.8,0.536,0.317,0.212,0.894,12.5,5.2,8.2,17.2,1.39,4.51,111.3,108.1,-3.15,-0.86,-3.15,0.86,0.86,0.69,-0.17,-4.35,23.9,0,1,Marquette,2024,2412
Jaylen Gonzalez,Utah State,CUSA,PF,6-6,78,193,R-FR,2023,17,54.400000000000006,8.0,7.1,3.1,0.5,19.4,0.497,0.263,0.0,0.84,3.5,13.9,4.0,16.5,2.62,3.32,105.6,100.1,-4.46,-0.12,-4.46,0.74,0.74,0.69,-0.05,-4.35,23.9,0,1,Florida State,2023,2413
Cameron Brown,Oregon,WAC,SG,6-4,76,171,R-FR,2022,25,208.281694908217,20.8281694908217,4.8,2.5,1.4,19.4,0.484,0.304,0.448,0.541,0.3,13.7,11.8,9.9,2.17,2.27,114.8,94.7,-3.03,-0.32,-3.03,0.7,0.7,0.74,0.04,-4.36,23.9,0,1,Providence,2022,2414
Alex Wilson,Saint Mary's,MAC,PG,5-11,71,155,R-FR,2023,36,660.8243645451425,45.89058087119046,9.6,1.5,1.3,15.8,0.57,0.336,0.438,0.837,2.1,6.1,10.4,22.4,2.41,0.63,117.6,96.9,-4.14,-1.37,-4.14,0.76,0.76,0.71,-0.05,-4.36,23.8,0,1,USC,2023,2415
Nick Lewis,Maryland,CAA,C,6-10,82,226,R-JR,2021,19,217.20337217711798,28.579391075936577,7.5,4.2,2.1,24.0,0.471,0.271,0.044,0.577,2.7,20.6,17.3,6.2,2.68,3.92,108.8,100.7,-3.71,-0.4,-3.71,0.77,0.77,0.72,-0.05,-4.36,23.9,0,1,Memphis,2021,2416
Andre Johnson,Air Force,A-10,SF,6-5,77,194,R-JR,2021,26,312.7631130912222,30.073376258771365,16.1,4.9,0.6,22.4,0.438,0.306,0.421,0.704,7.9,19.1,5.2,18.4,2.87,1.86,116.5,109.1,-2.73,-0.43,-2.73,0.86,0.86,0.98,0.12,-4.36,23.8,0,1,Georgetown,2021,2417
Andrej Gonzalez,Wisconsin,WCC,C,6-9,81,188,R-JR,2024,24,313.9700524245997,32.70521379422914,4.0,4.5,0.4,15.6,0.527,0.366,0.0,0.679,6.4,18.8,3.6,12.4,1.64,4.98,105.9,105.4,-1.11,-0.17,-1.11,0.82,0.82,0.74,-0.08,-4.37,23.8,0,1,St. John's,2024,2418
Ben Lewis,Gonzaga,Horizon,G,6-2,74,204,JR,2022,26,83.2,8.0,1.0,2.8,2.6,10.0,0.408,0.297,0.27,0.672,3.2,12.4,21.7,20.2,1.89,2.65,120.2,95.5,-5.44,-0.23,-5.44,0.71,0.71,0.83,0.12,-4.38,23.7,0,1,Cincinnati,2022,2419
Kyle Davis,Indiana,OVC,C,6-11,83,212,R-JR,2020,27,463.3178045837008,42.89979672071304,6.0,5.7,0.4,13.2,0.549,0.393,0.306,0.693,10.1,21.7,3.7,17.9,2.68,2.74,102.2,105.2,-0.24,-0.06,-0.24,0.69,0.69,0.72,0.03,-4.38,23.7,0,1,Xavier,2020,2420
Henry Moore,Belmont,A-10,PG,6-0,72,214,JR,2023,24,110.54946815017792,11.515569598976866,3.5,1.3,4.0,14.4,0.519,0.311,0.59,0.846,4.8,2.6,33.7,18.5,2.28,2.53,116.0,87.3,-2.2,-0.12,-2.2,0.86,0.86,0.71,-0.15,-4.38,23.7,0,1,San Diego State,2023,2421
Kofi Garcia,UCLA,WCC,F,6-8,80,222,R-FR,2024,33,159.12479560968387,12.054908758309384,7.4,5.0,0.4,18.6,0.544,0.256,0.044,0.707,13.7,14.1,3.5,12.4,3.38,2.46,120.6,95.6,0.87,0.07,0.87,0.82,0.82,0.98,0.16,-4.38,23.7,0,1,Cincinnati,2024,2422
Cole Morris,Butler,WCC,PF,6-6,78,215,R-FR,2021,15,168.54058629022683,28.090097715037803,6.3,4.1,1.5,22.3,0.486,0.211,0.252,0.739,4.9,17.9,12.3,8.9,1.99,7.38,102.9,101.5,-3.43,-0.29,-3.43,0.82,0.82,0.93,0.11,-4.38,23.7,0,1,Stanford,2021,2423
Andre Stewart,Georgetown,Ivy,SG,6-5,77,194,R-JR,2024,22,410.47291085642286,46.64464896095714,7.1,1.4,3.1,16.4,0.452,0.285,0.285,0.546,4.6,3.4,25.4,17.3,4.95,0.79,105.9,107.5,-3.9,-0.8,-3.9,0.71,0.71,0.77,0.06,-4.4,23.6,0,1,TCU,2024,2424
Isaiah Rodriguez,Duquesne,SEC,PG,6-3,75,239,R-FR,2024,31,685.6751757239581,55.296385139028885,5.6,2.8,3.6,18.1,0.492,0.378,0.41,0.599,3.8,11.8,30.3,25.7,4.27,3.23,112.6,96.9,-4.68,-1.61,-4.68,0.96,0.96,0.96,0.0,-4.4,23.6,0,1,Eastern Kentucky,2024,2425
Tyler Campbell,Minnesota,AAC,SF,6-5,77,214,R-JR,2022,21,303.6730273319414,36.151550872850166,1.9,2.5,1.6,10.0,0.525,0.373,0.281,0.551,0.5,13.2,13.3,12.7,2.45,1.51,116.4,98.6,-2.54,-0.39,-2.54,0.83,0.83,0.77,-0.06,-4.41,23.5,0,1,Syracuse,2022,2426
Zion Roberts,Florida State,WAC,SG,6-5,77,199,R-FR,2020,34,509.7407211809415,37.48093538095158,9.2,0.9,1.0,23.5,0.35,0.29,0.203,0.687,2.4,2.7,8.1,8.3,1.36,2.0,104.0,100.9,-5.54,-1.41,-5.54,0.7,0.7,0.93,0.23,-4.41,23.6,0,1,Wichita State,2020,2427
Brandon Moore,Belmont,Big 12,G,6-2,74,184,R-JR,2022,30,587.3309974387253,48.94424978656044,4.7,1.8,2.4,20.0,0.584,0.458,0.492,0.619,2.6,7.5,20.2,9.7,2.59,0.11,91.5,96.0,-1.63,-0.48,-1.63,0.98,0.98,0.72,-0.26,-4.42,23.5,0,1,Utah State,2022,2428
Kevin Williams,Wisconsin,MAC,PF,6-8,80,194,R-JR,2024,29,315.2450153264794,27.1762944246965,10.3,4.7,0.8,32.1,0.35,0.325,0.097,0.873,7.3,18.7,7.1,17.8,2.1,4.87,116.6,102.5,-2.16,-0.34,-2.16,0.76,0.76,0.93,0.17,-4.42,23.5,0,1,Maryland,2024,2429
Victor Mitchell,Texas,WAC,PF,6-8,80,204,JR,2022,24,610.6087627896115,63.6050794572512,7.1,4.5,1.7,14.2,0.426,0.295,0.186,0.625,6.8,18.3,14.3,13.2,1.64,3.93,114.7,109.3,-4.29,-1.31,-4.29,0.7,0.7,0.96,0.26,-4.43,23.4,0,1,Arizona,2022,2430
DeShawn Brown,BYU,OVC,W,6-5,77,186,SO,2023,23,384.7532820975263,41.821008923644165,1.0,3.3,2.3,16.2,0.589,0.397,0.497,0.704,6.0,12.4,19.5,5.1,1.83,1.66,121.2,95.6,-4.56,-0.88,-4.56,0.69,0.69,0.72,0.03,-4.44,23.3,0,1,Creighton,2023,2431
Xavier Garcia,Creighton,Big 12,PF,6-8,80,170,R-JR,2020,36,369.9335932523547,25.689832864746855,8.6,5.5,2.1,20.7,0.509,0.303,0.135,0.635,10.1,20.3,17.3,14.6,2.96,6.29,104.7,90.5,-2.08,-0.38,-2.08,0.98,0.98,0.98,0.0,-4.44,23.4,0,1,Wake Forest,2020,2432
Todd Nelson,Boston College,Big Ten,C,6-11,83,220,SR,2023,25,559.1127429942151,55.911274299421514,5.2,4.9,1.4,18.0,0.514,0.219,0.147,0.921,13.4,13.7,11.6,9.1,0.42,7.05,119.6,104.3,-1.42,-0.4,-1.42,1.0,1.0,0.7,-0.3,-4.44,23.4,0,1,Purdue,2023,2433
Uriah Roberts,Seton Hall,AAC,SG,6-4,76,224,R-FR,2023,31,480.24962533475673,38.72980849473844,9.0,1.5,2.0,21.9,0.523,0.328,0.439,0.872,0.2,8.1,16.3,13.6,2.51,2.7,106.3,111.9,-4.39,-1.05,-4.39,0.83,0.83,1.0,0.17,-4.44,23.3,0,1,Saint Louis,2023,2434
Darius Evans,Penn State,ACC,PG,6-4,76,247,R-FR,2023,26,182.32456916441657,17.53120857350159,6.4,1.0,1.9,17.6,0.536,0.319,0.503,0.62,1.5,4.2,16.2,18.6,2.84,0.69,115.6,98.9,-4.35,-0.4,-4.35,0.94,0.94,0.94,0.0,-4.44,23.4,0,1,Oklahoma,2023,2435
Luke Perez,Cincinnati,WCC,SF,6-6,78,232,JR,2021,35,371.3246276993152,26.523187692808232,8.3,2.3,1.9,13.4,0.511,0.291,0.637,0.838,7.0,5.8,15.5,15.5,2.23,0.93,107.3,94.9,-3.91,-0.73,-3.91,0.82,0.82,0.82,0.0,-4.44,23.3,0,1,Wichita State,2021,2436
Zion Hall,Tennessee Tech,MVC,F,6-6,78,181,R-FR,2022,34,512.289040224153,37.66831178118772,8.6,3.7,1.1,23.4,0.529,0.269,0.348,0.852,9.2,11.6,9.5,11.7,2.87,1.15,111.4,102.4,-2.24,-0.57,-2.24,0.79,0.79,0.71,-0.08,-4.44,23.3,0,1,Syracuse,2022,2437
Trevion Scott,San Diego State,ACC,SG,6-3,75,197,JR,2022,27,360.51332945062575,33.3808638380209,7.4,1.4,2.1,14.5,0.48,0.355,0.199,0.862,4.4,3.2,17.1,18.6,1.61,1.85,108.6,102.3,-2.94,-0.53,-2.94,0.94,0.94,0.94,0.0,-4.44,23.4,0,1,Penn State,2022,2438
Sean Brown,Illinois,WCC,F,6-7,79,233,R-FR,2023,36,115.19999999999999,8.0,4.1,5.2,1.1,24.8,0.483,0.173,0.033,0.761,8.1,20.7,8.9,11.3,1.52,0.31,120.9,108.1,-3.07,-0.18,-3.07,0.82,0.82,0.94,0.12,-4.45,23.3,0,1,Boston College,2023,2439
Max King,DePaul,MAAC,SF,6-4,76,194,R-FR,2020,24,173.55547230739768,18.07869503202059,8.2,4.2,2.0,21.8,0.513,0.339,0.325,0.574,10.1,13.1,16.8,11.3,1.9,2.67,92.6,103.6,-1.32,-0.11,-1.32,0.74,0.74,0.69,-0.05,-4.45,23.3,0,1,UNLV,2020,2440
Kevin Lee,Notre Dame,Ivy,G,6-4,76,198,JR,2020,24,114.8350367953316,11.96198299951371,4.8,1.5,2.4,19.7,0.558,0.34,0.367,0.696,1.7,6.6,19.9,16.5,2.66,1.93,121.7,103.3,-2.55,-0.15,-2.55,0.71,0.71,0.76,0.05,-4.45,23.3,0,1,Austin Peay,2020,2441
Ivan Roberts,Mississippi State,Ivy,SF,6-8,80,237,R-JR,2022,32,603.3086618097302,47.13348920388517,9.0,4.2,2.6,19.0,0.493,0.299,0.396,0.68,5.6,17.8,21.6,11.5,2.98,2.15,105.5,107.6,-3.64,-1.1,-3.64,0.71,0.71,0.96,0.25,-4.45,23.3,0,1,Ohio State,2022,2442
Eric Evans,James Madison,ACC,SG,6-3,75,215,R-FR,2022,32,508.6039346596842,39.73468239528783,1.0,1.6,2.3,19.4,0.472,0.302,0.461,0.645,0.7,8.2,19.6,16.0,3.21,2.42,109.8,94.7,-3.71,-0.94,-3.71,0.94,0.94,0.7,-0.24,-4.46,23.2,0,1,Notre Dame,2022,2443
Sam Murphy,Texas,A-10,SF,6-6,78,183,SR,2022,29,383.05088734795953,33.02162821965168,6.8,3.0,1.1,23.3,0.569,0.388,0.225,0.651,5.5,10.9,9.3,19.0,1.06,2.48,125.6,95.5,-4.62,-0.88,-4.62,0.86,0.86,1.0,0.14,-4.46,23.2,0,1,Mississippi State,2022,2444
Ivan Bell,LSU,Horizon,C,6-9,81,210,R-JR,2021,27,657.682075693038,60.89648849009611,10.9,4.7,2.5,27.0,0.631,0.163,0.087,0.64,8.2,17.7,21.0,8.2,2.43,6.04,112.6,99.8,-0.53,-0.18,-0.53,0.71,0.71,0.77,0.06,-4.47,23.2,0,1,Davidson,2021,2445
Omar Roberts,Boise State,Big 12,PF,6-9,81,213,R-JR,2022,32,262.6213248660637,20.517291005161226,6.3,5.7,1.1,21.9,0.47,0.239,0.063,0.713,12.1,19.3,9.3,5.7,2.0,0.97,109.9,98.0,-0.86,-0.11,-0.86,0.98,0.98,0.94,-0.04,-4.47,23.2,0,1,North Carolina,2022,2446
Patrick Carter,UNLV,MVC,PF,6-8,80,191,JR,2024,31,641.402785510224,51.726031089534196,8.0,5.0,1.0,29.3,0.577,0.234,0.068,0.76,8.5,19.1,8.0,9.9,3.82,1.75,117.0,102.0,-2.6,-0.84,-2.6,0.79,0.79,0.86,0.07,-4.47,23.2,0,1,Eastern Kentucky,2024,2447
Kyle Rodriguez,Syracuse,Big Ten,F,6-8,80,183,R-FR,2021,34,389.6924927103489,28.653859758113892,9.3,4.7,1.6,25.9,0.505,0.314,0.258,0.571,3.0,23.4,13.2,20.5,0.71,1.99,101.9,93.6,-1.53,-0.3,-1.53,1.0,1.0,0.74,-0.26,-4.47,23.2,0,1,SMU,2021,2448
Quinn Rodriguez,Kentucky,Big Ten,G,6-4,76,195,R-JR,2021,24,356.294681929307,37.11402936763615,8.0,1.0,1.6,26.6,0.463,0.419,0.241,0.795,0.2,5.1,13.5,15.5,2.2,0.24,105.8,92.3,-1.21,-0.21,-1.21,1.0,1.0,0.98,-0.02,-4.47,23.2,0,1,TCU,2021,2449
Kyle Carter,San Diego State,MVC,W,6-7,79,191,R-SO,2023,22,112.3132840454559,12.762873186983626,4.0,4.0,2.9,19.5,0.444,0.317,0.165,0.713,5.3,16.7,24.1,15.8,1.5,2.15,108.9,97.4,-3.09,-0.17,-3.09,0.79,0.79,0.74,-0.05,-4.48,23.1,0,1,Iowa State,2023,2450
Marcus Hall,Florida State,WCC,SG,6-4,76,210,JR,2022,25,374.96940015781325,37.49694001578133,5.3,2.8,1.4,11.8,0.549,0.329,0.301,0.767,0.2,15.5,11.8,20.4,2.92,1.82,112.9,99.2,-2.23,-0.42,-2.23,0.82,0.82,0.76,-0.06,-4.48,23.1,0,1,Providence,2022,2451
Victor Bell,Michigan State,Big 12,C,6-11,83,196,R-FR,2022,30,241.93160920092933,20.160967433410775,2.8,4.3,1.6,31.2,0.482,0.268,0.269,0.561,6.3,17.3,13.0,8.2,3.4,4.82,112.3,93.6,-2.57,-0.31,-2.57,0.98,0.98,0.71,-0.27,-4.5,23.0,0,1,Texas,2022,2452
Jordan Jackson,UCLA,MAAC,F,6-9,81,161,R-FR,2021,37,315.8697749691843,21.342552362782722,1.0,4.6,0.6,19.8,0.488,0.243,0.212,0.824,8.9,16.9,4.7,16.2,2.06,1.31,91.1,98.3,-2.39,-0.38,-2.39,0.74,0.74,0.94,0.2,-4.5,23.0,0,1,North Carolina,2021,2453
Wade Campbell,George Mason,MAC,SF,6-6,78,189,FR,2024,31,444.2579085401744,35.827250688723744,7.4,3.6,2.2,23.6,0.452,0.377,0.261,0.754,6.1,13.8,18.7,14.7,3.36,0.38,102.1,98.0,-3.16,-0.7,-3.16,0.76,0.76,0.74,-0.02,-4.5,23.0,0,1,Boise State,2024,2454
Chris Perez,Wisconsin,Big Ten,C,7-0,84,186,R-JR,2023,15,48.0,8.0,9.0,5.3,0.9,26.3,0.562,0.309,0.032,0.592,6.8,22.4,7.8,6.7,1.28,4.92,120.7,101.7,-1.28,-0.03,-1.28,1.0,1.0,0.96,-0.04,-4.5,23.0,0,1,Duke,2023,2455
Max Moore,George Mason,AAC,F,6-7,79,191,R-FR,2023,20,212.69429732020555,26.586787165025694,1.5,3.1,1.1,14.8,0.472,0.26,0.271,0.713,8.4,8.9,8.9,8.2,0.48,2.38,98.8,99.2,-3.28,-0.35,-3.28,0.83,0.83,0.86,0.03,-4.5,23.0,0,1,Virginia Tech,2023,2456
Nathan Reed,San Diego State,Sun Belt,SG,6-2,74,236,R-FR,2021,30,541.3883091765356,45.115692431377965,7.0,1.4,1.7,22.5,0.528,0.259,0.305,0.606,3.1,4.9,14.4,13.3,2.8,0.3,114.2,92.7,-3.39,-0.92,-3.39,0.72,0.72,0.96,0.24,-4.5,23.0,0,1,Dayton,2021,2457
Evan Walker,Ohio State,SEC,G,6-3,75,200,JR,2024,30,272.0099684259908,22.667497368832567,3.6,2.6,3.0,15.1,0.538,0.393,0.411,0.63,4.8,9.8,24.8,23.2,2.23,2.37,117.2,94.9,-0.97,-0.13,-0.97,0.96,0.96,0.74,-0.22,-4.5,23.0,0,1,Richmond,2024,2458
Flynn Morris,USC,AAC,SF,6-6,78,202,R-FR,2024,22,222.90527800420364,25.33014522775041,3.0,3.0,2.1,17.3,0.472,0.296,0.579,0.699,4.2,12.4,17.3,12.6,3.1,0.23,118.8,98.6,-1.95,-0.22,-1.95,0.83,0.83,0.71,-0.12,-4.51,22.9,0,1,Iowa,2024,2459
Trevion Anderson,Providence,AAC,SG,6-4,76,202,R-FR,2020,24,568.8081748660487,59.250851548546734,6.4,0.6,3.1,26.1,0.507,0.327,0.278,0.738,0.7,2.6,25.8,12.8,3.02,1.23,112.1,99.0,-4.22,-1.2,-4.22,0.83,0.83,0.93,0.1,-4.51,22.9,0,1,Kansas,2020,2460
Tyler Mitchell,Wisconsin,WCC,C,6-10,82,198,R-SO,2024,34,194.10881468544804,14.272706962165296,4.0,6.4,2.1,21.9,0.451,0.307,0.086,0.651,13.1,22.3,17.6,4.0,2.64,0.3,108.0,96.8,-3.19,-0.31,-3.19,0.82,0.82,0.71,-0.11,-4.52,22.9,0,1,Xavier,2024,2461
Jalen Cook,DePaul,CUSA,W,6-7,79,203,R-FR,2021,28,523.1689108717339,46.711509899261955,11.6,2.7,1.2,10.0,0.571,0.303,0.234,0.838,7.4,7.7,9.7,9.0,2.65,1.82,109.0,94.5,-1.34,-0.35,-1.34,0.74,0.74,0.86,0.12,-4.52,22.9,0,1,Austin Peay,2021,2462
Jake Stewart,Texas,Big East,F,6-6,78,202,R-JR,2023,25,229.26225149586833,22.926225149586834,6.1,6.0,0.6,16.0,0.57,0.205,0.033,0.943,12.0,21.1,5.2,13.7,3.89,1.86,102.5,101.5,-0.32,-0.04,-0.32,0.93,0.93,0.96,0.03,-4.54,22.8,0,1,Murray State,2023,2463
Marcus King,Xavier,WAC,PG,6-1,73,203,JR,2021,29,92.8,8.0,6.5,1.7,2.2,19.6,0.46,0.35,0.354,0.758,1.8,7.7,18.3,22.6,0.84,1.85,121.3,101.9,-3.22,-0.15,-3.22,0.7,0.7,0.72,0.02,-4.54,22.8,0,1,Purdue,2021,2464
Ryan Davis,Maryland,WAC,G,6-3,75,218,R-JR,2024,27,86.4,8.0,8.0,1.8,2.4,14.7,0.527,0.328,0.428,0.675,3.2,6.7,20.1,13.6,2.06,1.51,103.1,101.8,-6.21,-0.27,-6.21,0.7,0.7,0.83,0.13,-4.54,22.7,0,1,Texas,2024,2465
Kyle Collins,Butler,CUSA,SF,6-8,80,206,R-FR,2021,19,156.7859106808743,20.629725089588728,5.2,4.3,1.9,21.6,0.541,0.308,0.732,0.626,9.0,14.7,15.8,23.3,3.37,0.84,106.3,94.5,0.13,0.01,0.13,0.74,0.74,0.94,0.2,-4.55,22.7,0,1,Penn State,2021,2466
Quinn Stewart,Clemson,SEC,SF,6-6,78,189,R-JR,2024,30,214.27109897465277,17.8559249145544,4.7,3.4,1.9,20.7,0.424,0.372,0.602,0.761,9.1,9.6,16.0,5.1,2.09,1.89,112.3,88.7,-2.53,-0.27,-2.53,0.96,0.96,0.94,-0.02,-4.55,22.7,0,1,Penn State,2024,2467
Cameron Garcia,Cincinnati,Big East,PF,6-10,82,192,R-FR,2023,31,99.2,8.0,8.8,4.1,0.2,18.7,0.527,0.244,0.205,0.719,10.2,12.5,1.9,8.8,0.85,0.99,123.1,84.7,-0.43,-0.02,-0.43,0.93,0.93,0.98,0.05,-4.55,22.7,0,1,Davidson,2023,2468
Victor Murphy,San Diego State,Horizon,F,6-7,79,190,R-JR,2022,29,503.5240393272177,43.407244769587734,8.1,4.8,0.7,21.3,0.536,0.323,0.085,0.622,5.6,21.3,5.6,10.9,1.76,1.66,115.6,102.8,-4.1,-1.03,-4.1,0.71,0.71,0.74,0.03,-4.56,22.6,0,1,Xavier,2022,2469
Sean Bell,Kentucky,Horizon,PG,6-2,74,222,R-JR,2020,24,514.4267736976753,53.58612226017451,6.0,1.8,3.4,14.3,0.428,0.3,0.542,0.583,0.8,9.2,27.9,10.3,0.43,0.71,113.8,100.0,-3.66,-0.94,-3.66,0.71,0.71,0.83,0.12,-4.56,22.6,0,1,Penn State,2020,2470
Vince Morris,Eastern Kentucky,AAC,W,6-6,78,190,R-SO,2024,25,200.25409417199944,20.025409417199945,12.8,4.2,1.5,16.8,0.468,0.34,0.31,0.82,7.7,15.5,12.7,17.7,3.22,3.1,105.0,98.7,-3.11,-0.31,-3.11,0.83,0.83,0.83,0.0,-4.57,22.6,0,1,Wisconsin,2024,2471
Cole Baker,Fordham,Big Ten,W,6-5,77,203,JR,2020,32,665.2373321531264,51.97166657446301,3.0,3.3,2.2,20.0,0.444,0.352,0.365,0.697,9.4,9.0,18.0,15.3,1.34,0.42,95.3,100.9,-1.68,-0.56,-1.68,1.0,1.0,0.74,-0.26,-4.57,22.6,0,1,Wake Forest,2020,2472
Brandon Murphy,Tennessee Tech,WAC,G,6-3,75,178,R-FR,2020,18,291.86946308073937,40.537425427880464,5.9,1.7,2.9,25.5,0.467,0.278,0.542,0.755,3.0,6.3,24.1,26.4,1.81,2.11,125.4,100.8,-2.56,-0.37,-2.56,0.7,0.7,0.98,0.28,-4.57,22.6,0,1,Dayton,2020,2473
Chris Morgan,Stanford,Big Ten,SG,6-4,76,177,R-JR,2020,19,275.7030063125874,36.27671135691939,6.3,1.5,1.2,20.8,0.487,0.412,0.253,0.744,1.7,6.7,9.6,9.8,1.73,2.55,103.7,92.5,-1.32,-0.18,-1.32,1.0,1.0,0.94,-0.06,-4.57,22.6,0,1,Virginia,2020,2474
Alex Allen,Wake Forest,A-10,PF,6-6,78,227,R-SO,2020,21,94.61224889825829,11.263362964078368,4.6,6.3,0.7,14.4,0.518,0.376,0.135,0.575,8.0,27.0,5.5,9.9,2.77,8.04,102.5,94.1,-3.91,-0.19,-3.91,0.86,0.86,0.77,-0.09,-4.57,22.6,0,1,Butler,2020,2475
Jake Walker,Wichita State,Sun Belt,SG,6-3,75,218,R-FR,2021,22,129.70296676366726,14.73897349587128,10.9,1.3,1.5,20.6,0.479,0.296,0.082,0.71,2.0,5.2,12.5,12.6,2.24,1.25,110.9,98.8,-0.65,-0.04,-0.65,0.72,0.72,0.7,-0.02,-4.57,22.6,0,1,Air Force,2021,2476
Mike King,North Carolina,Big Ten,C,6-7,79,183,R-SO,2021,37,118.4,8.0,4.7,3.8,1.0,18.3,0.57,0.264,0.23,0.598,9.6,11.3,8.7,7.9,1.08,8.61,111.9,99.2,-4.49,-0.27,-4.49,1.0,1.0,1.0,0.0,-4.57,22.6,0,1,TCU,2021,2477
Xavier Morgan,Creighton,MVC,SF,6-7,79,196,R-FR,2023,31,335.2451813623851,27.035901722772994,3.6,2.9,1.9,30.5,0.406,0.35,0.708,0.622,2.7,13.5,15.8,15.4,2.39,0.87,96.2,100.5,-4.52,-0.76,-4.52,0.79,0.79,0.71,-0.08,-4.58,22.5,0,1,DePaul,2023,2478
Victor Campbell,Belmont,MAAC,PG,6-4,76,216,R-FR,2020,28,659.94213484837,58.92340489717588,7.3,2.1,2.7,15.7,0.538,0.41,0.536,0.705,2.8,8.9,22.7,20.8,2.58,1.32,101.4,98.9,0.27,0.09,0.27,0.74,0.74,0.72,-0.02,-4.58,22.5,0,1,Wisconsin,2020,2479
Blake Gonzalez,Georgia,AAC,SG,6-6,78,232,R-FR,2021,26,348.3943698298756,33.49945863748803,8.5,1.8,2.9,25.2,0.446,0.382,0.083,0.72,3.0,7.0,24.5,22.0,1.82,1.28,106.2,95.0,-3.57,-0.62,-3.57,0.83,0.83,0.93,0.1,-4.58,22.5,0,1,Northwestern,2021,2480
Tyler Collins,Utah State,Ivy,F,6-6,78,203,R-JR,2020,30,590.6053135306279,49.21710946088566,1.0,4.3,1.4,23.5,0.459,0.249,0.296,0.803,10.3,13.8,11.5,14.0,1.5,1.16,124.4,109.1,-2.29,-0.68,-2.29,0.71,0.71,0.96,0.25,-4.58,22.5,0,1,San Diego State,2020,2481
Max Williams,Syracuse,Big 12,PG,6-1,73,215,R-JR,2021,28,220.59447956013784,19.695935675012308,10.6,1.3,3.0,22.8,0.48,0.343,0.313,0.605,2.9,4.4,25.0,31.1,3.55,2.22,108.9,86.4,-3.79,-0.42,-3.79,0.98,0.98,0.96,-0.02,-4.58,22.5,0,1,Ohio State,2021,2482
Cade Allen,Seton Hall,Sun Belt,G,6-2,74,232,R-JR,2024,28,377.4730478070686,33.7029506970597,6.8,1.6,2.4,17.5,0.547,0.302,0.52,0.701,1.6,7.5,20.1,16.3,2.64,0.63,123.1,100.5,-4.56,-0.86,-4.56,0.72,0.72,1.0,0.28,-4.59,22.5,0,1,Tennessee Tech,2024,2483
Ryan Perez,Iowa State,MAC,W,6-6,78,233,FR,2021,35,431.35274107352217,30.810910076680152,6.3,2.6,0.5,19.5,0.505,0.48,0.373,0.856,4.1,10.2,4.0,16.4,2.92,1.59,113.8,104.2,-5.05,-1.09,-5.05,0.76,0.76,0.86,0.1,-4.59,22.4,0,1,Duquesne,2021,2484
Derek Adams,Baylor,A-10,SF,6-7,79,212,R-FR,2023,34,281.01425319919736,20.6628127352351,1.0,1.8,1.0,16.7,0.447,0.281,0.37,0.708,2.3,7.8,8.5,8.1,1.51,3.24,110.1,94.6,-3.39,-0.48,-3.39,0.86,0.86,0.77,-0.09,-4.59,22.5,0,1,Miami,2023,2485
Tyrese Jackson,Iowa State,OVC,C,6-9,81,198,R-FR,2021,25,80.0,8.0,5.3,4.7,1.2,12.7,0.471,0.353,0.056,0.739,5.4,20.6,9.7,15.5,0.58,2.53,116.6,95.2,-2.88,-0.12,-2.88,0.69,0.69,0.98,0.29,-4.61,22.3,0,1,Belmont,2021,2486
Coleman Rivera,SMU,A-10,F,6-9,81,218,SR,2021,32,323.1721823217874,25.24782674388964,2.9,3.7,1.0,11.6,0.478,0.263,0.119,0.555,7.1,13.6,8.7,13.5,1.66,2.01,107.1,97.0,-2.42,-0.39,-2.42,0.86,0.86,0.76,-0.1,-4.61,22.4,0,1,Belmont,2021,2487
Jordan Perez,Wisconsin,WAC,W,6-5,77,184,R-JR,2021,28,89.60000000000001,8.0,3.4,2.3,1.2,15.9,0.485,0.344,0.309,0.778,0.7,12.3,9.6,12.4,2.5,0.38,111.0,97.9,-3.3,-0.15,-3.3,0.7,0.7,0.72,0.02,-4.61,22.3,0,1,LSU,2021,2488
Blake Evans,TCU,CUSA,W,6-5,77,211,R-FR,2022,33,405.5198013549209,30.721197072342488,3.9,3.3,1.9,25.7,0.507,0.246,0.384,0.749,4.8,13.4,15.7,18.2,2.82,1.89,117.2,90.9,-2.46,-0.5,-2.46,0.74,0.74,0.83,0.09,-4.62,22.3,0,1,Oregon,2022,2489
Jordan Williams,LSU,Horizon,PG,6-2,74,181,R-FR,2021,29,293.2882516165713,25.283469966945805,6.4,2.4,2.5,23.7,0.46,0.334,0.196,0.679,2.0,11.2,21.2,14.3,0.26,0.97,119.0,102.2,-3.32,-0.49,-3.32,0.71,0.71,0.74,0.03,-4.63,22.2,0,1,SMU,2021,2490
Flynn Lopez,Iowa,WCC,SF,6-6,78,254,R-FR,2023,24,509.7901739226394,53.10314311694161,5.0,2.9,0.8,18.6,0.433,0.401,0.217,0.568,1.2,14.9,6.8,16.2,1.87,0.73,100.7,100.0,-4.2,-1.07,-4.2,0.82,0.82,0.96,0.14,-4.63,22.2,0,1,Wichita State,2023,2491
Zion Hill,Memphis,ACC,W,6-4,76,230,SO,2021,27,309.1292002971695,28.62307410158977,7.6,3.7,2.2,29.5,0.375,0.442,0.485,0.82,5.5,15.0,18.2,13.7,1.37,2.38,122.5,105.7,-1.23,-0.19,-1.23,0.94,0.94,1.0,0.06,-4.63,22.2,0,1,Nevada,2021,2492
Owen Young,LSU,A-10,SF,6-7,79,165,R-JR,2022,21,184.30651220096541,21.941251452495884,11.5,2.3,2.0,22.8,0.5,0.363,0.387,0.534,6.0,6.8,16.8,15.5,1.65,0.15,119.1,100.3,-2.89,-0.27,-2.89,0.86,0.86,0.86,0.0,-4.63,22.2,0,1,Illinois,2022,2493
Quinn Gonzalez,Ohio State,Big 12,SG,6-4,76,188,SR,2024,35,377.67362148470653,26.976687248907613,9.9,0.9,2.6,21.6,0.464,0.41,0.48,0.631,1.3,3.8,21.4,9.5,2.91,0.1,129.7,90.0,-1.49,-0.28,-1.49,0.98,0.98,0.69,-0.29,-4.63,22.2,0,1,Illinois,2024,2494
Nathan Wilson,Utah State,MVC,PF,6-6,78,216,FR,2023,29,517.1172869489403,44.57907646111554,4.3,3.8,1.4,20.2,0.53,0.212,0.0,0.706,6.2,15.1,11.7,11.3,2.85,2.86,107.9,98.0,-4.7,-1.21,-4.7,0.79,0.79,0.7,-0.09,-4.64,22.2,0,1,Pittsburgh,2023,2495
Flynn Garcia,George Mason,CUSA,G,6-2,74,200,R-FR,2023,33,440.8163038739725,33.39517453590701,1.0,2.5,3.1,10.0,0.529,0.329,0.466,0.61,6.4,7.6,25.9,23.9,2.8,1.39,113.8,97.9,-1.63,-0.36,-1.63,0.74,0.74,0.71,-0.03,-4.64,22.1,0,1,Rutgers,2023,2496
Reed Martinez,Texas,Big Ten,C,6-10,82,238,R-JR,2020,31,200.02908987989994,16.13137821612096,2.4,3.3,0.9,30.1,0.528,0.312,0.264,0.746,4.8,13.7,7.9,15.4,2.43,3.98,121.5,86.1,-2.84,-0.28,-2.84,1.0,1.0,1.0,0.0,-4.64,22.2,0,1,Creighton,2020,2497
Malik Thomas,Iowa,A-10,PG,6-3,75,189,R-FR,2024,21,263.0516518772596,31.31567284253091,3.3,0.7,3.0,14.1,0.44,0.365,0.421,0.802,0.2,3.4,25.2,13.6,1.4,2.51,104.4,95.9,-3.24,-0.43,-3.24,0.86,0.86,0.93,0.07,-4.64,22.1,0,1,Vanderbilt,2024,2498
Henry Collins,William & Mary,CAA,W,6-5,77,227,JR,2024,25,353.85550237190813,35.38555023719081,7.5,4.1,0.9,20.0,0.511,0.308,0.441,0.653,9.1,13.9,7.3,15.6,2.14,0.1,122.4,92.8,-0.83,-0.15,-0.83,0.77,0.77,0.77,0.0,-4.64,22.2,0,1,Utah State,2024,2499
Andre Sanchez,Fordham,ACC,C,6-11,83,172,R-JR,2024,30,525.0025905679039,43.75021588065866,10.5,3.2,1.4,28.8,0.519,0.215,0.087,0.712,9.4,8.5,11.4,12.9,0.2,4.21,103.9,95.5,-3.03,-0.8,-3.03,0.94,0.94,0.96,0.02,-4.65,22.1,0,1,Pittsburgh,2024,2500
Kofi Cook,UNLV,Horizon,F,6-6,78,188,R-JR,2023,24,272.8037561482007,28.41705793210424,8.1,4.6,0.5,17.3,0.533,0.175,0.069,0.668,6.0,19.5,4.2,8.2,3.52,2.49,113.6,107.9,-2.22,-0.3,-2.22,0.71,0.71,0.74,0.03,-4.65,22.1,0,1,Tulsa,2023,2501
Derek Stewart,Providence,MVC,W,6-5,77,239,R-JR,2021,30,402.04602382198243,33.50383531849854,11.0,3.6,2.5,26.1,0.529,0.28,0.341,0.75,4.1,15.8,20.7,14.2,2.58,1.29,108.2,106.5,-1.67,-0.34,-1.67,0.79,0.79,0.98,0.19,-4.65,22.1,0,1,Wisconsin,2021,2502
Henry Wright,Florida State,WAC,SF,6-4,76,197,SO,2024,16,283.39715070142944,44.28080479709835,4.0,3.9,1.5,16.1,0.47,0.207,0.235,0.618,5.0,16.5,12.8,9.9,2.14,2.55,101.6,93.7,-0.75,-0.11,-0.75,0.7,0.7,0.94,0.24,-4.65,22.1,0,1,St. John's,2024,2503
Nick Sanchez,Providence,SEC,G,6-6,78,213,R-JR,2022,16,197.76166370611782,30.90025995408091,10.4,2.2,2.6,25.8,0.55,0.4,0.361,0.645,4.4,7.7,21.7,16.3,0.2,0.68,111.8,101.8,-0.09,-0.01,-0.09,0.96,0.96,0.94,-0.02,-4.65,22.1,0,1,Air Force,2022,2504
Sean Collins,William & Mary,MAAC,SF,6-9,81,189,R-JR,2021,23,589.7329964660396,64.10141265935214,11.2,3.0,1.3,24.8,0.553,0.33,0.284,0.806,3.2,13.7,10.5,14.2,0.65,0.47,96.6,115.1,-3.24,-0.96,-3.24,0.74,0.74,0.72,-0.02,-4.65,22.1,0,1,Texas,2021,2505
Omar Turner,Saint Mary's,WCC,W,6-2,74,225,R-JR,2022,31,336.53062241853956,27.139566324075776,2.1,2.8,1.0,17.7,0.5,0.305,0.247,0.653,6.6,9.0,8.1,17.2,2.06,2.27,108.2,95.3,-5.05,-0.85,-5.05,0.82,0.82,0.94,0.12,-4.66,22.1,0,1,William & Mary,2022,2506
Trevion Clark,Seton Hall,MAC,F,6-8,80,208,R-FR,2022,37,337.35388751995,22.79418158918581,2.9,5.0,1.1,25.6,0.539,0.183,0.0,0.741,15.0,13.0,9.6,7.7,1.48,1.69,106.8,91.1,-2.98,-0.5,-2.98,0.76,0.76,0.76,0.0,-4.66,22.0,0,1,Nebraska,2022,2507
Tanner Davis,Saint Mary's,A-10,PG,6-3,75,172,JR,2023,28,337.5937141102902,30.142295902704486,6.1,2.5,1.9,22.9,0.525,0.266,0.456,0.564,0.2,13.9,15.4,15.8,0.34,1.05,112.2,100.0,-3.21,-0.54,-3.21,0.86,0.86,0.71,-0.15,-4.66,22.1,0,1,Auburn,2023,2508
Max Collins,LSU,Horizon,W,6-7,79,173,JR,2021,30,96.0,8.0,5.7,1.8,0.5,18.1,0.529,0.195,0.473,0.623,2.7,7.1,4.2,15.8,4.56,0.92,117.1,98.6,-1.22,-0.06,-1.22,0.71,0.71,0.83,0.12,-4.66,22.1,0,1,Mississippi State,2021,2509
Flynn Baker,Houston,Sun Belt,W,6-5,77,213,FR,2020,30,629.5168756393554,52.459739636612944,5.7,2.7,0.7,17.0,0.419,0.359,0.213,0.835,4.4,10.7,6.0,22.2,2.0,1.79,102.2,96.8,-2.57,-0.81,-2.57,0.72,0.72,0.74,0.02,-4.66,22.0,0,1,Michigan,2020,2510
Cameron Nelson,Georgia,Ivy,SG,6-1,73,212,FR,2024,28,97.61906851902033,8.715988260626816,1.0,1.4,1.4,17.4,0.399,0.348,0.51,0.686,1.6,5.9,11.7,16.5,2.55,1.48,113.0,99.2,-6.22,-0.3,-6.22,0.71,0.71,0.94,0.23,-4.67,22.0,0,1,UCLA,2024,2511
Coleman Bailey,UCLA,Big Ten,PF,6-8,80,198,JR,2024,25,310.8938780203837,31.08938780203837,6.7,4.7,1.1,21.9,0.489,0.382,0.071,0.708,11.9,14.1,8.9,11.9,0.89,4.92,110.0,101.3,-3.25,-0.51,-3.25,1.0,1.0,0.74,-0.26,-4.67,22.0,0,1,Gonzaga,2024,2512
Trevion Evans,Oregon,SEC,C,6-9,81,158,FR,2024,27,263.8289673134684,24.428608084580407,4.7,4.4,0.5,23.3,0.467,0.28,0.261,0.684,5.7,18.6,3.9,13.9,1.26,6.8,106.6,104.5,-3.97,-0.52,-3.97,0.96,0.96,0.7,-0.26,-4.67,22.0,0,1,Virginia,2024,2513
Elijah Rodriguez,Gonzaga,CUSA,SG,6-3,75,215,R-SO,2023,25,333.3778004605831,33.33778004605831,1.0,0.6,3.0,11.6,0.499,0.328,0.232,0.709,1.4,2.0,25.3,13.1,3.65,0.97,123.6,92.1,-1.71,-0.29,-1.71,0.74,0.74,0.7,-0.04,-4.69,21.9,0,1,Purdue,2023,2514
Evan Jackson,Louisville,SEC,C,6-11,83,194,FR,2024,30,291.88265854322236,24.323554878601865,2.0,4.4,1.2,22.1,0.39,0.135,0.181,0.747,9.6,14.9,10.0,8.7,3.58,6.58,100.2,106.4,-2.08,-0.3,-2.08,0.96,0.96,0.74,-0.22,-4.7,21.8,0,1,Michigan State,2024,2515
Jaylen Williams,Memphis,WAC,PF,6-9,81,212,SO,2021,21,151.32840147301334,18.015285889644446,1.9,3.4,1.1,19.7,0.516,0.369,0.166,0.61,14.0,5.0,9.2,12.8,2.19,5.75,111.2,102.2,-2.57,-0.19,-2.57,0.7,0.7,0.96,0.26,-4.7,21.8,0,1,James Madison,2021,2516
Quinn Williams,Tennessee,AAC,SG,6-3,75,227,R-FR,2022,31,373.4860114568773,30.11983963361914,8.2,1.8,1.2,10.9,0.488,0.35,0.489,0.752,3.1,7.0,10.0,16.2,2.63,0.94,118.6,93.4,-3.83,-0.71,-3.83,0.83,0.83,0.98,0.15,-4.71,21.7,0,1,Baylor,2022,2517
Isaiah Jackson,Saint Louis,A-10,W,6-6,78,195,R-JR,2021,24,76.8,8.0,7.6,3.5,1.4,19.3,0.447,0.31,0.202,0.676,10.2,9.3,12.1,13.1,1.47,0.1,123.4,87.6,-5.14,-0.2,-5.14,0.86,0.86,1.0,0.14,-4.71,21.8,0,1,Louisville,2021,2518
Reed Davis,UCLA,Sun Belt,SF,6-5,77,201,R-FR,2024,25,452.6739645351619,45.267396453516184,1.5,3.1,1.3,19.7,0.458,0.367,0.394,0.705,5.6,11.4,11.2,10.9,2.23,1.82,109.7,88.3,-0.3,-0.07,-0.3,0.72,0.72,0.72,0.0,-4.72,21.7,0,1,Miami,2024,2519
Sam Rogers,Indiana,A-10,C,6-9,81,201,R-FR,2024,35,112.57383683946644,8.040988345676174,11.3,4.3,1.9,25.0,0.556,0.204,0.11,0.694,9.8,14.2,15.9,15.1,2.38,5.26,109.4,94.5,-4.87,-0.27,-4.87,0.86,0.86,0.83,-0.03,-4.72,21.7,0,1,UCLA,2024,2520
Uriah Rivera,Auburn,CAA,SG,6-4,76,226,R-FR,2024,15,78.44079273257513,13.073465455429188,5.3,1.4,1.8,18.7,0.548,0.326,0.126,0.601,1.8,6.0,14.6,16.3,4.47,1.48,119.9,93.9,-4.79,-0.19,-4.79,0.77,0.77,0.74,-0.03,-4.72,21.7,0,1,Clemson,2024,2521
Victor Williams,Utah State,MAAC,PF,6-6,78,204,JR,2020,24,473.3467787003497,49.306956114619766,6.2,4.9,1.1,18.4,0.426,0.087,0.063,0.67,6.8,20.5,8.9,13.6,2.48,0.79,113.3,95.8,-1.48,-0.35,-1.48,0.74,0.74,0.74,0.0,-4.72,21.7,0,1,Air Force,2020,2522
Henry Rivera,Seton Hall,WAC,W,6-7,79,238,R-FR,2022,20,170.83087219088867,21.353859023861084,1.7,3.0,2.3,10.0,0.474,0.385,0.506,0.827,6.4,10.2,19.1,11.2,0.87,1.35,112.8,94.3,-4.36,-0.37,-4.36,0.7,0.7,0.98,0.28,-4.73,21.6,0,1,Vanderbilt,2022,2523
Uriah Hill,Pittsburgh,Big 12,PG,6-3,75,216,R-JR,2022,24,452.9344485201382,47.180671720847734,14.4,2.1,2.7,30.6,0.432,0.25,0.259,0.645,1.8,10.1,22.4,23.0,2.57,0.1,113.0,99.5,-2.38,-0.54,-2.38,0.98,0.98,0.7,-0.28,-4.73,21.6,0,1,Hofstra,2022,2524
Ben Anderson,Seton Hall,Big Ten,SF,6-5,77,216,SO,2023,27,410.69696562921735,38.027496817520124,10.7,3.0,2.3,27.4,0.472,0.297,0.443,0.69,6.9,9.6,19.3,19.5,3.19,1.66,106.0,114.9,-2.98,-0.61,-2.98,1.0,1.0,0.94,-0.06,-4.73,21.6,0,1,Northwestern,2023,2525
Cameron Murphy,Butler,WCC,SF,6-4,76,233,JR,2021,25,548.5717797266507,54.857177972665056,4.2,4.9,2.2,19.6,0.472,0.388,0.329,0.724,6.8,20.6,18.6,10.5,0.2,1.65,103.8,95.8,-2.85,-0.78,-2.85,0.82,0.82,0.74,-0.08,-4.73,21.6,0,1,Illinois,2021,2526
Kofi White,Maryland,CAA,SG,6-4,76,206,R-SO,2022,24,338.71677762294655,35.282997669056925,6.8,1.6,2.2,21.5,0.532,0.331,0.422,0.757,2.3,6.6,18.1,15.1,2.65,2.08,111.8,96.9,-2.32,-0.39,-2.32,0.77,0.77,0.83,0.06,-4.74,21.5,0,1,USC,2022,2527
Will Perez,Duquesne,MAAC,F,6-9,81,214,R-JR,2022,26,179.58339569632003,17.267634201569233,3.5,5.0,1.4,22.7,0.598,0.274,0.036,0.636,8.5,19.4,11.3,13.4,1.83,0.99,128.3,95.7,-1.96,-0.18,-1.96,0.74,0.74,0.69,-0.05,-4.74,21.6,0,1,Notre Dame,2022,2528
Luke Green,Air Force,Ivy,PF,6-5,77,203,SR,2024,27,267.3897152086909,24.758306963767676,11.5,3.3,1.0,23.1,0.487,0.35,0.0,0.687,1.0,17.5,8.6,18.2,3.68,6.83,102.1,93.1,-3.38,-0.45,-3.38,0.71,0.71,0.77,0.06,-4.74,21.6,0,1,Creighton,2024,2529
Derek Allen,Northwestern,Horizon,PG,6-2,74,198,R-FR,2020,28,227.44153136707425,20.307279586345913,11.0,1.6,2.0,19.6,0.478,0.435,0.366,0.606,0.5,8.4,16.7,19.2,0.58,2.19,101.1,99.4,-2.79,-0.32,-2.79,0.71,0.71,0.93,0.22,-4.74,21.6,0,1,Ohio State,2020,2530
Wade Rivera,Clemson,Ivy,SF,6-6,78,230,JR,2023,33,221.48625740776438,16.779261924830635,5.7,3.9,1.5,19.4,0.476,0.341,0.618,0.692,10.8,10.5,12.9,17.7,4.12,1.24,119.4,104.2,-2.93,-0.32,-2.93,0.71,0.71,0.74,0.03,-4.75,21.5,0,1,William & Mary,2023,2531
Cameron Morgan,Oregon,WAC,SG,6-0,72,217,FR,2023,22,357.38119248837506,40.61149914640625,7.9,1.8,1.9,14.5,0.475,0.31,0.465,0.724,1.3,8.6,15.9,17.8,2.56,2.24,110.0,94.3,-2.21,-0.39,-2.21,0.7,0.7,0.96,0.26,-4.76,21.4,0,1,Baylor,2023,2532
Todd Rogers,Maryland,Big Ten,SF,6-7,79,222,R-FR,2023,37,367.3721048935432,24.822439519834003,12.6,3.4,1.5,22.1,0.573,0.265,0.285,0.506,5.6,13.5,12.9,13.0,1.86,0.69,109.7,99.9,-3.61,-0.66,-3.61,1.0,1.0,0.77,-0.23,-4.76,21.4,0,1,Indiana,2023,2533
Blake Allen,Ohio State,MAAC,SF,6-7,79,155,SR,2024,31,571.3739498499743,46.07854434273987,7.6,2.0,1.5,25.5,0.527,0.386,0.436,0.814,0.5,10.8,12.5,18.6,3.77,0.1,121.8,92.0,-3.04,-0.87,-3.04,0.74,0.74,0.74,0.0,-4.77,21.4,0,1,St. John's,2024,2534
Tyler Thompson,Illinois,OVC,PF,6-9,81,230,R-SO,2022,26,266.8490098787126,25.658558642183902,7.1,4.8,1.0,25.8,0.471,0.348,0.004,0.884,11.4,15.2,8.1,11.5,1.03,0.3,104.5,104.8,-4.38,-0.58,-4.38,0.69,0.69,0.71,0.02,-4.77,21.4,0,1,USC,2022,2535
Flynn Williams,St. Bonaventure,MAC,PF,6-11,83,203,FR,2021,28,666.5015315819012,59.509065319812606,3.1,4.6,1.0,16.4,0.556,0.205,0.273,0.723,12.1,13.6,8.6,7.5,1.71,0.89,108.8,106.8,-2.63,-0.88,-2.63,0.76,0.76,0.76,0.0,-4.77,21.4,0,1,Davidson,2021,2536
Max Allen,Illinois,Big Ten,PG,6-1,73,211,R-SO,2022,29,296.621197746711,25.570792909199227,3.1,2.9,2.4,24.5,0.398,0.298,0.563,0.657,2.4,13.7,20.1,24.2,2.24,1.92,108.5,103.1,-3.32,-0.49,-3.32,1.0,1.0,0.86,-0.14,-4.78,21.3,0,1,Richmond,2022,2537
Eric Gonzalez,Saint Mary's,WAC,C,6-11,83,199,R-FR,2022,33,258.86376525352017,19.61089130708486,8.0,5.4,0.9,21.8,0.478,0.344,0.151,0.776,10.8,18.9,7.5,17.0,3.11,6.35,110.0,96.0,-5.18,-0.67,-5.18,0.7,0.7,0.94,0.24,-4.78,21.3,0,1,Minnesota,2022,2538
Cole White,Pittsburgh,CAA,W,6-6,78,207,R-FR,2022,26,360.4892073412227,34.662423782809874,2.8,3.7,2.0,25.5,0.413,0.303,0.274,0.564,7.0,13.5,16.7,12.2,1.9,0.8,110.1,98.8,-2.57,-0.46,-2.57,0.77,0.77,0.77,0.0,-4.78,21.3,0,1,Virginia,2022,2539
Alex Hernandez,Saint Mary's,OVC,SF,6-6,78,216,JR,2023,20,258.99522345079095,32.37440293134887,8.2,4.3,1.7,19.7,0.506,0.31,0.233,0.56,9.2,15.0,14.2,11.4,2.56,1.7,106.9,101.6,0.18,0.02,0.18,0.69,0.69,0.96,0.27,-4.78,21.3,0,1,Tennessee Tech,2023,2540
Zach Roberts,Belmont,MAAC,F,6-6,78,178,JR,2022,25,212.31164331763583,21.231164331763583,8.1,4.0,1.3,21.0,0.497,0.397,0.208,0.578,11.0,11.4,10.9,10.6,2.8,2.05,111.5,92.9,-2.27,-0.24,-2.27,0.74,0.74,0.74,0.0,-4.78,21.3,0,1,Florida,2022,2541
Jaylen Martin,Villanova,Big 12,SF,6-5,77,234,R-FR,2024,21,138.79499438352303,16.52321361708608,9.5,2.8,1.5,22.0,0.563,0.417,0.321,0.613,7.1,8.7,12.4,16.1,2.07,1.01,100.0,103.7,-1.38,-0.1,-1.38,0.98,0.98,0.82,-0.16,-4.79,21.3,0,1,Creighton,2024,2542
Cole Allen,Ohio State,CUSA,PG,6-3,75,197,R-FR,2022,23,163.4608819441329,17.767487167840535,5.1,2.3,2.1,23.6,0.5,0.364,0.475,0.677,4.0,9.0,17.9,16.7,3.01,3.0,96.2,100.6,-4.55,-0.37,-4.55,0.74,0.74,0.94,0.2,-4.79,21.2,0,1,Boston College,2022,2543
Blake Rodriguez,Xavier,CUSA,PF,6-11,83,194,R-FR,2024,34,353.81029395775323,26.015462791011267,5.2,2.3,1.4,19.5,0.505,0.335,0.353,0.446,1.2,11.6,11.5,12.8,0.32,9.35,114.7,97.5,-0.78,-0.14,-0.78,0.74,0.74,0.74,0.0,-4.79,21.2,0,1,Davidson,2024,2544
Ben Moore,Kansas,Big Ten,SG,6-3,75,230,JR,2023,25,131.13994436791154,13.113994436791154,7.4,1.3,1.0,15.3,0.552,0.475,0.341,0.609,2.2,5.1,8.1,18.0,2.71,2.02,121.3,100.9,-3.62,-0.24,-3.62,1.0,1.0,0.79,-0.21,-4.79,21.2,0,1,Cincinnati,2023,2545
Wade Scott,Ohio State,Big Ten,SF,6-4,76,233,R-FR,2024,28,361.7326522243104,32.29755823431343,12.8,2.3,1.3,26.4,0.499,0.336,0.286,0.628,7.4,5.5,10.7,13.5,1.79,1.43,119.0,96.4,-3.34,-0.6,-3.34,1.0,1.0,0.96,-0.04,-4.8,21.2,0,1,Mississippi State,2024,2546
Mike Johnson,Miami,Sun Belt,PF,6-8,80,209,SR,2023,29,216.05990589139685,18.625853956154902,6.0,4.0,2.1,21.0,0.517,0.298,0.17,0.607,5.9,16.0,17.3,7.3,1.78,4.75,107.9,105.6,-1.04,-0.11,-1.04,0.72,0.72,0.94,0.22,-4.8,21.2,0,1,Xavier,2023,2547
Damian Bell,Texas,CAA,W,6-7,79,208,JR,2022,33,301.4720627004777,22.83879262882407,8.6,3.4,1.5,23.6,0.529,0.313,0.197,0.818,4.0,14.6,12.2,16.6,2.5,1.63,113.9,97.5,-4.06,-0.61,-4.06,0.77,0.77,0.76,-0.01,-4.8,21.2,0,1,Purdue,2022,2548
Andrej Campbell,Marquette,CAA,SG,6-3,75,202,R-JR,2021,30,489.8273985023314,40.818949875194285,7.0,1.6,1.8,19.9,0.419,0.282,0.572,0.802,1.1,7.9,15.2,17.6,0.52,0.1,108.7,83.7,-2.14,-0.52,-2.14,0.77,0.77,0.72,-0.05,-4.81,21.2,0,1,Indiana,2021,2549
Zach Martinez,William & Mary,Big East,SF,6-6,78,207,JR,2022,33,131.5492984042159,9.965855939713325,9.0,2.8,1.9,17.9,0.617,0.401,0.403,0.576,5.6,9.7,16.2,15.6,1.55,0.19,108.7,107.6,-2.21,-0.15,-2.21,0.93,0.93,0.86,-0.07,-4.81,21.1,0,1,San Diego State,2022,2550
Coleman Walker,Utah State,Horizon,PF,6-9,81,174,R-JR,2022,22,386.4570523139085,43.915574126580516,4.5,6.9,0.7,20.4,0.479,0.288,0.0,0.769,13.5,24.8,6.2,15.0,1.8,4.68,118.4,107.2,-1.52,-0.29,-1.52,0.71,0.71,0.69,-0.02,-4.82,21.1,0,1,George Mason,2022,2551
Nick Gonzalez,Florida State,OVC,F,6-7,79,225,R-FR,2022,29,476.0447456824337,41.03834014503739,12.8,3.2,0.6,29.2,0.589,0.264,0.131,0.578,10.3,7.7,5.1,13.1,1.54,1.45,110.1,92.6,-4.35,-1.04,-4.35,0.69,0.69,0.96,0.27,-4.82,21.1,0,1,Northwestern,2022,2552
Darius Williams,Utah State,SEC,SF,6-4,76,176,SO,2024,25,337.30953610745314,33.73095361074532,1.0,4.1,1.6,10.6,0.488,0.332,0.393,0.684,10.3,12.7,13.2,16.0,4.31,1.75,92.0,100.8,-3.51,-0.59,-3.51,0.96,0.96,0.86,-0.1,-4.82,21.1,0,1,Wisconsin,2024,2553
Brandon Bailey,Louisville,MAAC,PG,6-2,74,245,R-JR,2024,27,118.40713822276156,10.96362390951496,3.7,2.2,1.9,19.0,0.486,0.34,0.24,0.849,1.5,10.8,15.8,18.3,2.65,1.64,107.7,96.1,-2.35,-0.14,-2.35,0.74,0.74,0.83,0.09,-4.82,21.1,0,1,Villanova,2024,2554
Quinn Harris,Penn State,Ivy,PG,6-1,73,224,R-JR,2021,32,261.90590085716553,20.461398504466057,7.5,2.7,3.6,21.2,0.518,0.335,0.381,0.708,4.5,10.7,30.2,7.8,2.63,0.45,111.8,106.2,-2.47,-0.32,-2.47,0.71,0.71,0.74,0.03,-4.82,21.1,0,1,Iowa,2021,2555
Max Thomas,George Mason,A-10,SG,6-6,78,190,SO,2022,29,338.9292175132156,29.218035992518587,1.0,2.4,1.4,12.0,0.492,0.373,0.42,0.731,0.8,12.6,11.9,19.7,0.2,1.07,122.0,97.7,-7.11,-1.21,-7.11,0.86,0.86,0.77,-0.09,-4.83,21.0,0,1,Michigan State,2022,2556
Ben Young,Florida,CAA,G,6-4,76,211,JR,2023,26,270.9570604336129,26.053563503232013,7.5,1.5,2.3,11.8,0.435,0.322,0.55,0.709,0.9,7.2,19.4,13.4,2.52,0.44,102.5,91.8,-4.43,-0.6,-4.43,0.77,0.77,0.71,-0.06,-4.83,21.0,0,1,Dayton,2023,2557
Kofi Brown,Baylor,Sun Belt,PG,6-1,73,218,R-JR,2023,29,205.02243804747098,17.674348107540602,5.1,2.5,1.6,19.1,0.531,0.289,0.396,0.655,2.6,11.3,13.2,28.9,2.13,1.91,104.6,106.0,-1.28,-0.13,-1.28,0.72,0.72,0.69,-0.03,-4.83,21.0,0,1,Purdue,2023,2558
Tyler Morgan,Mississippi State,Horizon,SG,6-4,76,198,JR,2023,25,415.9798092474648,41.59798092474648,2.5,2.0,1.8,10.0,0.433,0.397,0.203,0.733,3.4,7.9,15.4,20.8,1.59,2.78,98.2,101.3,-1.91,-0.4,-1.91,0.71,0.71,0.79,0.08,-4.83,21.0,0,1,St. Bonaventure,2023,2559
Reed Bailey,Maryland,CUSA,F,6-8,80,229,FR,2024,32,380.70825289448857,29.74283225738192,3.8,4.2,0.5,15.4,0.514,0.293,0.45,0.794,10.0,13.5,4.3,11.1,1.59,1.52,111.5,90.5,-3.45,-0.66,-3.45,0.74,0.74,1.0,0.26,-4.83,21.0,0,1,Davidson,2024,2560
Cole Harris,Clemson,SEC,W,6-6,78,207,R-JR,2022,37,495.52050704840485,33.481115341108435,8.8,2.2,2.1,23.7,0.478,0.274,0.622,0.822,7.3,5.1,17.5,10.7,2.65,0.1,111.7,96.0,-2.73,-0.68,-2.73,0.96,0.96,0.93,-0.03,-4.84,21.0,0,1,Syracuse,2022,2561
Eric Turner,Georgetown,Ivy,SG,6-5,77,196,R-FR,2022,26,83.2,8.0,9.4,2.6,0.7,30.2,0.419,0.347,0.399,0.721,3.4,10.9,6.2,19.2,3.45,1.43,107.4,80.5,-4.82,-0.2,-4.82,0.71,0.71,0.96,0.25,-4.84,20.9,0,1,Cincinnati,2022,2562
Will Harris,Clemson,Big Ten,SG,6-2,74,182,R-FR,2024,34,383.40324805335916,28.191415298041115,8.7,0.8,0.6,25.3,0.438,0.377,0.468,0.763,0.8,3.8,4.9,12.4,2.5,0.51,113.3,97.0,-2.81,-0.54,-2.81,1.0,1.0,0.76,-0.24,-4.84,21.0,0,1,Dayton,2024,2563
Quinn Parker,SMU,Sun Belt,SF,6-4,76,183,R-JR,2023,20,456.93698810258013,57.117123512822516,6.7,3.2,2.4,24.3,0.541,0.352,0.355,0.673,4.7,13.0,20.0,9.0,1.83,3.01,100.5,101.8,-5.54,-1.27,-5.54,0.72,0.72,0.94,0.22,-4.85,20.9,0,1,Florida State,2023,2564
Wade Reed,Villanova,ACC,W,6-6,78,201,R-JR,2023,29,393.19269462652176,33.89592195056222,4.9,3.3,2.1,20.8,0.386,0.294,0.134,0.72,5.7,12.6,17.5,11.3,1.21,1.46,104.0,114.4,-2.48,-0.49,-2.48,0.94,0.94,0.74,-0.2,-4.85,20.9,0,1,Stanford,2023,2565
Kevin Gonzalez,Michigan,MAC,PF,6-9,81,221,R-JR,2024,31,275.2638784543047,22.19869987534715,2.2,6.2,0.7,22.4,0.484,0.277,0.093,0.636,9.3,24.9,6.1,12.2,2.68,4.45,95.6,101.8,-3.66,-0.5,-3.66,0.76,0.76,0.71,-0.05,-4.85,20.9,0,1,Kansas,2024,2566
Tyrese Evans,Fordham,MAC,PG,6-5,77,217,SO,2020,24,191.6064825456093,19.959008598500972,8.0,2.0,2.0,24.1,0.534,0.405,0.355,0.68,2.7,8.5,16.6,25.3,2.22,2.03,114.1,101.4,-2.95,-0.28,-2.95,0.76,0.76,1.0,0.24,-4.85,20.9,0,1,Nevada,2020,2567
Malik Lewis,DePaul,AAC,F,6-8,80,181,R-JR,2020,34,108.80000000000001,8.0,5.8,2.7,0.8,20.4,0.459,0.215,0.182,0.653,5.1,10.0,6.8,13.7,2.87,0.78,103.4,97.6,-1.96,-0.11,-1.96,0.83,0.83,0.96,0.13,-4.85,20.9,0,1,Georgetown,2020,2568
Patrick Roberts,Michigan,MAC,W,6-7,79,185,JR,2021,29,556.2313315249285,47.950976855597276,1.0,3.0,1.2,19.1,0.405,0.387,0.519,0.684,0.9,15.6,9.7,10.6,3.24,1.68,115.4,90.8,-2.78,-0.77,-2.78,0.76,0.76,0.96,0.2,-4.86,20.9,0,1,Wisconsin,2021,2569
Nathan Walker,Boise State,CAA,PG,6-1,73,226,R-FR,2020,30,210.34004506911302,17.52833708909275,4.0,2.4,3.4,20.3,0.451,0.318,0.699,0.619,1.0,12.4,27.9,19.2,1.68,0.31,105.2,95.4,-3.17,-0.33,-3.17,0.77,0.77,0.69,-0.08,-4.86,20.8,0,1,TCU,2020,2570
Tyler Robinson,Utah State,A-10,G,6-1,73,211,FR,2020,27,426.95822054124153,39.53316856863348,7.6,2.0,2.1,18.2,0.466,0.291,0.424,0.942,3.3,7.7,17.3,11.3,2.93,2.18,105.6,105.8,-2.18,-0.47,-2.18,0.86,0.86,0.71,-0.15,-4.86,20.8,0,1,Pittsburgh,2020,2571
Coleman Edwards,Tennessee,CUSA,F,6-6,78,207,R-FR,2021,35,257.43533573931165,18.38823826709369,6.4,4.4,2.3,20.5,0.501,0.394,0.0,0.605,7.4,17.3,19.6,8.9,0.9,0.56,111.9,102.0,-2.28,-0.29,-2.28,0.74,0.74,0.79,0.05,-4.87,20.8,0,1,Virginia Tech,2021,2572
Reed Campbell,TCU,SEC,G,6-1,73,247,R-FR,2020,27,157.05648861320807,14.542267464185933,6.6,1.4,2.7,14.7,0.57,0.314,0.173,0.785,2.4,5.4,22.6,12.0,1.17,0.1,102.9,106.3,-2.46,-0.19,-2.46,0.96,0.96,0.71,-0.25,-4.87,20.8,0,1,Richmond,2020,2573
Patrick Hall,Pittsburgh,Big Ten,G,6-1,73,179,SO,2024,20,164.60467709524045,20.575584636905056,4.1,1.9,2.6,21.1,0.444,0.371,0.319,0.565,1.2,9.2,21.8,12.1,1.71,2.28,110.5,91.7,-1.41,-0.12,-1.41,1.0,1.0,0.7,-0.3,-4.87,20.8,0,1,Hofstra,2024,2574
Sam Davis,North Carolina,Big Ten,PF,6-7,79,210,R-JR,2020,17,231.31134023357205,34.016373563760595,1.0,4.3,1.4,15.4,0.462,0.263,0.196,0.714,9.5,14.6,11.8,18.3,1.85,2.84,103.7,98.5,-2.54,-0.29,-2.54,1.0,1.0,0.79,-0.21,-4.88,20.7,0,1,Rutgers,2020,2575
Tyler Stewart,Oklahoma,WAC,W,6-6,78,175,R-JR,2022,28,137.95543945035107,12.317449950924201,10.2,2.0,1.3,20.6,0.524,0.347,0.407,0.426,5.9,5.3,10.9,17.1,2.68,2.94,113.4,94.3,-3.94,-0.27,-3.94,0.7,0.7,0.83,0.13,-4.88,20.7,0,1,Dayton,2022,2576
Kyle Wright,Utah State,Big Ten,SG,6-5,77,176,R-FR,2020,28,238.73733179610824,21.31583319608109,3.1,1.0,1.4,22.9,0.43,0.199,0.434,0.741,1.3,4.3,12.0,16.6,2.55,0.39,109.5,99.6,-2.26,-0.27,-2.26,1.0,1.0,0.96,-0.04,-4.88,20.7,0,1,Oregon,2020,2577
Elijah Campbell,Tennessee Tech,CUSA,SG,6-2,74,222,R-FR,2024,20,312.04223038636184,39.00527879829523,6.6,1.5,2.3,13.3,0.459,0.345,0.495,0.849,0.2,7.9,19.0,15.2,0.82,1.32,117.3,99.1,-1.29,-0.2,-1.29,0.74,0.74,0.98,0.24,-4.88,20.7,0,1,Miami,2024,2578
Zion Jackson,Duke,A-10,W,6-8,80,201,JR,2024,25,242.28800424608357,24.22880042460836,6.7,2.5,2.1,21.8,0.509,0.32,0.339,0.707,2.7,11.2,17.4,9.3,2.7,2.21,124.6,100.6,-2.48,-0.3,-2.48,0.86,0.86,0.76,-0.1,-4.89,20.7,0,1,Houston,2024,2579
Xavier Lewis,Fordham,MAC,PF,6-8,80,215,JR,2024,25,418.9735626565934,41.89735626565934,13.4,2.5,1.6,27.7,0.553,0.265,0.157,0.764,1.0,13.1,13.0,12.5,1.98,2.15,111.3,95.8,-3.82,-0.8,-3.82,0.76,0.76,0.72,-0.04,-4.89,20.7,0,1,Arizona,2024,2580
Andre Roberts,Villanova,MVC,F,6-5,77,254,SR,2022,24,232.12143303452814,24.17931594109668,2.3,7.3,1.0,17.1,0.514,0.429,0.143,0.697,11.3,28.9,8.1,5.4,2.12,0.1,106.2,107.8,-1.72,-0.2,-1.72,0.79,0.79,0.71,-0.08,-4.89,20.7,0,1,DePaul,2022,2581
DeShawn Rivera,SMU,ACC,PF,6-7,79,181,R-JR,2024,27,524.711389901568,48.5843879538489,9.7,5.4,1.0,30.5,0.483,0.349,0.331,0.743,10.6,19.3,8.5,5.5,0.86,6.19,119.3,99.3,-2.4,-0.63,-2.4,0.94,0.94,0.94,0.0,-4.9,20.6,0,1,Arizona,2024,2582
Alex Cook,Michigan State,WAC,G,6-3,75,202,JR,2020,37,269.2292348595871,18.191164517539672,1.0,2.3,3.3,16.7,0.41,0.303,0.512,0.668,1.5,11.1,27.5,16.6,2.43,0.37,106.4,98.8,-4.81,-0.65,-4.81,0.7,0.7,1.0,0.3,-4.91,20.5,0,1,Oregon,2020,2583
Sean Harris,Indiana,CAA,PF,6-6,78,215,JR,2024,30,311.1789855976312,25.931582133135933,1.0,4.6,1.5,18.3,0.457,0.189,0.267,0.721,15.7,9.8,12.9,5.9,1.2,0.3,109.7,100.6,-2.1,-0.33,-2.1,0.77,0.77,0.83,0.06,-4.91,20.6,0,1,George Mason,2024,2584
Jake Rodriguez,Clemson,ACC,C,6-10,82,189,R-JR,2020,31,154.4402638094581,12.454859984633716,7.3,5.0,2.0,10.0,0.499,0.136,0.037,0.748,8.9,18.9,16.8,7.6,2.17,5.26,104.1,98.4,-4.21,-0.33,-4.21,0.94,0.94,0.77,-0.17,-4.92,20.5,0,1,Houston,2020,2585
Andrej Wilson,Arizona,WCC,W,6-6,78,198,R-FR,2022,22,424.98330881280447,48.29355781963687,4.9,3.2,1.5,14.7,0.466,0.253,0.673,0.634,7.4,10.6,12.9,12.8,2.57,1.32,115.3,105.7,-3.43,-0.73,-3.43,0.82,0.82,0.98,0.16,-4.92,20.5,0,1,Austin Peay,2022,2586
Malik Bell,Alabama,MAAC,C,6-11,83,195,R-FR,2023,17,174.7010437680436,25.691329965888766,8.6,4.7,1.1,29.3,0.434,0.365,0.199,0.715,8.5,17.4,9.1,6.5,1.94,0.3,107.0,101.5,-2.63,-0.23,-2.63,0.74,0.74,0.96,0.22,-4.93,20.4,0,1,Kentucky,2023,2587
Patrick Williams,Saint Louis,SEC,C,7-0,84,178,R-FR,2020,24,268.75805056539383,27.99563026722852,4.8,4.9,1.0,13.4,0.481,0.294,0.041,0.6,4.9,22.4,8.7,7.2,3.08,7.48,105.9,93.5,-3.47,-0.47,-3.47,0.96,0.96,0.83,-0.13,-4.93,20.4,0,1,Virginia Tech,2020,2588
Tyrese Sanchez,Michigan State,A-10,G,6-4,76,166,JR,2020,22,70.4,8.0,5.3,1.6,1.9,19.5,0.49,0.299,0.05,0.758,1.1,7.9,16.2,22.6,0.35,2.3,105.3,95.9,-1.81,-0.06,-1.81,0.86,0.86,0.74,-0.12,-4.94,20.3,0,1,Boise State,2020,2589
Henry Reed,Georgia,Big East,G,6-4,76,186,JR,2022,20,306.49048096207383,38.31131012025923,14.3,1.5,3.2,25.5,0.62,0.396,0.441,0.615,0.6,7.7,26.9,20.7,3.91,1.19,109.5,98.3,-1.61,-0.25,-1.61,0.93,0.93,0.98,0.05,-4.94,20.4,0,1,Northwestern,2022,2590
Jordan Martin,Utah State,AAC,G,5-11,71,206,R-JR,2020,35,209.75912912013032,14.982794937152166,9.9,0.8,3.0,21.8,0.465,0.308,0.241,0.797,1.7,2.5,25.0,14.5,2.36,2.36,112.2,104.0,-4.21,-0.44,-4.21,0.83,0.83,0.7,-0.13,-4.95,20.3,0,1,Saint Mary's,2020,2591
Malik Reed,Louisville,MAAC,SF,6-5,77,184,JR,2024,27,215.14800466951087,19.92111154347323,9.1,4.0,1.3,16.6,0.594,0.503,0.514,0.707,4.9,17.4,10.5,12.3,3.81,1.12,108.2,95.1,-4.05,-0.44,-4.05,0.74,0.74,0.76,0.02,-4.96,20.3,0,1,Davidson,2024,2592
Victor Bailey,Wichita State,Sun Belt,PG,6-2,74,211,JR,2023,31,438.8849404967659,35.393946814255315,2.1,3.1,2.8,17.1,0.44,0.214,0.359,0.505,4.5,12.7,23.0,10.4,2.58,3.36,112.6,106.2,-2.74,-0.6,-2.74,0.72,0.72,0.76,0.04,-4.97,20.2,0,1,Memphis,2023,2593
Luka King,Marquette,ACC,G,5-11,71,175,SR,2020,24,478.5279803374695,49.84666461848641,1.0,1.6,2.5,18.6,0.513,0.326,0.361,0.679,1.8,7.0,20.5,13.3,0.8,1.13,103.3,97.8,-3.17,-0.76,-3.17,0.94,0.94,0.69,-0.25,-4.97,20.2,0,1,Saint Louis,2020,2594
Chris Bailey,Oregon,WAC,G,6-2,74,229,R-FR,2021,26,260.9791768228588,25.094151617582575,3.9,2.6,3.4,25.5,0.404,0.297,0.508,0.704,4.6,9.6,28.4,15.0,0.91,1.65,92.7,96.4,-4.3,-0.56,-4.3,0.7,0.7,0.86,0.16,-4.97,20.2,0,1,Ohio State,2021,2595
Coleman Carter,Stanford,CUSA,SG,6-5,77,213,R-JR,2021,26,400.8061251378567,38.539050494024686,7.1,1.3,0.8,22.7,0.57,0.356,0.305,0.685,3.7,3.7,7.1,12.4,2.18,1.4,115.6,100.5,-0.86,-0.17,-0.86,0.74,0.74,0.76,0.02,-4.97,20.2,0,1,Louisville,2021,2596
Derek Morgan,Georgia,Big 12,SF,6-3,75,202,R-FR,2020,27,250.5824530970648,23.202078990468966,2.2,4.3,1.1,11.3,0.515,0.36,0.312,0.814,7.0,16.7,8.9,12.5,0.96,0.79,120.3,107.0,-3.9,-0.49,-3.9,0.98,0.98,0.98,0.0,-4.97,20.2,0,1,Syracuse,2020,2597
Jake Wright,Wichita State,MAAC,C,7-0,84,182,R-FR,2022,23,388.3112271836999,42.20774208518477,1.1,4.3,1.4,13.0,0.472,0.304,0.257,0.703,5.9,17.8,11.9,14.2,2.75,5.36,118.8,93.3,-3.17,-0.62,-3.17,0.74,0.74,0.93,0.19,-4.98,20.1,0,1,Iowa State,2022,2598
Nathan Morris,Duke,MVC,SG,6-2,74,186,JR,2024,27,86.4,8.0,1.0,2.1,1.1,16.6,0.484,0.359,0.542,0.669,3.7,8.1,9.5,13.0,1.9,0.8,113.1,100.2,-5.23,-0.23,-5.23,0.79,0.79,0.76,-0.03,-4.98,20.1,0,1,Boise State,2024,2599
Evan Young,Northwestern,ACC,PF,6-10,82,204,R-FR,2021,33,766.9771129741539,58.104326740466206,11.0,4.5,0.4,16.1,0.571,0.184,0.334,0.781,9.0,16.1,3.1,15.0,3.39,2.8,105.3,105.7,-2.1,-0.81,-2.1,0.94,0.94,0.72,-0.22,-4.98,20.1,0,1,USC,2021,2600
Victor Martinez,UNLV,Ivy,SF,6-5,77,200,SR,2022,37,568.8408411963668,38.43519197272749,9.3,3.5,1.4,30.4,0.421,0.263,0.514,0.504,6.2,13.4,11.8,8.4,1.92,1.74,99.2,97.9,-1.48,-0.42,-1.48,0.71,0.71,0.83,0.12,-4.98,20.1,0,1,Virginia Tech,2022,2601
Alex Phillips,Oregon,CAA,G,6-5,77,197,FR,2022,28,281.2640474665018,25.112861380937662,1.0,2.0,1.0,24.5,0.468,0.15,0.272,0.59,3.6,7.4,8.4,16.4,1.98,2.76,109.8,97.3,-2.57,-0.36,-2.57,0.77,0.77,0.7,-0.07,-4.98,20.1,0,1,Saint Louis,2022,2602
Sam Rodriguez,UNLV,MAAC,C,6-11,83,197,R-JR,2023,29,175.16107994990455,15.100093099129703,14.0,4.5,1.6,21.0,0.64,0.231,0.237,0.658,3.6,21.5,13.5,10.9,1.82,2.1,111.6,95.7,-1.05,-0.09,-1.05,0.74,0.74,1.0,0.26,-4.98,20.1,0,1,TCU,2023,2603
DeShawn Phillips,St. John's,ACC,F,6-8,80,206,FR,2022,33,337.8913483588454,25.597829421124654,6.5,4.1,1.1,21.0,0.519,0.391,0.0,0.732,5.8,17.0,9.5,9.6,2.43,1.89,112.0,98.9,-1.34,-0.23,-1.34,0.94,0.94,0.71,-0.23,-4.98,20.1,0,1,TCU,2022,2604
Grant Johnson,TCU,AAC,G,6-4,76,192,JR,2021,28,307.74679130995077,27.477392081245608,11.7,1.9,3.5,25.1,0.562,0.375,0.536,0.645,3.5,7.0,28.9,18.6,2.82,1.79,117.3,93.8,-3.02,-0.46,-3.02,0.83,0.83,0.76,-0.07,-4.98,20.1,0,1,Vanderbilt,2021,2605
Kevin Harris,Mississippi State,MVC,W,6-7,79,194,JR,2020,23,161.05564305267018,17.50604815789893,9.9,4.1,1.7,21.4,0.508,0.336,0.651,0.774,8.9,13.7,14.3,5.0,2.22,1.15,107.5,104.6,-3.47,-0.28,-3.47,0.79,0.79,0.94,0.15,-4.99,20.1,0,1,Kansas,2020,2606
Quinn Young,Murray State,Sun Belt,G,6-4,76,220,R-FR,2020,25,350.7158882259495,35.071588822594954,6.3,1.3,2.2,21.0,0.529,0.368,0.287,0.764,1.1,6.3,18.3,12.6,3.22,0.53,105.0,106.7,-2.56,-0.45,-2.56,0.72,0.72,0.98,0.26,-4.99,20.1,0,1,Louisville,2020,2607
Jake Davis,Marquette,Big 12,W,6-7,79,189,R-JR,2021,27,296.7583044010586,27.477620777875796,1.0,3.4,2.9,22.4,0.524,0.236,0.427,0.547,4.6,14.6,24.3,10.0,1.37,0.1,104.7,111.8,-3.26,-0.48,-3.26,0.98,0.98,0.83,-0.15,-4.99,20.1,0,1,Syracuse,2021,2608
Mike Cook,Baylor,Ivy,SF,6-7,79,182,R-JR,2020,31,215.6663426834579,17.392446990601442,3.0,3.0,1.7,14.8,0.593,0.406,0.092,0.735,5.2,11.2,14.2,10.6,2.65,1.56,119.3,108.7,-0.13,-0.01,-0.13,0.71,0.71,0.77,0.06,-5.0,20.0,0,1,Auburn,2020,2609
Elijah Evans,Miami,AAC,PF,6-6,78,221,FR,2023,23,233.62649726090396,25.394184484880864,6.8,2.6,1.1,25.6,0.509,0.19,0.2,0.599,4.6,9.7,9.0,5.8,2.33,4.14,113.7,85.9,-4.85,-0.57,-4.85,0.83,0.83,0.94,0.11,-5.0,20.0,0,1,Iowa,2023,2610
Cameron Roberts,Virginia Tech,Horizon,SF,6-8,80,199,SR,2024,24,240.97821213730208,25.101897097635636,7.3,3.3,1.4,18.4,0.583,0.413,0.331,0.699,5.2,12.9,11.9,14.4,3.73,2.55,120.1,91.1,-2.56,-0.31,-2.56,0.71,0.71,0.86,0.15,-5.01,19.9,0,1,Fordham,2024,2611
Zach Carter,North Carolina,CAA,G,6-0,72,238,R-FR,2022,30,96.0,8.0,5.1,1.9,3.1,26.1,0.471,0.358,0.351,0.632,3.1,7.2,25.8,23.8,1.44,1.07,119.6,107.3,-3.27,-0.16,-3.27,0.77,0.77,0.93,0.16,-5.01,19.9,0,1,Wichita State,2022,2612
Flynn Wilson,Murray State,MVC,PF,6-9,81,213,JR,2024,16,441.2251524880005,68.94143007625007,4.8,6.7,1.0,10.0,0.452,0.174,0.0,0.593,14.5,22.5,8.0,17.9,1.72,2.11,105.6,89.3,-5.41,-1.19,-5.41,0.79,0.79,0.86,0.07,-5.01,19.9,0,1,Florida,2024,2613
Jordan Parker,Kansas,AAC,SG,6-5,77,202,R-FR,2023,29,305.8031579423113,26.36234120192339,3.8,2.3,1.8,14.0,0.401,0.314,0.273,0.556,3.8,8.8,14.7,11.2,2.28,2.01,105.9,101.3,-4.8,-0.73,-4.8,0.83,0.83,0.69,-0.14,-5.02,19.9,0,1,Alabama,2023,2614
Damian Davis,SMU,Big East,W,6-4,76,177,JR,2024,25,228.32725984669256,22.832725984669256,1.0,3.2,1.0,16.1,0.447,0.39,0.612,0.618,11.6,6.3,8.1,6.5,0.39,2.64,105.1,98.0,-2.94,-0.34,-2.94,0.93,0.93,0.74,-0.19,-5.02,19.9,0,1,Michigan State,2024,2615
DeShawn Murphy,Indiana,A-10,SG,6-4,76,227,R-SO,2024,24,131.69577033140365,13.718309409521211,4.6,1.6,3.0,15.9,0.501,0.387,0.24,0.67,1.9,6.8,24.6,18.9,2.68,1.76,124.5,97.3,-2.16,-0.14,-2.16,0.86,0.86,0.69,-0.17,-5.02,19.9,0,1,Tulsa,2024,2616
Sam Bell,Ohio State,WAC,C,6-8,80,206,R-FR,2022,31,516.0848334786499,41.61974463537499,9.8,4.3,0.6,33.7,0.538,0.233,0.357,0.805,3.4,20.7,5.2,12.3,3.44,4.86,93.2,104.0,-3.39,-0.88,-3.39,0.7,0.7,0.71,0.01,-5.02,19.9,0,1,Seton Hall,2022,2617
Vince Hernandez,James Madison,MAC,G,6-1,73,207,R-JR,2022,26,252.70960682870796,24.299000656606534,5.9,2.0,3.8,15.7,0.524,0.397,0.404,0.698,1.5,9.6,31.8,31.5,1.26,1.36,95.2,103.0,-3.42,-0.43,-3.42,0.76,0.76,0.74,-0.02,-5.03,19.8,0,1,Indiana,2022,2618
Andre Baker,Fordham,Ivy,W,6-5,77,197,JR,2020,25,297.90725491460205,29.790725491460208,4.1,2.8,0.9,26.4,0.504,0.384,0.329,0.708,5.5,10.3,7.3,17.3,3.38,0.89,104.9,104.6,-2.48,-0.37,-2.48,0.71,0.71,0.79,0.08,-5.04,19.8,0,1,Stanford,2020,2619
Trevion Morgan,Wichita State,ACC,SF,6-6,78,205,R-SO,2022,37,233.95998660034138,15.808107202725768,10.4,3.4,2.3,17.3,0.522,0.374,0.195,0.636,6.6,12.5,19.2,5.0,3.02,0.96,101.1,87.9,-1.92,-0.23,-1.92,0.94,0.94,0.94,0.0,-5.04,19.8,0,1,George Mason,2022,2620
Eric Lee,Arizona,MAC,PG,6-3,75,193,FR,2023,18,176.24874836550856,24.478992828542857,5.5,1.1,2.8,14.9,0.591,0.344,0.167,0.756,1.3,4.6,23.4,14.5,1.63,1.67,118.2,94.0,-2.97,-0.26,-2.97,0.76,0.76,0.74,-0.02,-5.04,19.8,0,1,Kansas,2023,2621
Flynn Thomas,Saint Louis,A-10,SF,6-3,75,227,R-JR,2021,24,274.2691455190066,28.569702658229858,8.1,2.8,0.7,34.6,0.53,0.335,0.355,0.9,6.0,9.5,5.7,18.3,1.01,1.3,114.0,102.4,-3.55,-0.49,-3.55,0.86,0.86,0.98,0.12,-5.04,19.8,0,1,Marquette,2021,2622
Paul Green,Florida,OVC,SF,6-5,77,201,R-FR,2021,22,248.5718807819043,28.246804634307303,1.0,1.6,0.8,12.9,0.579,0.336,0.47,0.738,4.2,4.9,6.5,11.0,0.79,1.42,105.5,91.5,-4.55,-0.57,-4.55,0.69,0.69,0.71,0.02,-5.04,19.7,0,1,George Mason,2021,2623
Ben Hall,Duke,Big East,SF,6-7,79,228,FR,2021,23,247.85178511411254,26.940411425447014,6.8,2.4,1.9,25.0,0.468,0.301,0.446,0.684,2.4,10.7,15.5,20.9,1.43,1.41,116.6,105.8,-3.02,-0.37,-3.02,0.93,0.93,0.82,-0.11,-5.04,19.8,0,1,Wake Forest,2021,2624
Grant Roberts,North Carolina,A-10,F,6-7,79,155,FR,2023,26,420.7515727490784,40.456881995103686,8.1,3.3,0.6,14.6,0.52,0.335,0.062,0.611,7.4,11.0,4.9,8.6,2.33,0.69,112.0,97.0,-3.06,-0.64,-3.06,0.86,0.86,0.94,0.08,-5.05,19.7,0,1,Boston College,2023,2625
Marcus Cooper,Arizona,Horizon,PG,6-2,74,242,JR,2021,19,211.88988043572326,27.880247425753062,2.3,2.3,3.5,23.1,0.461,0.36,0.739,0.703,0.2,12.4,29.3,14.2,3.05,1.82,102.5,101.1,-2.25,-0.24,-2.25,0.71,0.71,0.76,0.05,-5.05,19.7,0,1,Louisville,2021,2626
Jordan Phillips,St. Bonaventure,Big Ten,SF,6-5,77,187,JR,2021,31,261.24029472160174,21.06776570335498,12.0,2.5,2.0,26.5,0.532,0.306,0.408,0.691,5.6,8.5,16.9,15.7,3.49,1.49,107.3,102.7,-1.95,-0.25,-1.95,1.0,1.0,0.79,-0.21,-5.06,19.6,0,1,Saint Louis,2021,2627
Eric Roberts,Belmont,ACC,F,6-9,81,206,R-FR,2021,20,216.78492394717478,27.098115493396843,5.2,3.3,0.6,25.5,0.48,0.258,0.005,0.713,4.7,13.3,5.0,15.4,3.46,0.14,111.2,101.3,-3.02,-0.33,-3.02,0.94,0.94,0.76,-0.18,-5.07,19.6,0,1,Alabama,2021,2628
Ivan Thomas,Minnesota,CUSA,SF,6-7,79,201,R-FR,2024,26,140.71402866986145,13.530195064409757,1.0,4.5,0.6,14.6,0.402,0.33,0.514,0.635,5.8,19.5,5.0,18.3,2.58,2.77,115.8,95.1,-2.96,-0.21,-2.96,0.74,0.74,0.76,0.02,-5.07,19.6,0,1,UCLA,2024,2629
Quinn Hill,DePaul,CAA,PG,5-11,71,217,R-JR,2024,36,302.45411899032524,21.00375826321703,5.1,2.1,2.9,18.9,0.535,0.401,0.054,0.519,3.7,8.2,23.8,11.4,2.18,3.5,117.3,99.9,-1.52,-0.23,-1.52,0.77,0.77,0.76,-0.01,-5.07,19.6,0,1,Syracuse,2024,2630
Vince Moore,Dayton,ACC,SG,6-2,74,224,R-JR,2020,22,177.36742943101797,20.155389708070224,6.8,2.4,1.8,17.0,0.486,0.222,0.298,0.799,3.7,9.6,14.7,19.8,1.14,0.54,118.7,98.4,-2.89,-0.26,-2.89,0.94,0.94,0.77,-0.17,-5.07,19.6,0,1,Mississippi State,2020,2631
Tanner Roberts,Utah State,Big East,C,7-2,86,177,R-JR,2021,26,387.0893936711616,37.22013400684246,6.9,5.4,1.0,22.6,0.473,0.308,0.0,0.747,12.6,17.4,8.1,18.6,1.49,4.09,112.1,98.6,-1.36,-0.26,-1.36,0.93,0.93,0.7,-0.23,-5.08,19.5,0,1,Notre Dame,2021,2632
Vince Reed,Ohio State,SEC,SF,6-5,77,166,SR,2023,23,97.63328577453122,10.612313671144696,11.8,3.4,2.3,23.0,0.521,0.403,0.467,0.766,8.0,11.2,18.8,16.8,2.97,1.74,114.5,99.4,-3.26,-0.16,-3.26,0.96,0.96,0.72,-0.24,-5.08,19.5,0,1,Kansas,2023,2633
Eric Carter,Baylor,A-10,PG,6-2,74,199,R-JR,2023,18,87.05520793679963,12.091001102333282,1.0,1.3,4.3,23.0,0.617,0.232,0.177,0.75,1.2,5.8,35.8,28.7,2.35,1.35,119.6,95.2,-3.6,-0.16,-3.6,0.86,0.86,0.94,0.08,-5.09,19.5,0,1,Connecticut,2023,2634
Flynn Anderson,Tulsa,MAAC,F,6-6,78,217,R-FR,2024,23,260.00937455076354,28.26188853812647,5.1,4.3,1.4,26.1,0.509,0.172,0.0,0.644,8.4,15.5,11.6,15.8,2.48,2.06,112.4,99.1,-3.38,-0.44,-3.38,0.74,0.74,0.72,-0.02,-5.1,19.4,0,1,Murray State,2024,2635
Darius Lee,Connecticut,MAAC,SF,6-6,78,214,R-JR,2020,32,363.9226578283638,28.431457642840925,1.0,4.2,2.0,15.3,0.536,0.298,0.607,0.81,7.6,15.8,16.3,15.3,2.25,3.2,107.0,100.5,-4.01,-0.73,-4.01,0.74,0.74,0.74,0.0,-5.1,19.4,0,1,Duquesne,2020,2636
Eric Hall,St. Bonaventure,Big 12,F,6-5,77,177,R-FR,2022,21,181.05659448168103,21.55435648591441,5.3,3.7,1.7,17.7,0.57,0.231,0.223,0.752,7.2,13.3,14.5,14.4,3.19,1.14,104.8,94.9,-3.54,-0.32,-3.54,0.98,0.98,0.74,-0.24,-5.1,19.4,0,1,Memphis,2022,2637
Luka White,Nevada,Sun Belt,SF,6-6,78,181,R-JR,2023,25,370.9713574127695,37.09713574127695,6.0,2.4,2.0,26.4,0.553,0.33,0.268,0.637,2.0,11.3,17.0,20.9,1.39,1.86,111.2,99.1,-3.27,-0.61,-3.27,0.72,0.72,0.98,0.26,-5.11,19.3,0,1,Houston,2023,2638
Brandon Lee,Iowa State,Sun Belt,PF,6-9,81,198,R-FR,2021,30,149.1848693347433,12.432072444561943,5.5,5.5,1.1,21.2,0.478,0.293,0.211,0.778,9.3,21.4,9.3,13.0,2.83,0.86,107.0,96.3,-2.49,-0.19,-2.49,0.72,0.72,0.96,0.24,-5.11,19.3,0,1,Florida State,2021,2639
Flynn Perez,Xavier,AAC,SG,6-3,75,206,FR,2023,22,213.55240943724152,24.26731925423199,9.4,2.1,1.6,28.8,0.534,0.339,0.448,0.679,1.7,10.0,13.5,15.6,2.71,1.85,115.1,93.6,-2.73,-0.29,-2.73,0.83,0.83,1.0,0.17,-5.12,19.3,0,1,UNLV,2023,2640
Sean Martin,Clemson,Big 12,G,6-4,76,194,SR,2020,26,405.9736826138335,39.035931020560916,8.1,2.3,1.3,19.5,0.508,0.291,0.362,0.837,5.2,7.6,10.6,16.7,1.88,2.93,100.5,86.7,-2.65,-0.54,-2.65,0.98,0.98,0.76,-0.22,-5.12,19.3,0,1,Austin Peay,2020,2641
Ivan Martin,St. Bonaventure,SEC,PG,6-1,73,184,JR,2024,19,252.18802512621517,33.182634885028314,10.5,2.4,1.5,18.2,0.493,0.368,0.221,0.797,2.5,11.0,12.2,19.2,2.34,1.67,112.4,99.6,-6.05,-0.76,-6.05,0.96,0.96,0.96,0.0,-5.12,19.3,0,1,Louisville,2024,2642
Sam Scott,Creighton,Big East,SG,6-4,76,229,SO,2023,24,286.3656848732731,29.829758840965948,7.0,1.6,0.9,15.4,0.472,0.417,0.321,0.894,1.1,7.6,7.7,16.1,2.0,1.47,107.0,101.6,-1.26,-0.18,-1.26,0.93,0.93,0.74,-0.19,-5.14,19.1,0,1,Miami,2023,2643
Alex Mitchell,Virginia,Big Ten,C,6-11,83,209,R-JR,2020,25,271.3020599915762,27.130205999157617,4.5,4.4,0.3,16.7,0.438,0.258,0.19,0.75,7.7,16.7,2.1,13.9,1.5,6.37,119.3,96.9,-4.11,-0.56,-4.11,1.0,1.0,0.74,-0.26,-5.14,19.2,0,1,Penn State,2020,2644
Sean Roberts,Alabama,Big Ten,SF,6-4,76,226,JR,2021,37,151.20455001899683,10.216523649932217,1.9,2.0,1.1,14.6,0.459,0.369,0.574,0.671,2.8,8.3,8.8,15.2,2.13,1.93,112.1,102.9,-3.25,-0.25,-3.25,1.0,1.0,0.86,-0.14,-5.15,19.1,0,1,BYU,2021,2645
Isaiah Murphy,Pittsburgh,CAA,SG,6-6,78,225,R-FR,2022,28,548.0790762549841,48.93563180848073,11.0,1.8,1.0,17.8,0.512,0.251,0.429,0.736,3.3,6.7,7.9,10.6,2.38,2.56,97.2,108.3,-6.4,-1.75,-6.4,0.77,0.77,0.86,0.09,-5.15,19.1,0,1,Minnesota,2022,2646
Victor Lopez,Minnesota,AAC,F,6-9,81,206,R-JR,2024,28,405.0768822266818,36.167578770239444,1.7,4.3,0.6,19.2,0.539,0.387,0.116,0.802,6.2,17.7,4.7,13.6,3.65,1.42,109.2,92.0,-1.16,-0.24,-1.16,0.83,0.83,0.72,-0.11,-5.15,19.1,0,1,Saint Mary's,2024,2647
Malik Turner,Eastern Kentucky,OVC,G,6-3,75,197,FR,2021,31,366.84095795022614,29.583948221792433,3.2,2.1,1.5,11.4,0.492,0.281,0.243,0.608,1.7,10.2,12.3,22.4,0.93,1.12,109.6,97.4,-1.31,-0.24,-1.31,0.69,0.69,0.98,0.29,-5.15,19.1,0,1,Northwestern,2021,2648
Jalen Gonzalez,Eastern Kentucky,Big 12,SF,6-7,79,194,SR,2022,22,285.6572740873589,32.461053873563515,7.8,2.7,1.6,17.9,0.514,0.425,0.072,0.765,3.7,11.2,13.0,11.9,1.1,0.1,130.1,97.1,-3.13,-0.45,-3.13,0.98,0.98,0.96,-0.02,-5.15,19.1,0,1,Utah State,2022,2649
Uriah Perez,Connecticut,SEC,PG,6-2,74,193,R-FR,2020,28,410.432809987434,36.64578660602089,5.6,3.8,3.5,13.5,0.594,0.322,0.127,0.756,3.3,18.0,29.2,19.7,2.45,1.18,112.9,99.8,-3.77,-0.77,-3.77,0.96,0.96,1.0,0.04,-5.16,19.0,0,1,Tulsa,2020,2650
Chris Rivera,Marquette,Big Ten,SG,6-4,76,155,R-FR,2020,35,489.7641202777504,34.983151448410744,7.6,1.7,2.3,18.7,0.514,0.271,0.339,0.749,2.5,6.7,19.0,13.0,1.77,1.64,120.7,97.1,-3.25,-0.8,-3.25,1.0,1.0,0.86,-0.14,-5.17,19.0,0,1,UNLV,2020,2651
Ivan Collins,St. John's,Big 12,C,6-11,83,215,FR,2022,32,508.1197976396743,39.696859190599554,7.9,6.3,0.8,21.6,0.534,0.14,0.189,0.699,12.2,22.8,7.0,5.4,0.6,8.02,110.1,89.4,-3.0,-0.76,-3.0,0.98,0.98,0.93,-0.05,-5.18,18.9,0,1,TCU,2022,2652
Chris Edwards,Northwestern,CAA,PF,6-7,79,206,R-FR,2021,31,395.4278607880485,31.889343611939395,1.4,4.9,0.2,19.5,0.487,0.238,0.312,0.62,6.9,20.3,1.0,9.3,1.31,5.0,111.2,110.9,-3.53,-0.7,-3.53,0.77,0.77,0.72,-0.05,-5.19,18.8,0,1,Boise State,2021,2653
Paul Murphy,St. Bonaventure,A-10,C,7-0,84,181,JR,2022,30,546.8232554569396,45.56860462141164,4.2,4.8,1.0,10.2,0.535,0.302,0.412,0.758,11.9,14.6,8.7,14.0,2.64,6.48,101.6,93.8,-3.67,-1.0,-3.67,0.86,0.86,0.98,0.12,-5.19,18.9,0,1,Indiana,2022,2654
Tanner Garcia,Georgia,Horizon,W,6-6,78,238,R-JR,2021,35,666.7640243565572,47.62600173975409,4.0,2.8,2.1,17.3,0.548,0.367,0.635,0.755,3.4,12.3,17.8,14.7,2.96,0.88,109.2,101.2,0.12,0.04,0.12,0.71,0.71,1.0,0.29,-5.19,18.8,0,1,Northwestern,2021,2655
Cade Evans,Utah State,WCC,G,6-3,75,193,R-FR,2020,30,686.1468259221523,57.17890216017936,8.0,1.3,3.4,18.6,0.531,0.303,0.229,0.819,0.2,6.9,28.2,9.6,2.38,0.63,110.8,97.7,-5.62,-1.93,-5.62,0.82,0.82,0.76,-0.06,-5.2,18.8,0,1,Illinois,2020,2656
Henry Rodriguez,Seton Hall,AAC,SF,6-7,79,183,R-JR,2020,37,616.5149779002081,41.65641742568974,6.3,3.4,1.2,18.3,0.544,0.347,0.402,0.696,3.2,15.9,10.0,17.8,2.73,2.91,116.6,84.7,-3.56,-1.1,-3.56,0.83,0.83,0.94,0.11,-5.2,18.8,0,1,St. Bonaventure,2020,2657
Grant Gonzalez,Minnesota,MAC,SF,6-7,79,211,R-FR,2024,29,506.59241687436264,43.671760075376085,3.9,3.3,1.2,16.8,0.35,0.384,0.465,0.891,4.9,13.5,9.6,7.8,2.56,1.11,128.3,95.4,-4.44,-1.12,-4.44,0.76,0.76,0.74,-0.02,-5.21,18.7,0,1,Auburn,2024,2658
Jake Garcia,Texas,Big East,F,6-9,81,236,R-JR,2022,28,430.7003849899403,38.455391516958954,7.3,4.6,0.2,18.8,0.527,0.256,0.319,0.524,10.2,15.6,1.4,8.6,2.16,1.6,116.5,103.1,-3.96,-0.85,-3.96,0.93,0.93,1.0,0.07,-5.23,18.6,0,1,Duke,2022,2659
Andrej Martinez,Texas,Big East,SF,6-6,78,207,R-SO,2022,20,130.88006595039468,16.360008243799335,1.0,3.1,1.1,17.3,0.53,0.358,0.446,0.762,3.2,14.1,9.2,16.8,3.42,2.22,109.2,101.7,-4.29,-0.28,-4.29,0.93,0.93,1.0,0.07,-5.23,18.6,0,1,Duquesne,2022,2660
Sean Parker,Vanderbilt,ACC,PF,6-6,78,223,JR,2022,24,431.3799568708522,44.93541217404711,8.5,6.0,0.2,16.1,0.541,0.192,0.074,0.457,4.7,28.7,1.0,6.5,3.94,2.1,107.6,98.1,-3.88,-0.84,-3.88,0.94,0.94,1.0,0.06,-5.24,18.5,0,1,William & Mary,2022,2661
Ryan Martin,St. Bonaventure,Big 12,PG,6-1,73,199,R-FR,2022,31,607.0188098334056,48.95312982527465,5.1,2.6,3.2,20.3,0.564,0.427,0.423,0.641,3.8,10.8,26.4,16.0,2.48,2.89,115.1,89.2,-1.49,-0.45,-1.49,0.98,0.98,0.82,-0.16,-5.24,18.5,0,1,Florida State,2022,2662
Trevion Allen,Hofstra,Sun Belt,SG,6-3,75,193,R-JR,2020,31,588.9965021047087,47.49971791167006,10.8,1.3,2.6,27.3,0.507,0.295,0.329,0.572,2.0,5.4,21.7,19.4,2.26,1.97,105.3,83.9,-2.34,-0.69,-2.34,0.72,0.72,0.76,0.04,-5.25,18.5,0,1,James Madison,2020,2663
Omar Martinez,Oregon,AAC,F,6-5,77,172,R-JR,2022,32,606.4321112457842,47.37750869107688,1.1,3.5,1.0,23.6,0.405,0.327,0.079,0.625,2.9,16.3,8.3,14.8,2.47,0.44,110.0,97.2,-4.02,-1.22,-4.02,0.83,0.83,0.96,0.13,-5.25,18.5,0,1,Baylor,2022,2664
Tyler Scott,Clemson,WAC,G,6-1,73,213,R-JR,2022,12,109.50526843247239,22.813597590098414,11.5,1.5,3.1,20.2,0.578,0.338,0.525,0.667,1.6,6.9,25.4,22.4,3.83,1.9,110.4,104.5,-2.13,-0.12,-2.13,0.7,0.7,0.69,-0.01,-5.25,18.5,0,1,Georgia,2022,2665
Tanner Cooper,Alabama,Big East,PG,6-3,75,185,R-FR,2024,36,221.88788822922194,15.408881127029302,5.6,2.3,1.6,19.7,0.559,0.346,0.505,0.653,2.5,10.1,13.6,20.8,4.71,0.1,118.5,91.0,-3.72,-0.41,-3.72,0.93,0.93,0.98,0.05,-5.26,18.5,0,1,Saint Louis,2024,2666
Will Cooper,Arizona,Horizon,F,6-9,81,216,R-JR,2020,22,505.8744873528859,57.485737199191576,4.2,4.2,0.2,16.8,0.532,0.261,0.237,0.541,5.0,18.2,2.0,10.7,0.68,0.1,118.0,99.8,-1.58,-0.4,-1.58,0.71,0.71,0.7,-0.01,-5.27,18.4,0,1,Pittsburgh,2020,2667
Omar Murphy,Syracuse,SEC,PG,5-11,71,209,R-SO,2022,25,295.3510978984169,29.53510978984169,6.7,1.0,2.1,19.3,0.572,0.284,0.719,0.634,1.2,4.4,17.2,21.7,0.62,1.66,106.8,93.3,-4.32,-0.64,-4.32,0.96,0.96,0.94,-0.02,-5.27,18.4,0,1,Fordham,2022,2668
Andre Bell,St. Bonaventure,Sun Belt,G,6-3,75,188,R-FR,2023,34,637.5546202222807,46.87901619281476,5.9,1.8,2.4,22.1,0.492,0.337,0.206,0.683,3.4,6.5,19.7,17.1,4.31,0.1,113.9,97.6,-2.89,-0.92,-2.89,0.72,0.72,0.74,0.02,-5.27,18.4,0,1,Seton Hall,2023,2669
Jordan Stewart,Providence,ACC,G,6-1,73,197,R-JR,2020,19,290.14910131181944,38.177513330502556,10.1,2.3,1.4,32.7,0.505,0.382,0.214,0.658,3.7,9.0,11.4,9.2,2.91,1.22,118.6,100.3,-2.19,-0.32,-2.19,0.94,0.94,0.69,-0.25,-5.27,18.4,0,1,North Carolina,2020,2670
Damian Collins,Virginia,ACC,PF,6-9,81,222,JR,2022,32,296.56553219599084,23.169182202811783,7.1,4.7,0.9,22.1,0.478,0.307,0.214,0.608,9.1,17.1,7.9,14.5,0.94,2.86,109.5,107.4,-4.69,-0.69,-4.69,0.94,0.94,0.72,-0.22,-5.27,18.4,0,1,Davidson,2022,2671
Tanner Stewart,Miami,OVC,G,6-2,74,206,JR,2021,22,204.01153443625708,23.183128913211036,4.7,1.9,2.6,15.3,0.477,0.358,0.56,0.682,4.0,6.3,21.3,26.9,2.02,2.57,103.8,99.1,-3.58,-0.37,-3.58,0.69,0.69,0.86,0.17,-5.27,18.4,0,1,Saint Mary's,2021,2672
Sam Young,Wake Forest,A-10,F,6-8,80,197,R-JR,2020,22,348.915704653678,39.64951189246341,6.3,4.6,0.9,17.0,0.499,0.127,0.343,0.568,2.9,22.7,7.7,10.9,1.92,2.57,105.6,102.1,-3.39,-0.59,-3.39,0.86,0.86,0.82,-0.04,-5.28,18.3,0,1,Murray State,2020,2673
Andre King,Nevada,Big East,SG,6-1,73,263,R-FR,2022,28,93.06228046273964,8.309132184173182,3.6,1.7,1.8,21.2,0.486,0.336,0.62,0.678,1.0,8.5,15.1,19.4,3.04,1.86,121.4,91.1,-3.13,-0.15,-3.13,0.93,0.93,0.76,-0.17,-5.29,18.2,0,1,Tennessee Tech,2022,2674
Tyler Anderson,Alabama,ACC,PG,6-3,75,190,R-FR,2021,25,357.00471107914404,35.7004711079144,10.1,2.0,2.1,15.7,0.566,0.369,0.412,0.754,4.3,6.6,17.4,9.6,0.2,1.32,110.5,91.7,-2.79,-0.5,-2.79,0.94,0.94,0.74,-0.2,-5.29,18.2,0,1,Duke,2021,2675
Zion Rivera,USC,ACC,PF,6-10,82,178,R-JR,2024,22,435.29431099920384,49.46526261354589,12.4,3.0,0.2,26.4,0.521,0.298,0.503,0.692,5.6,10.8,1.6,17.4,1.09,0.48,107.6,94.7,-2.26,-0.49,-2.26,0.94,0.94,0.79,-0.15,-5.29,18.3,0,1,Florida,2024,2676
Andrej Anderson,USC,Sun Belt,PF,6-11,83,209,R-FR,2021,24,273.65582477597354,28.505815080830583,4.7,5.5,0.2,20.5,0.498,0.233,0.207,0.749,8.7,21.6,1.0,9.9,3.09,2.34,102.0,98.4,-1.4,-0.19,-1.4,0.72,0.72,0.98,0.26,-5.3,18.2,0,1,LSU,2021,2677
Cade Martinez,Boise State,MVC,C,6-9,81,202,R-JR,2023,32,294.3764758956442,22.998162179347204,4.1,3.5,0.6,17.6,0.478,0.229,0.228,0.804,7.9,11.6,4.7,13.4,4.04,5.48,106.5,103.4,-2.26,-0.33,-2.26,0.79,0.79,0.74,-0.05,-5.3,18.2,0,1,Notre Dame,2023,2678
Ryan Bell,Iowa State,ACC,C,6-9,81,224,R-FR,2022,29,92.8,8.0,8.2,4.0,1.3,18.3,0.467,0.176,0.13,0.725,10.1,12.1,10.6,16.0,1.71,4.5,92.8,92.9,-1.24,-0.06,-1.24,0.94,0.94,0.7,-0.24,-5.31,18.1,0,1,Louisville,2022,2679
Uriah Edwards,Syracuse,Big East,W,6-6,78,207,R-SO,2024,26,247.90257188841335,23.836785758501282,7.7,3.6,1.4,18.2,0.626,0.367,0.344,0.797,8.3,11.9,12.0,12.3,0.47,1.6,113.2,93.4,-3.42,-0.42,-3.42,0.93,0.93,0.7,-0.23,-5.31,18.1,0,1,Purdue,2024,2680
Elijah Reed,Stanford,Big Ten,SG,6-3,75,166,R-FR,2024,30,622.623711272142,51.885309272678505,9.5,1.5,1.9,21.7,0.392,0.36,0.331,0.626,1.6,7.0,15.8,17.2,0.2,1.76,111.7,99.0,-3.73,-1.16,-3.73,1.0,1.0,0.94,-0.06,-5.31,18.1,0,1,Murray State,2024,2681
Ben Scott,Iowa,Sun Belt,W,6-6,78,214,R-JR,2022,29,405.9569075625493,34.996285134702525,5.8,2.4,1.1,17.9,0.483,0.449,0.171,0.631,2.4,10.9,9.0,18.8,3.71,1.39,100.9,109.6,-3.55,-0.72,-3.55,0.72,0.72,0.74,0.02,-5.31,18.2,0,1,North Carolina,2022,2682
Quinn Wilson,UCLA,SEC,PG,6-1,73,189,R-FR,2021,34,176.43541512720532,12.973192288765098,10.2,1.7,4.6,24.4,0.542,0.299,0.421,0.605,2.5,7.0,38.4,20.7,0.2,1.5,113.8,95.3,-2.24,-0.2,-2.24,0.96,0.96,0.76,-0.2,-5.32,18.1,0,1,TCU,2021,2683
Tyrese Green,Pittsburgh,ACC,PG,6-0,72,180,R-FR,2022,24,351.1617795839395,36.579352039993694,1.0,1.2,2.6,15.0,0.491,0.417,0.455,0.672,1.8,5.0,21.5,18.9,0.2,0.54,104.4,104.8,-3.13,-0.55,-3.13,0.94,0.94,0.69,-0.25,-5.33,18.0,0,1,Nebraska,2022,2684
Tyler Bell,Oregon,WAC,PG,6-4,76,191,FR,2023,29,331.55391375459027,28.582233944361228,7.0,2.4,3.9,25.6,0.473,0.251,0.304,0.697,3.2,10.0,32.4,18.4,1.48,1.35,106.9,102.3,-3.2,-0.53,-3.2,0.7,0.7,0.93,0.23,-5.33,18.0,0,1,Cincinnati,2023,2685
Darius Gonzalez,Marquette,Big East,SF,6-5,77,210,R-JR,2021,19,371.97530173877993,48.94411864983947,3.9,3.8,2.0,12.9,0.39,0.312,0.143,0.591,3.7,17.3,16.3,14.9,3.86,3.21,100.2,92.2,-3.8,-0.71,-3.8,0.93,0.93,0.96,0.03,-5.33,18.0,0,1,DePaul,2021,2686
Henry Morris,Auburn,Sun Belt,SF,6-6,78,193,R-SO,2020,26,107.15678574352424,10.303537090723484,5.4,2.4,2.6,16.5,0.459,0.279,0.163,0.754,6.2,7.3,22.0,10.3,2.87,0.1,105.4,86.9,-3.98,-0.21,-3.98,0.72,0.72,0.74,0.02,-5.33,18.0,0,1,Pittsburgh,2020,2687
Quinn White,Belmont,ACC,F,6-5,77,212,R-FR,2021,24,210.3386563568319,21.910276703836658,3.3,3.1,1.1,25.4,0.492,0.285,0.104,0.733,5.9,11.2,9.5,10.2,2.19,0.1,102.7,98.0,-4.39,-0.46,-4.39,0.94,0.94,0.98,0.04,-5.34,18.0,0,1,Cincinnati,2021,2688
Luka Murphy,Utah State,CAA,W,6-7,79,216,R-JR,2020,23,348.0669039833559,37.833359128625645,4.8,3.1,2.0,17.4,0.497,0.27,0.132,0.662,4.8,12.4,16.8,14.8,1.94,0.58,117.0,98.3,-2.07,-0.36,-2.07,0.77,0.77,0.86,0.09,-5.35,17.9,0,1,Belmont,2020,2689
Blake Garcia,BYU,Big East,SG,6-0,72,210,JR,2023,26,382.12467472172506,36.742757184781254,9.1,1.5,2.6,22.7,0.478,0.367,0.304,0.647,2.2,6.3,21.6,15.3,2.21,0.57,115.5,94.6,-2.67,-0.51,-2.67,0.93,0.93,0.77,-0.16,-5.35,17.9,0,1,Minnesota,2023,2690
Cameron Collins,Notre Dame,ACC,G,6-2,74,223,R-JR,2022,27,214.68998784144858,19.878702577911906,6.4,2.2,2.7,29.8,0.485,0.381,0.515,0.894,4.5,7.6,22.2,29.8,1.46,1.33,101.6,87.3,-2.32,-0.25,-2.32,0.94,0.94,0.96,0.02,-5.36,17.9,0,1,North Carolina,2022,2691
Chris Harris,Kentucky,MAC,PF,6-8,80,180,R-JR,2020,23,521.0463284664686,56.63547048548571,7.8,4.7,1.1,21.9,0.504,0.225,0.218,0.68,7.6,18.2,9.3,12.6,1.6,3.11,109.1,98.7,-1.59,-0.41,-1.59,0.76,0.76,0.79,0.03,-5.36,17.9,0,1,Florida,2020,2692
Ben Edwards,Iowa,ACC,C,6-10,82,230,SR,2023,37,240.2874956874622,16.235641600504202,2.9,5.7,1.0,21.3,0.452,0.32,0.2,0.707,11.5,20.1,8.3,9.6,2.03,4.05,107.5,98.7,-3.77,-0.45,-3.77,0.94,0.94,0.82,-0.12,-5.36,17.9,0,1,St. Bonaventure,2023,2693
Flynn Taylor,Florida,Big Ten,SF,6-7,79,171,R-FR,2020,35,399.7959290025168,28.556852071608347,7.0,4.3,1.5,18.9,0.472,0.353,0.408,0.841,6.6,17.3,12.2,11.0,1.97,0.34,113.3,95.7,-2.85,-0.57,-2.85,1.0,1.0,0.76,-0.24,-5.36,17.8,0,1,George Mason,2020,2694
Andre Brown,DePaul,ACC,SG,6-2,74,197,JR,2021,30,735.2560722074427,61.271339350620224,3.3,1.7,1.3,14.2,0.524,0.336,0.483,0.745,1.5,7.8,10.9,20.7,3.09,0.98,101.1,99.9,-2.69,-0.99,-2.69,0.94,0.94,0.83,-0.11,-5.37,17.8,0,1,Tennessee,2021,2695
Omar Hill,Louisville,Big Ten,PF,6-7,79,169,R-JR,2021,22,184.31178752071867,20.944521309172575,8.4,4.8,1.0,19.5,0.453,0.225,0.158,0.82,7.8,18.7,8.1,16.6,3.86,3.33,114.9,110.5,-3.7,-0.34,-3.7,1.0,1.0,0.79,-0.21,-5.37,17.8,0,1,Wake Forest,2021,2696
Andrej Hernandez,Murray State,AAC,C,6-11,83,195,R-FR,2021,22,543.8971901354821,61.80649887903206,2.8,6.0,1.4,14.7,0.465,0.359,0.124,0.722,15.5,17.9,11.8,13.8,1.61,7.15,102.5,106.7,-2.65,-0.72,-2.65,0.83,0.83,0.98,0.15,-5.37,17.8,0,1,UNLV,2021,2697
Brandon White,Indiana,ACC,SG,6-4,76,188,R-FR,2021,36,141.91328496910373,9.855089233965536,2.8,2.3,0.7,18.5,0.596,0.331,0.267,0.672,2.5,10.2,5.4,15.5,3.72,1.12,103.7,104.6,-3.18,-0.23,-3.18,0.94,0.94,0.71,-0.23,-5.37,17.8,0,1,Connecticut,2021,2698
Evan Collins,George Mason,Big 12,PG,6-3,75,189,JR,2023,23,73.60000000000001,8.0,8.0,1.8,2.9,23.6,0.531,0.292,0.656,0.68,1.4,8.5,24.4,18.2,2.15,2.04,121.3,92.2,-2.13,-0.08,-2.13,0.98,0.98,0.76,-0.22,-5.37,17.8,0,1,Tennessee,2023,2699
Quinn Bailey,Butler,SEC,G,6-2,74,192,R-FR,2022,34,126.48585005068078,9.300430150785353,6.5,2.2,2.7,12.9,0.569,0.344,0.534,0.783,1.5,10.9,22.1,19.9,1.28,0.1,105.2,101.4,-1.32,-0.08,-1.32,0.96,0.96,0.71,-0.25,-5.38,17.7,0,1,Tulsa,2022,2700
Quinn Wright,Iowa,MVC,W,6-5,77,213,R-FR,2020,20,313.69879979684583,39.21234997460573,4.5,2.7,2.0,23.4,0.47,0.351,0.307,0.546,5.4,9.5,16.4,11.9,0.45,0.12,106.0,99.5,-3.98,-0.62,-3.98,0.79,0.79,0.71,-0.08,-5.38,17.7,0,1,Eastern Kentucky,2020,2701
Ben Davis,Virginia Tech,CUSA,SF,6-4,76,186,SR,2023,25,412.5113823273878,41.25113823273878,4.5,2.6,1.5,15.0,0.501,0.299,0.489,0.618,0.7,13.6,12.8,17.7,1.43,2.52,115.7,102.1,-4.23,-0.87,-4.23,0.74,0.74,0.72,-0.02,-5.39,17.7,0,1,USC,2023,2702
Nathan Thompson,Iowa,MAAC,C,6-11,83,209,R-FR,2020,28,525.2982063379269,46.90162556588633,10.1,3.5,1.1,19.4,0.401,0.292,0.174,0.655,13.1,6.1,9.4,12.4,4.29,4.46,111.6,99.8,-2.62,-0.69,-2.62,0.74,0.74,0.74,0.0,-5.39,17.6,0,1,Illinois,2020,2703
Wade Hernandez,Wisconsin,MVC,PF,6-7,79,210,JR,2023,30,590.1836841098238,49.181973675818654,1.1,3.9,0.7,17.2,0.523,0.406,0.058,0.713,10.3,11.5,6.0,10.4,3.06,3.41,99.0,89.6,-2.73,-0.81,-2.73,0.79,0.79,0.76,-0.03,-5.4,17.6,0,1,Kentucky,2023,2704
Andrej Clark,North Carolina,ACC,W,6-6,78,200,R-FR,2024,30,341.54025631316574,28.461688026097143,4.8,3.3,2.3,17.5,0.48,0.365,0.49,0.754,5.3,13.1,18.8,9.6,2.2,0.1,115.5,93.5,-3.06,-0.52,-3.06,0.94,0.94,0.96,0.02,-5.41,17.5,0,1,Nevada,2024,2705
Tyrese Parker,DePaul,SEC,F,6-6,78,214,SR,2021,27,549.5983019652404,50.88873166344818,2.7,4.6,1.1,22.5,0.439,0.41,0.348,0.601,7.6,17.8,8.9,13.3,1.86,0.58,116.4,91.4,-2.92,-0.8,-2.92,0.96,0.96,0.7,-0.26,-5.41,17.5,0,1,San Diego State,2021,2706
Zion Reed,Minnesota,Big Ten,PF,6-8,80,209,R-JR,2024,30,211.75067045495615,17.64588920457968,15.6,5.6,1.1,20.1,0.474,0.352,0.318,0.658,11.7,19.4,9.5,13.0,2.18,2.32,108.4,106.6,-2.05,-0.22,-2.05,1.0,1.0,0.93,-0.07,-5.41,17.6,0,1,James Madison,2024,2707
Evan Gonzalez,Marquette,Big Ten,SG,6-4,76,210,SO,2024,24,76.8,8.0,8.5,2.3,1.7,17.8,0.528,0.325,0.214,0.731,2.5,10.3,13.8,11.5,2.34,1.86,110.6,105.4,-3.48,-0.13,-3.48,1.0,1.0,0.71,-0.29,-5.42,17.5,0,1,Maryland,2024,2708
Evan Moore,Villanova,CAA,W,6-6,78,181,R-FR,2024,25,161.228831421291,16.1228831421291,4.1,3.6,1.9,13.9,0.457,0.349,0.54,0.544,6.0,14.2,16.2,13.1,1.6,2.26,111.8,87.6,-2.57,-0.21,-2.57,0.77,0.77,0.83,0.06,-5.42,17.5,0,1,Virginia Tech,2024,2709
Elijah Moore,LSU,WAC,SG,6-4,76,212,R-FR,2020,32,514.3780411184364,40.185784462377846,6.8,1.9,1.6,19.4,0.392,0.263,0.245,0.729,2.4,8.1,13.4,13.3,2.19,3.06,113.0,93.6,-4.1,-1.06,-4.1,0.7,0.7,0.7,0.0,-5.42,17.5,0,1,Tennessee Tech,2020,2710
Vince Wright,Butler,Ivy,F,6-5,77,217,R-FR,2020,35,338.9793621705044,24.212811583607454,6.3,2.3,0.6,18.6,0.426,0.247,0.395,0.717,1.2,11.4,4.9,15.3,3.01,1.2,104.1,103.5,-5.34,-0.91,-5.34,0.71,0.71,0.74,0.03,-5.43,17.4,0,1,UNLV,2020,2711
Uriah Cooper,Florida State,Big Ten,PF,6-6,78,189,JR,2022,24,76.8,8.0,2.3,5.5,1.1,16.6,0.553,0.324,0.052,0.819,5.5,25.2,9.1,8.2,1.3,5.37,101.7,99.4,-1.72,-0.07,-1.72,1.0,1.0,0.83,-0.17,-5.43,17.4,0,1,Duquesne,2022,2712
Mike Lopez,Georgia,A-10,PF,6-7,79,177,R-JR,2020,23,246.0413464389266,26.743624612926805,10.5,2.1,1.1,20.9,0.437,0.229,0.106,0.701,1.3,10.3,9.5,7.9,2.25,2.66,111.0,89.0,-3.9,-0.48,-3.9,0.86,0.86,0.82,-0.04,-5.43,17.4,0,1,Miami,2020,2713
Eric Davis,Xavier,CUSA,SF,6-5,77,215,R-FR,2024,28,106.957279062036,9.549757059110355,12.8,3.4,1.7,14.9,0.505,0.298,0.455,0.67,3.1,15.6,13.9,15.3,3.29,3.05,91.8,98.4,-5.03,-0.27,-5.03,0.74,0.74,0.82,0.08,-5.44,17.3,0,1,Saint Louis,2024,2714
Grant Williams,Nebraska,AAC,SG,6-4,76,199,R-JR,2024,27,86.4,8.0,9.2,1.4,1.2,19.4,0.485,0.221,0.152,0.746,0.2,7.4,9.8,10.4,2.29,1.53,114.1,92.1,-3.72,-0.16,-3.72,0.83,0.83,0.72,-0.11,-5.44,17.4,0,1,Butler,2024,2715
Ivan Sanchez,Eastern Kentucky,SEC,PF,6-7,79,166,FR,2021,23,417.11025831541696,45.338071556023586,10.8,3.2,2.1,25.1,0.547,0.355,0.0,0.561,5.3,12.7,17.4,13.3,0.93,2.01,123.5,105.9,-3.08,-0.64,-3.08,0.96,0.96,1.0,0.04,-5.45,17.3,0,1,Kentucky,2021,2716
Kevin Moore,Baylor,A-10,F,6-9,81,222,JR,2021,19,114.71991913793619,15.094726202360027,9.1,4.3,1.8,26.9,0.599,0.327,0.055,0.863,7.3,16.7,14.7,14.3,4.4,1.75,108.8,94.9,-2.89,-0.17,-2.89,0.86,0.86,0.7,-0.16,-5.47,17.2,0,1,George Mason,2021,2717
Uriah Morgan,Marquette,CAA,F,6-7,79,233,R-FR,2021,37,453.8746204920932,30.667204087303595,6.2,4.4,0.2,22.9,0.468,0.202,0.0,0.781,9.2,15.3,1.0,10.4,2.47,0.42,110.4,95.1,-4.25,-0.96,-4.25,0.77,0.77,0.74,-0.03,-5.48,17.1,0,1,Auburn,2021,2718
Omar Johnson,Auburn,CUSA,F,6-10,82,212,SR,2020,22,215.25753498686396,24.46108352123454,2.1,4.0,1.5,11.7,0.431,0.224,0.077,0.828,9.1,12.9,12.4,14.8,1.77,2.79,117.0,97.2,-2.27,-0.24,-2.27,0.74,0.74,0.94,0.2,-5.48,17.1,0,1,Connecticut,2020,2719
Coleman Hill,Stanford,AAC,W,6-7,79,227,SO,2024,20,317.66857128354104,39.70857141044263,7.4,4.2,1.3,22.8,0.595,0.431,0.374,0.65,7.1,16.1,10.4,6.0,0.37,1.76,124.2,90.9,-0.45,-0.07,-0.45,0.83,0.83,0.7,-0.13,-5.48,17.1,0,1,Wake Forest,2024,2720
Ryan Lopez,Vanderbilt,WAC,SG,6-4,76,191,SR,2024,20,115.8334811178306,14.479185139728825,5.1,1.8,2.1,21.2,0.527,0.429,0.28,0.727,3.0,7.2,17.7,17.1,2.53,1.24,107.7,91.0,-2.49,-0.14,-2.49,0.7,0.7,0.71,0.01,-5.48,17.1,0,1,Iowa,2024,2721
Reed Taylor,Davidson,Big 12,C,6-10,82,186,FR,2020,25,291.58583819391646,29.158583819391648,5.4,2.1,1.2,20.6,0.409,0.237,0.092,0.845,2.2,9.7,9.9,10.7,1.68,5.18,110.2,92.2,-4.14,-0.6,-4.14,0.98,0.98,0.93,-0.05,-5.49,17.1,0,1,Fordham,2020,2722
Derek Gonzalez,Butler,Big East,PF,6-8,80,211,JR,2021,36,380.1701282894222,26.4007033534321,10.8,3.6,1.1,24.7,0.505,0.468,0.426,0.686,6.9,13.3,9.5,6.6,4.46,3.19,110.6,100.0,-3.17,-0.6,-3.17,0.93,0.93,0.96,0.03,-5.49,17.1,0,1,St. John's,2021,2723
Grant Nelson,Providence,Big 12,SF,6-6,78,205,R-JR,2024,25,343.24466814156017,34.32446681415602,7.0,4.9,0.6,16.1,0.449,0.318,0.336,0.645,5.5,21.8,5.4,18.5,2.18,1.06,92.8,102.7,-4.59,-0.79,-4.59,0.98,0.98,0.69,-0.29,-5.49,17.1,0,1,Memphis,2024,2724
Jalen Sanchez,Creighton,AAC,SF,6-7,79,209,R-JR,2024,29,560.6934697039062,48.33564393999192,7.1,2.4,2.4,16.6,0.582,0.29,0.382,0.697,5.0,8.2,20.0,12.5,3.63,1.51,116.8,102.0,-1.92,-0.54,-1.92,0.83,0.83,0.71,-0.12,-5.5,17.0,0,1,Texas,2024,2725
Paul Thompson,Creighton,CAA,C,6-9,81,195,R-JR,2020,28,359.86121287219135,32.130465435017086,8.4,4.0,1.1,18.9,0.521,0.255,0.209,0.654,8.0,14.0,9.4,14.0,1.99,0.3,115.1,99.6,-2.87,-0.52,-2.87,0.77,0.77,0.96,0.19,-5.5,17.0,0,1,Penn State,2020,2726
Tyler Adams,Illinois,A-10,SG,6-2,74,208,R-SO,2020,24,318.78438218973827,33.206706478097736,6.3,1.6,1.5,17.0,0.427,0.332,0.458,0.713,3.9,5.1,12.1,20.6,0.27,1.05,100.0,97.4,-3.68,-0.59,-3.68,0.86,0.86,0.74,-0.12,-5.51,16.9,0,1,Florida State,2020,2727
Henry Lopez,Fordham,Big 12,PF,6-7,79,173,JR,2022,30,362.29724615763445,30.191437179802872,2.3,4.8,1.7,28.2,0.52,0.334,0.165,0.766,8.7,18.2,14.2,8.9,2.22,7.47,112.9,95.9,-3.29,-0.6,-3.29,0.98,0.98,0.86,-0.12,-5.52,16.9,0,1,Rutgers,2022,2728
Omar Wilson,Wisconsin,A-10,C,7-0,84,194,R-JR,2024,19,118.82663300090192,15.635083289592359,6.3,4.9,1.1,26.2,0.517,0.34,0.343,0.773,5.6,21.8,9.4,9.5,2.38,4.36,121.7,95.5,-1.3,-0.08,-1.3,0.86,0.86,0.82,-0.04,-5.52,16.9,0,1,North Carolina,2024,2729
Grant Bailey,Indiana,OVC,C,6-9,81,231,SO,2020,25,337.02808936968245,33.702808936968246,11.9,5.1,1.4,23.7,0.452,0.342,0.313,0.645,12.6,15.5,11.6,10.2,1.98,0.3,106.6,99.8,-2.15,-0.36,-2.15,0.69,0.69,0.79,0.1,-5.52,16.9,0,1,Seton Hall,2020,2730
Mike Collins,Wake Forest,Big 12,C,6-11,83,224,R-JR,2022,29,92.8,8.0,4.7,4.9,1.3,20.0,0.498,0.309,0.21,0.517,7.3,20.0,10.7,8.9,1.04,5.74,113.3,91.2,-3.39,-0.16,-3.39,0.98,0.98,0.74,-0.24,-5.52,16.9,0,1,Ohio State,2022,2731
Luke Garcia,LSU,Ivy,SF,6-7,79,184,R-SO,2021,29,354.6354513745461,30.57202167021949,9.9,3.6,1.7,20.1,0.498,0.333,0.582,0.809,6.4,13.8,14.2,22.1,2.58,3.25,117.8,102.7,-4.23,-0.75,-4.23,0.71,0.71,0.94,0.23,-5.52,16.9,0,1,Austin Peay,2021,2732
Sean King,Ohio State,SEC,F,6-8,80,181,R-FR,2023,31,591.785437857714,47.72463208529952,4.9,4.5,1.1,15.6,0.471,0.347,0.276,0.676,2.3,22.6,9.3,11.8,0.2,2.03,108.9,94.9,-3.47,-1.03,-3.47,0.96,0.96,0.69,-0.27,-5.53,16.8,0,1,Air Force,2023,2733
Nathan Stewart,Fordham,Big 12,PF,6-10,82,212,R-FR,2020,26,487.78450947815963,46.90235668059227,4.8,5.1,1.0,22.6,0.43,0.27,0.011,0.737,6.8,21.6,8.5,13.6,1.91,0.71,115.5,93.6,-5.76,-1.4,-5.76,0.98,0.98,0.77,-0.21,-5.53,16.8,0,1,William & Mary,2020,2734
Trevion Taylor,SMU,Horizon,PG,6-1,73,213,R-JR,2024,20,397.15210163925457,49.64401270490682,3.6,2.6,3.5,15.9,0.515,0.267,0.05,0.671,2.1,12.1,29.3,20.5,2.94,2.35,114.2,107.5,-3.29,-0.65,-3.29,0.71,0.71,0.71,0.0,-5.54,16.8,0,1,Fordham,2024,2735
Sam Walker,Oklahoma,AAC,C,6-11,83,218,R-FR,2020,24,76.8,8.0,2.3,3.0,0.9,19.0,0.523,0.318,0.291,0.755,7.8,8.8,7.2,13.5,1.11,6.08,117.7,99.4,-7.68,-0.29,-7.68,0.83,0.83,1.0,0.17,-5.54,16.7,0,1,Dayton,2020,2736
Derek Martinez,Oregon,MAAC,G,6-3,75,175,FR,2023,23,350.1581012352611,38.06066317774577,4.4,1.9,1.1,10.1,0.401,0.344,0.45,0.716,1.9,8.9,9.1,7.9,0.74,1.32,114.3,93.0,-5.68,-0.99,-5.68,0.74,0.74,0.79,0.05,-5.55,16.7,0,1,Minnesota,2023,2737
Tyler Clark,Penn State,CAA,G,6-4,76,211,JR,2021,26,282.34037395828653,27.148112880604472,7.4,2.0,0.9,19.1,0.517,0.267,0.504,0.818,1.9,9.1,7.7,17.9,4.12,2.3,111.6,98.7,-2.23,-0.31,-2.23,0.77,0.77,0.86,0.09,-5.55,16.7,0,1,Florida,2021,2738
Vince Walker,Alabama,OVC,SG,6-4,76,223,R-JR,2024,37,665.9297329739227,44.99525222796775,7.1,2.3,2.3,19.4,0.453,0.264,0.442,0.72,5.4,7.2,18.8,5.7,2.35,0.63,113.8,106.1,-3.01,-1.0,-3.01,0.69,0.69,0.94,0.25,-5.55,16.7,0,1,Rutgers,2024,2739
Chris Wilson,Maryland,MAC,SF,6-7,79,255,JR,2022,22,89.72464147185532,10.195981985438104,5.2,4.4,2.0,12.8,0.57,0.262,0.554,0.768,9.2,15.3,17.0,15.0,2.47,2.58,104.5,97.4,-2.48,-0.11,-2.48,0.76,0.76,0.72,-0.04,-5.56,16.6,0,1,Northwestern,2022,2740
Tyler Cook,James Madison,OVC,F,6-4,76,206,JR,2020,36,811.2255689301804,56.33510895348474,1.0,5.5,1.2,16.4,0.464,0.262,0.351,0.584,1.6,28.8,10.2,13.6,1.99,1.97,97.2,94.2,-1.18,-0.48,-1.18,0.69,0.69,0.93,0.24,-5.57,16.6,0,1,Connecticut,2020,2741
Evan Sanchez,Florida,SEC,SF,6-6,78,194,FR,2020,34,444.1888073859359,32.66094171955411,1.0,1.9,0.7,11.5,0.497,0.334,0.245,0.669,5.3,5.2,5.9,15.9,1.68,0.1,116.2,99.8,-4.11,-0.91,-4.11,0.96,0.96,0.69,-0.27,-5.57,16.6,0,1,SMU,2020,2742
Kofi Wilson,Maryland,A-10,F,6-6,78,233,R-FR,2021,28,89.60000000000001,8.0,9.9,4.2,2.1,20.9,0.594,0.284,0.086,0.866,12.0,11.4,17.2,17.2,1.11,2.24,110.1,86.5,-1.73,-0.08,-1.73,0.86,0.86,0.7,-0.16,-5.57,16.6,0,1,Iowa State,2021,2743
Owen Edwards,William & Mary,SEC,SF,6-5,77,203,R-JR,2024,34,347.9417929073409,25.583955360833894,6.1,2.7,1.7,14.6,0.504,0.395,0.389,0.594,1.4,13.7,13.9,14.8,2.43,1.36,113.1,102.5,-1.72,-0.3,-1.72,0.96,0.96,1.0,0.04,-5.58,16.5,0,1,BYU,2024,2744
Victor Harris,Memphis,MVC,PG,6-3,75,204,SR,2022,24,474.0417846592828,49.379352568675294,1.9,1.6,1.8,13.0,0.512,0.41,0.335,0.729,1.3,7.3,14.8,13.7,0.55,1.22,104.4,111.9,-4.01,-0.95,-4.01,0.79,0.79,0.7,-0.09,-5.58,16.5,0,1,Kentucky,2022,2745
Xavier Cook,Baylor,Sun Belt,W,6-5,77,271,R-FR,2022,21,134.87805112864748,16.05691084864851,9.3,2.5,2.2,20.1,0.459,0.292,0.653,0.797,5.7,8.2,18.7,15.2,1.48,1.72,110.7,94.4,-4.8,-0.32,-4.8,0.72,0.72,0.74,0.02,-5.58,16.5,0,1,Wichita State,2022,2746
Omar Mitchell,Cincinnati,MVC,PG,6-2,74,186,R-FR,2020,33,332.95222810501,25.223653644318937,4.1,3.3,2.1,19.0,0.458,0.208,0.75,0.873,5.8,12.6,17.9,17.8,2.49,1.87,100.4,92.0,-4.5,-0.75,-4.5,0.79,0.79,0.96,0.17,-5.59,16.4,0,1,Georgia,2020,2747
Kevin Sanchez,Creighton,ACC,PG,6-0,72,208,R-FR,2023,24,336.1785885949893,35.01860297864472,10.3,1.8,1.3,18.2,0.427,0.294,0.361,0.646,3.2,6.9,10.7,14.9,1.0,3.42,108.9,102.2,-3.06,-0.51,-3.06,0.94,0.94,0.79,-0.15,-5.59,16.5,0,1,SMU,2023,2748
Luke Anderson,North Carolina,OVC,C,7-0,84,170,R-JR,2024,21,133.1778854523932,15.854510172903954,7.0,4.2,1.1,22.0,0.541,0.302,0.23,0.568,6.8,16.5,9.2,6.9,1.27,3.41,119.3,100.8,1.6,0.11,1.6,0.69,0.69,1.0,0.31,-5.59,16.4,0,1,Oklahoma,2024,2749
Cole Wilson,Eastern Kentucky,WCC,PF,6-8,80,218,SO,2022,26,252.6401566091113,24.29232275087609,6.4,3.3,1.5,22.8,0.611,0.169,0.136,0.763,8.6,9.9,12.3,13.3,2.04,2.48,120.3,87.8,-2.99,-0.38,-2.99,0.82,0.82,0.79,-0.03,-5.59,16.5,0,1,Ohio State,2022,2750
Jake Perez,Oregon,AAC,SF,6-5,77,177,R-JR,2022,34,397.6863646856537,29.241644462180414,4.3,3.9,1.6,18.0,0.515,0.304,0.297,0.574,3.6,18.0,13.0,16.8,0.2,2.07,109.0,95.8,-0.49,-0.1,-0.49,0.83,0.83,0.93,0.1,-5.59,16.4,0,1,LSU,2022,2751
DeShawn Baker,USC,SEC,SG,6-1,73,212,FR,2020,25,210.7880207396185,21.07880207396185,7.3,1.7,2.1,20.5,0.558,0.341,0.094,0.668,3.8,5.6,17.5,15.1,2.0,2.86,108.5,96.5,-1.42,-0.15,-1.42,0.96,0.96,0.69,-0.27,-5.59,16.4,0,1,Nevada,2020,2752
Jaylen Clark,Louisville,CAA,C,6-9,81,216,FR,2024,29,215.54609908489053,18.581560265938837,6.3,5.2,1.1,21.2,0.469,0.4,0.174,0.578,7.0,22.1,9.4,14.5,1.57,3.47,114.5,108.6,-2.24,-0.24,-2.24,0.77,0.77,0.86,0.09,-5.6,16.4,0,1,Syracuse,2024,2753
Jordan Collins,Nebraska,SEC,SF,6-7,79,214,R-JR,2023,23,493.3637127437735,53.62649051562755,6.2,3.3,0.7,21.7,0.476,0.328,0.238,0.734,4.3,13.8,5.5,12.8,2.36,1.67,115.1,96.7,-0.62,-0.15,-0.62,0.96,0.96,1.0,0.04,-5.6,16.4,0,1,Syracuse,2023,2754
Xavier Green,Wisconsin,A-10,C,6-10,82,225,R-SO,2021,27,86.4,8.0,1.9,5.3,1.1,18.2,0.53,0.426,0.0,0.634,9.6,20.0,9.4,12.9,1.56,3.64,102.2,100.9,-3.99,-0.17,-3.99,0.86,0.86,0.82,-0.04,-5.61,16.3,0,1,SMU,2021,2755
Todd Cooper,Nebraska,SEC,PG,6-3,75,242,R-FR,2020,28,161.56678434178474,14.425605744802208,3.1,3.0,2.4,16.6,0.577,0.32,0.184,0.665,6.4,10.3,20.1,14.9,2.16,1.63,108.2,101.3,-2.35,-0.19,-2.35,0.96,0.96,0.86,-0.1,-5.63,16.2,0,1,Ohio State,2020,2756
Nick Evans,Tennessee,Big East,F,6-8,80,240,JR,2023,28,377.58957342771737,33.71335477033191,5.2,6.2,1.6,19.7,0.485,0.294,0.094,0.688,5.0,29.7,13.2,13.0,3.37,0.1,89.2,95.9,-3.24,-0.61,-3.24,0.93,0.93,0.7,-0.23,-5.63,16.2,0,1,UCLA,2023,2757
Nick Hernandez,Purdue,Big Ten,SF,6-5,77,200,SR,2023,28,209.96569690376361,18.746937223550322,9.9,3.0,2.0,32.0,0.433,0.296,0.247,0.58,6.7,9.8,16.8,15.3,4.09,0.31,108.1,96.4,-5.06,-0.53,-5.06,1.0,1.0,0.94,-0.06,-5.64,16.1,0,1,Wisconsin,2023,2758
Jake Nelson,LSU,Big Ten,W,6-6,78,201,R-JR,2021,28,472.07975507023895,42.14997813127134,7.2,4.0,2.3,15.8,0.528,0.464,0.58,0.793,9.5,12.7,19.2,17.5,2.36,1.45,110.6,99.3,-3.02,-0.71,-3.02,1.0,1.0,0.76,-0.24,-5.64,16.2,0,1,Murray State,2021,2759
Todd White,Creighton,CUSA,F,6-8,80,220,R-FR,2023,29,658.6454005951026,56.77977591337091,5.2,3.6,0.4,16.4,0.568,0.225,0.244,0.789,8.6,11.6,3.6,7.0,0.43,1.61,120.4,99.0,-5.69,-1.87,-5.69,0.74,0.74,0.82,0.08,-5.65,16.1,0,1,San Diego State,2023,2760
Sam Sanchez,Michigan,ACC,W,6-4,76,216,R-FR,2023,36,458.49720219011255,31.84008348542448,4.6,4.0,1.9,14.8,0.495,0.381,0.407,0.804,7.9,14.3,15.8,17.9,3.1,2.45,117.3,97.8,-3.07,-0.7,-3.07,0.94,0.94,0.86,-0.08,-5.66,16.1,0,1,Nevada,2023,2761
Vince Baker,Saint Mary's,CAA,C,7-1,85,203,FR,2023,26,268.9857180966285,25.86401135544505,14.9,5.2,0.9,20.1,0.526,0.415,0.253,0.635,3.3,25.9,7.5,13.2,2.18,6.52,106.1,99.6,-2.01,-0.27,-2.01,0.77,0.77,0.79,0.02,-5.67,16.0,0,1,Wisconsin,2023,2762
Ivan Phillips,SMU,MVC,PF,6-8,80,200,R-FR,2021,31,108.22268849731798,8.727636169138545,5.4,3.5,1.0,17.0,0.451,0.269,0.349,0.632,9.5,10.0,8.1,10.2,3.42,2.52,96.2,96.0,-3.68,-0.2,-3.68,0.79,0.79,0.93,0.14,-5.67,16.0,0,1,Illinois,2021,2763
Grant Davis,Baylor,SEC,PF,6-8,80,213,SO,2024,31,271.59937563958925,21.903175454805588,7.0,4.3,0.5,14.8,0.477,0.162,0.0,0.619,4.4,19.6,4.2,4.0,1.16,3.32,104.7,107.3,-3.17,-0.43,-3.17,0.96,0.96,0.86,-0.1,-5.68,15.9,0,1,Houston,2024,2764
Sean Lee,Hofstra,Big East,SG,6-6,78,182,SO,2024,36,115.19999999999999,8.0,8.6,2.8,2.3,22.3,0.503,0.415,0.425,0.83,0.6,15.2,19.4,14.8,3.63,0.33,107.7,106.9,-4.73,-0.27,-4.73,0.93,0.93,0.96,0.03,-5.68,15.9,0,1,Boise State,2024,2765
Brandon King,Iowa State,Big Ten,PG,6-3,75,162,R-FR,2022,35,349.49770025780276,24.96412144698591,13.0,1.3,2.8,29.0,0.426,0.26,0.361,0.733,4.0,3.2,23.1,14.9,3.19,0.87,93.0,100.2,-1.92,-0.34,-1.92,1.0,1.0,0.76,-0.24,-5.69,15.9,0,1,Mississippi State,2022,2766
Will Lee,Tulsa,Sun Belt,SG,6-3,75,241,FR,2024,25,503.8180286104956,50.38180286104956,1.0,1.0,2.8,12.0,0.595,0.267,0.253,0.769,1.1,4.3,23.0,13.5,3.69,2.53,118.4,106.7,-1.71,-0.43,-1.71,0.72,0.72,0.74,0.02,-5.69,15.9,0,1,Indiana,2024,2767
Wade Cooper,LSU,Big 12,F,6-9,81,192,SO,2020,31,405.52811040437814,32.703879871320815,5.7,5.2,0.8,21.4,0.427,0.238,0.256,0.616,12.1,16.8,6.5,9.5,3.07,0.78,117.0,99.4,-4.57,-0.93,-4.57,0.98,0.98,0.74,-0.24,-5.69,15.9,0,1,Miami,2020,2768
Ben Brown,Rutgers,CUSA,G,6-0,72,217,SO,2021,37,495.6275016371062,33.488344705209876,4.0,1.3,1.9,11.8,0.505,0.386,0.51,0.574,0.7,6.5,15.5,16.2,1.9,1.4,120.3,111.6,-4.8,-1.19,-4.8,0.74,0.74,0.74,0.0,-5.7,15.8,0,1,Nevada,2021,2769
Derek Jackson,St. John's,WAC,C,6-10,82,194,R-JR,2024,29,247.3745025640272,21.325388152071312,8.8,3.1,1.0,22.8,0.409,0.37,0.375,0.668,2.2,15.3,8.7,13.4,0.2,4.24,99.9,107.9,-6.95,-0.86,-6.95,0.7,0.7,0.7,0.0,-5.7,15.8,0,1,Texas,2024,2770
Zion Taylor,Tulsa,CAA,PG,6-2,74,247,R-JR,2024,37,213.42834970716012,14.42083443967298,11.9,2.2,3.8,13.9,0.49,0.31,0.282,0.651,2.6,9.4,31.9,19.1,2.28,0.78,107.6,95.9,-3.9,-0.42,-3.9,0.77,0.77,0.82,0.05,-5.72,15.7,0,1,UNLV,2024,2771
Zach Nelson,Houston,WAC,W,6-6,78,210,R-SO,2020,26,480.8481785176327,46.2354017805416,8.7,3.6,2.2,16.7,0.518,0.322,0.317,0.576,7.1,12.7,18.0,11.2,2.91,0.1,114.7,103.3,-3.11,-0.75,-3.11,0.7,0.7,0.76,0.06,-5.72,15.7,0,1,Duquesne,2020,2772
Andrej Taylor,Duquesne,MAC,PG,6-2,74,208,R-JR,2022,28,764.1594378478176,68.22852123641229,14.2,2.2,4.3,28.2,0.527,0.419,0.486,0.619,2.7,9.6,35.7,32.7,1.6,2.35,104.0,98.2,-1.43,-0.55,-1.43,0.76,0.76,0.71,-0.05,-5.72,15.7,0,1,Air Force,2022,2773
Isaiah Clark,Clemson,ACC,F,6-9,81,224,R-FR,2024,18,203.27594711500993,28.23277043264027,4.3,6.3,1.8,16.7,0.552,0.262,0.033,0.707,12.2,22.7,15.3,18.0,0.2,0.31,96.6,102.0,-1.42,-0.14,-1.42,0.94,0.94,0.7,-0.24,-5.72,15.7,0,1,Louisville,2024,2774
Reed Stewart,Nevada,CAA,PG,6-2,74,192,R-FR,2024,34,301.1148852286886,22.140800384462395,7.2,1.8,2.4,20.5,0.448,0.389,0.394,0.624,3.4,6.5,19.6,7.8,3.19,2.14,114.3,93.4,-4.44,-0.67,-4.44,0.77,0.77,0.76,-0.01,-5.73,15.6,0,1,LSU,2024,2775
Sean Turner,Air Force,AAC,PG,6-1,73,204,SO,2022,25,354.76182514977467,35.47618251497747,7.0,3.0,1.2,18.6,0.517,0.341,0.132,0.6,4.3,12.2,9.9,15.2,1.45,1.75,109.7,102.8,-4.15,-0.74,-4.15,0.83,0.83,0.72,-0.11,-5.73,15.6,0,1,Virginia,2022,2776
Cole Robinson,Utah State,MAAC,SF,6-5,77,200,R-FR,2023,20,164.3415408067075,20.54269260083844,3.8,3.9,1.3,26.6,0.453,0.352,0.111,0.751,11.4,10.4,10.7,16.3,3.21,2.32,106.5,96.5,-5.02,-0.41,-5.02,0.74,0.74,0.83,0.09,-5.74,15.6,0,1,Memphis,2023,2777
Jake Adams,Miami,CAA,SG,6-5,77,199,R-JR,2023,21,200.59972571164207,23.880919727576437,1.7,1.3,1.9,14.5,0.443,0.311,0.216,0.786,1.2,6.1,15.9,5.3,3.57,2.18,114.1,93.6,-4.58,-0.46,-4.58,0.77,0.77,0.83,0.06,-5.75,15.5,0,1,Georgetown,2023,2778
Trevion Sanchez,Stanford,Ivy,SG,6-2,74,185,R-FR,2022,31,168.62621638515353,13.598888418157543,7.1,1.5,1.3,22.0,0.476,0.463,0.499,0.714,1.1,7.5,11.2,8.2,0.2,0.67,109.3,105.9,-3.71,-0.31,-3.71,0.71,0.71,0.71,0.0,-5.75,15.5,0,1,Fordham,2022,2779
Luke Jackson,Boston College,Big Ten,G,6-0,72,201,R-JR,2022,27,263.8206875817857,24.427841442757938,4.4,2.3,3.4,16.8,0.505,0.35,0.246,0.664,5.4,7.7,28.2,17.6,2.97,1.33,89.4,97.8,-2.79,-0.37,-2.79,1.0,1.0,0.69,-0.31,-5.76,15.4,0,1,Hofstra,2022,2780
Blake Williams,Tulsa,CUSA,PF,6-7,79,217,JR,2024,25,158.59617683356933,15.859617683356934,1.0,4.4,0.7,10.6,0.452,0.204,0.197,0.815,12.0,12.2,5.8,8.7,0.2,4.08,115.5,97.5,-4.89,-0.39,-4.89,0.74,0.74,0.93,0.19,-5.76,15.4,0,1,Villanova,2024,2781
Brandon Jackson,Dayton,Big East,W,6-6,78,186,R-FR,2024,37,253.52920707397868,17.130351829322883,5.0,2.4,0.8,20.8,0.54,0.328,0.279,0.624,2.6,10.7,6.4,17.6,1.53,2.36,104.1,100.6,-4.2,-0.53,-4.2,0.93,0.93,0.77,-0.16,-5.76,15.5,0,1,Richmond,2024,2782
Kevin Hill,Miami,Sun Belt,PG,6-0,72,194,R-JR,2024,28,387.64217145080534,34.61090816525048,1.0,1.1,1.6,19.0,0.465,0.459,0.236,0.649,0.4,5.8,13.7,11.9,2.52,2.23,112.1,93.0,-5.56,-1.08,-5.56,0.72,0.72,0.82,0.1,-5.77,15.4,0,1,Penn State,2024,2783
Jordan Harris,St. Bonaventure,Big East,SG,6-4,76,221,R-JR,2021,26,121.93104452865941,11.724138896986483,5.6,3.2,1.0,20.3,0.528,0.276,0.254,0.688,3.6,14.3,8.5,14.2,1.18,1.48,107.5,100.7,-4.85,-0.3,-4.85,0.93,0.93,0.96,0.03,-5.79,15.2,0,1,Miami,2021,2784
Wade Parker,Wake Forest,A-10,PF,6-8,80,203,JR,2021,37,268.4411425557935,18.13791503755361,4.8,4.6,1.1,15.1,0.43,0.347,0.418,0.698,7.5,18.2,9.3,19.3,2.64,3.57,111.8,104.2,-3.96,-0.53,-3.96,0.86,0.86,0.86,0.0,-5.8,15.2,0,1,DePaul,2021,2785
Todd Moore,Eastern Kentucky,Horizon,G,6-3,75,209,R-JR,2023,32,176.72126969524766,13.806349194941221,7.3,2.7,2.7,11.2,0.63,0.316,0.57,0.57,3.4,11.7,22.5,20.8,3.96,3.45,112.1,96.0,-1.73,-0.15,-1.73,0.71,0.71,0.83,0.12,-5.82,15.1,0,1,Michigan,2023,2786
Tanner Rivera,Iowa,Sun Belt,SF,6-2,74,196,FR,2024,28,317.59785827328136,28.356951631542984,5.4,3.1,1.9,20.3,0.471,0.372,0.327,0.759,8.8,8.2,15.5,22.1,2.44,0.67,113.3,98.1,-4.41,-0.7,-4.41,0.72,0.72,0.71,-0.01,-5.83,15.0,0,1,William & Mary,2024,2787
Omar Martin,Mississippi State,ACC,SG,6-5,77,231,R-SO,2024,33,343.4953820338102,26.0223774268038,5.2,2.2,1.3,18.1,0.54,0.396,0.282,0.671,3.3,8.7,10.6,7.9,2.18,0.77,111.0,95.7,-2.69,-0.46,-2.69,0.94,0.94,0.7,-0.24,-5.83,15.0,0,1,Minnesota,2024,2788
Ivan Anderson,Wisconsin,Big 12,G,6-1,73,215,R-FR,2023,34,450.54555697959984,33.12834977791175,8.6,2.9,2.2,26.4,0.48,0.324,0.284,0.581,4.9,11.4,18.7,20.7,2.33,1.15,117.3,94.3,-5.48,-1.23,-5.48,0.98,0.98,0.79,-0.19,-5.86,14.8,0,1,Utah State,2023,2789
Jalen Adams,Virginia,Sun Belt,F,6-7,79,201,R-FR,2024,28,252.51356304148902,22.54585384299009,3.5,3.8,1.2,23.7,0.413,0.352,0.0,0.741,5.5,15.8,10.4,15.0,2.53,0.11,108.8,102.1,-3.82,-0.48,-3.82,0.72,0.72,0.7,-0.02,-5.86,14.8,0,1,Kentucky,2024,2790
Andre Walker,Utah State,CAA,F,6-7,79,188,R-FR,2024,27,290.4090772809223,26.889729377863173,10.6,6.6,0.8,24.6,0.49,0.227,0.55,0.573,14.4,22.1,6.3,12.9,3.04,2.13,94.6,101.2,-3.45,-0.5,-3.45,0.77,0.77,0.83,0.06,-5.87,14.8,0,1,SMU,2024,2791
Omar Allen,Oklahoma,Big 12,PF,6-11,83,247,FR,2021,26,255.14660181253603,24.533327097359233,5.8,5.7,0.7,15.4,0.45,0.407,0.288,0.588,10.7,20.7,5.7,13.6,1.7,0.3,105.2,91.4,-3.24,-0.41,-3.24,0.98,0.98,0.71,-0.27,-5.88,14.7,0,1,Seton Hall,2021,2792
Jalen Johnson,Butler,MVC,PG,6-1,73,191,R-FR,2021,34,524.5089534394083,38.56683481172119,4.7,1.9,3.4,22.9,0.476,0.352,0.445,0.622,0.9,9.6,28.1,14.9,2.81,2.7,106.6,90.2,-3.99,-1.05,-3.99,0.79,0.79,0.94,0.15,-5.88,14.7,0,1,Pittsburgh,2021,2793
Derek Baker,Boise State,SEC,C,7-0,84,226,JR,2022,28,465.7315281952208,41.583172160287575,5.5,3.9,1.8,13.4,0.437,0.188,0.249,0.886,13.3,8.5,14.7,15.3,0.65,3.74,117.5,101.5,-4.63,-1.08,-4.63,0.96,0.96,0.93,-0.03,-5.89,14.7,0,1,St. John's,2022,2794
Ivan Perez,UNLV,Big 12,F,6-7,79,190,JR,2022,26,514.3286114598122,49.45467417882811,6.5,4.2,0.2,20.0,0.549,0.162,0.285,0.797,14.9,8.5,1.0,14.2,1.6,0.1,111.8,95.4,-3.29,-0.85,-3.29,0.98,0.98,0.94,-0.04,-5.91,14.5,0,1,Wisconsin,2022,2795
Flynn Gonzalez,Nebraska,WCC,C,6-8,80,208,R-JR,2024,26,111.07898894737468,10.680672014170643,4.8,5.1,1.8,18.2,0.468,0.283,0.0,0.823,12.7,15.7,14.9,13.4,3.3,1.11,106.7,102.5,-1.33,-0.07,-1.33,0.82,0.82,0.77,-0.05,-5.94,14.4,0,1,Michigan,2024,2796
Xavier Collins,UNLV,MAAC,W,6-6,78,206,FR,2023,30,243.31007266612121,20.275839388843437,4.2,2.6,1.4,22.7,0.47,0.358,0.352,0.751,1.8,12.7,11.7,25.4,2.36,0.9,98.4,106.9,-2.72,-0.33,-2.72,0.74,0.74,0.71,-0.03,-5.94,14.4,0,1,TCU,2023,2797
Derek Anderson,Virginia Tech,A-10,PG,6-5,77,213,R-FR,2023,28,388.5836060131265,34.694964822600575,4.5,2.2,2.2,23.3,0.502,0.345,0.266,0.799,4.1,8.0,18.1,14.1,3.87,1.32,111.2,101.1,-6.83,-1.33,-6.83,0.86,0.86,0.86,0.0,-5.95,14.3,0,1,Air Force,2023,2798
Cade White,Utah State,MAAC,SF,6-6,78,213,SO,2023,26,243.82159472846993,23.444384108506725,4.6,3.6,1.3,20.3,0.517,0.367,0.449,0.648,5.6,14.2,10.7,19.8,2.18,3.1,99.2,103.0,-2.98,-0.36,-2.98,0.74,0.74,0.86,0.12,-5.95,14.3,0,1,Georgia,2023,2799
Malik Morgan,Murray State,ACC,C,6-8,80,164,JR,2024,12,126.18670589956466,26.288897062409305,9.3,7.3,1.3,20.0,0.502,0.377,0.173,0.66,8.0,32.7,11.1,10.9,3.25,1.51,103.7,94.8,-3.78,-0.24,-3.78,0.94,0.94,0.77,-0.17,-5.95,14.3,0,1,UCLA,2024,2800
Kevin Hall,Kentucky,A-10,W,6-5,77,207,FR,2020,30,143.94212757372725,11.995177297810605,5.6,3.0,1.9,21.1,0.492,0.328,0.514,0.72,3.3,13.3,15.8,16.0,3.24,0.88,115.2,88.2,-1.76,-0.13,-1.76,0.86,0.86,0.94,0.08,-5.96,14.2,0,1,Baylor,2020,2801
Derek Johnson,James Madison,MAC,PG,6-3,75,233,R-JR,2023,27,340.5162686562374,31.529284134836793,11.4,1.8,2.9,25.2,0.509,0.279,0.381,0.832,3.2,6.8,23.8,10.6,1.51,1.16,101.2,102.9,-3.07,-0.52,-3.07,0.76,0.76,0.96,0.2,-5.97,14.2,0,1,USC,2023,2802
Alex Davis,Kentucky,Big Ten,PG,6-4,76,230,R-FR,2022,23,161.0934553242507,17.510158187418558,5.3,1.2,2.7,10.0,0.54,0.375,0.648,0.778,0.9,5.8,22.5,19.8,3.81,3.07,109.1,94.8,-3.23,-0.26,-3.23,1.0,1.0,0.93,-0.07,-5.97,14.2,0,1,Georgetown,2022,2803
Owen Turner,Minnesota,Sun Belt,F,6-9,81,212,R-JR,2024,30,383.51241467925206,31.95936788993767,8.3,3.0,0.6,12.5,0.488,0.262,0.11,0.517,4.8,11.8,4.8,16.7,2.71,2.46,113.8,105.6,-2.09,-0.4,-2.09,0.72,0.72,0.86,0.14,-5.98,14.1,0,1,Creighton,2024,2804
Eric Williams,Kentucky,CUSA,C,6-11,83,226,FR,2021,34,108.80000000000001,8.0,8.0,4.9,1.1,27.2,0.473,0.264,0.199,0.775,11.8,15.4,9.3,11.9,2.58,4.98,103.6,99.9,-4.1,-0.22,-4.1,0.74,0.74,0.93,0.19,-5.99,14.1,0,1,St. John's,2021,2805
Victor Morgan,Clemson,SEC,PG,6-0,72,204,R-JR,2020,25,458.9706637397051,45.89706637397051,1.0,1.5,2.4,14.6,0.491,0.306,0.306,0.639,1.4,7.2,20.0,27.4,1.81,1.84,105.2,94.6,-5.06,-1.16,-5.06,0.96,0.96,0.96,0.0,-6.0,14.0,0,1,St. Bonaventure,2020,2806
Henry Sanchez,Virginia Tech,Ivy,PG,6-1,73,238,R-FR,2023,26,168.13930930522662,16.167241279348715,4.8,1.3,0.6,17.2,0.523,0.335,0.118,0.821,2.5,4.7,5.0,23.1,2.76,1.71,117.4,104.3,-1.87,-0.16,-1.87,0.71,0.71,0.74,0.03,-6.0,14.0,0,1,Indiana,2023,2807
Ryan Rodriguez,Nebraska,OVC,C,6-8,80,199,R-FR,2021,25,470.80512046259093,47.080512046259095,8.4,3.8,0.8,13.4,0.433,0.263,0.385,0.634,6.4,14.9,6.9,12.0,0.92,7.21,107.5,114.1,-5.15,-1.21,-5.15,0.69,0.69,0.83,0.14,-6.0,14.0,0,1,Stanford,2021,2808
Ben Williams,Kentucky,AAC,W,6-2,74,219,R-FR,2024,32,351.1989466094103,27.43741770386018,9.5,1.2,2.5,22.9,0.465,0.348,0.482,0.484,1.0,5.8,20.7,10.8,1.02,1.37,125.7,94.5,-3.3,-0.58,-3.3,0.83,0.83,0.77,-0.06,-6.0,14.0,0,1,Maryland,2024,2809
Alex Baker,SMU,Horizon,PF,6-7,79,196,R-FR,2022,29,356.94128065589643,30.770800056542797,7.1,4.1,0.6,22.5,0.421,0.228,0.359,0.668,4.6,18.4,5.3,16.4,2.2,4.12,113.2,93.1,-4.95,-0.88,-4.95,0.71,0.71,0.7,-0.01,-6.0,14.0,0,1,Arizona,2022,2810
Isaiah Martin,Baylor,ACC,SF,6-9,81,247,R-JR,2020,25,246.67633665853432,24.667633665853433,14.4,4.1,1.8,21.4,0.475,0.324,0.31,0.636,5.9,17.1,14.6,8.6,2.18,1.98,115.2,101.3,-0.67,-0.08,-0.67,0.94,0.94,0.71,-0.23,-6.01,13.9,0,1,Boise State,2020,2811
Jake Hill,Saint Mary's,Big 12,G,6-1,73,206,JR,2021,21,301.7462201644074,35.92216906719136,6.0,2.9,2.9,14.1,0.554,0.425,0.123,0.602,3.1,13.0,24.2,20.8,2.22,0.47,107.2,90.8,-3.02,-0.46,-3.02,0.98,0.98,0.98,0.0,-6.01,14.0,0,1,James Madison,2021,2812
Jalen Clark,Utah State,WCC,PF,6-6,78,186,R-FR,2021,21,320.9917887532698,38.21330818491308,5.3,3.0,0.3,22.5,0.411,0.396,0.045,0.889,8.5,8.2,2.8,14.7,2.33,8.21,98.6,99.4,-2.85,-0.46,-2.85,0.82,0.82,0.93,0.11,-6.02,13.9,0,1,Cincinnati,2021,2813
Nick Hall,TCU,CUSA,PG,6-2,74,224,R-FR,2024,31,257.28571186120655,20.74884773074246,4.0,2.6,2.8,14.3,0.453,0.324,0.055,0.766,3.5,10.8,23.5,13.7,0.97,2.05,114.8,92.3,-4.67,-0.6,-4.67,0.74,0.74,0.72,-0.02,-6.04,13.8,0,1,Austin Peay,2024,2814
Victor Garcia,Providence,WAC,PF,6-7,79,219,R-FR,2020,25,274.44782067532276,27.444782067532277,6.2,3.5,1.2,21.7,0.514,0.258,0.13,0.715,3.2,16.4,10.1,12.7,1.45,3.25,98.3,94.5,-5.02,-0.69,-5.02,0.7,0.7,0.82,0.12,-6.06,13.7,0,1,Oklahoma,2020,2815
Kyle Cooper,Tennessee,Horizon,F,6-8,80,202,FR,2022,31,356.9880709417381,28.78936055981759,5.8,5.7,1.0,15.4,0.561,0.289,0.08,0.677,9.0,22.8,8.4,13.6,1.13,0.36,109.1,119.2,-2.21,-0.4,-2.21,0.71,0.71,1.0,0.29,-6.07,13.6,0,1,Arizona,2022,2816
Victor White,Fordham,Sun Belt,PG,6-2,74,235,JR,2020,25,341.5321609143364,34.153216091433634,1.0,2.0,2.2,16.2,0.474,0.357,0.319,0.784,3.9,7.2,18.4,18.6,2.05,0.1,124.8,103.4,-2.84,-0.49,-2.84,0.72,0.72,0.7,-0.02,-6.08,13.5,0,1,Dayton,2020,2817
Tanner Morris,Boston College,CAA,PF,6-10,82,199,JR,2024,29,313.10735335108086,26.992013219920764,9.6,5.1,1.2,10.0,0.503,0.144,0.233,0.692,9.0,19.4,9.9,11.8,3.48,5.03,112.0,95.8,-3.71,-0.58,-3.71,0.77,0.77,0.71,-0.06,-6.09,13.5,0,1,Davidson,2024,2818
Jordan Campbell,George Mason,WCC,SF,6-5,77,227,JR,2023,25,459.6587803064667,45.96587803064667,13.7,5.3,1.3,22.7,0.481,0.384,0.203,0.52,11.1,18.2,10.6,12.6,2.14,0.62,104.7,97.9,-3.68,-0.85,-3.68,0.82,0.82,0.69,-0.13,-6.09,13.4,0,1,Mississippi State,2023,2819
Kyle Moore,Saint Mary's,Big 12,G,6-0,72,201,R-FR,2024,25,704.8075484834799,70.48075484834798,5.0,1.7,2.0,23.5,0.501,0.285,0.507,0.709,3.1,6.3,16.5,8.1,3.68,2.44,115.4,100.2,-6.06,-2.13,-6.06,0.98,0.98,0.98,0.0,-6.09,13.5,0,1,Fordham,2024,2820
Coleman Hall,St. Bonaventure,Big East,PG,6-2,74,218,JR,2023,24,145.49001891431035,15.155210303573996,13.4,2.2,3.0,24.8,0.566,0.376,0.446,0.737,2.9,9.2,25.3,11.0,1.41,0.47,120.2,108.2,-4.19,-0.3,-4.19,0.93,0.93,0.72,-0.21,-6.1,13.4,0,1,Michigan State,2023,2821
Ivan Davis,Utah State,WAC,W,6-8,80,224,FR,2024,29,151.05644168706905,13.022107041988711,3.7,4.7,2.6,20.9,0.48,0.268,0.135,0.97,5.7,20.5,21.5,7.5,2.56,0.21,107.2,87.9,-4.2,-0.32,-4.2,0.7,0.7,0.98,0.28,-6.11,13.3,0,1,Marquette,2024,2822
Ryan Green,Florida,Ivy,C,6-8,80,187,SR,2022,30,306.92637343320797,25.577197786100665,4.4,5.0,0.7,13.3,0.52,0.211,0.009,0.709,9.0,18.5,6.1,7.7,3.33,4.97,114.9,104.8,-5.16,-0.79,-5.16,0.71,0.71,0.83,0.12,-6.12,13.3,0,1,Butler,2022,2823
Vince Lewis,Michigan State,AAC,G,6-3,75,193,R-FR,2022,27,495.916035178479,45.918151405414726,9.7,2.7,1.3,24.0,0.605,0.284,0.332,0.652,4.6,10.5,10.9,20.6,2.14,0.22,105.5,97.4,-4.6,-1.14,-4.6,0.83,0.83,0.74,-0.09,-6.15,13.1,0,1,Georgia,2022,2824
Jordan Hall,Saint Louis,CAA,SG,6-3,75,222,JR,2024,33,284.0440499778009,21.518488634681887,14.9,1.9,2.0,19.4,0.517,0.321,0.28,0.716,3.2,7.3,16.8,15.6,2.59,1.22,107.4,101.1,-3.66,-0.52,-3.66,0.77,0.77,1.0,0.23,-6.16,13.1,0,1,Eastern Kentucky,2024,2825
Luka Roberts,Auburn,WCC,SF,6-8,80,214,FR,2020,26,240.63960060702107,23.138423135290488,3.2,3.0,2.3,22.7,0.444,0.297,0.363,0.791,6.9,9.5,19.2,16.7,1.49,0.99,116.9,103.4,-4.9,-0.59,-4.9,0.82,0.82,0.86,0.04,-6.16,13.0,0,1,Vanderbilt,2020,2826
Andre Clark,Stanford,Big Ten,PF,6-8,80,197,R-FR,2022,23,437.87213027115996,47.59479676860435,1.0,2.1,1.0,16.2,0.603,0.19,0.451,0.567,1.0,10.8,8.4,7.3,1.64,0.3,120.8,100.5,-3.39,-0.74,-3.39,1.0,1.0,0.79,-0.21,-6.18,12.9,0,1,Wisconsin,2022,2827
Vince Jackson,Austin Peay,WAC,SF,6-6,78,167,FR,2022,23,263.7533091443311,28.668837950470778,4.1,1.3,1.6,18.3,0.501,0.363,0.275,0.807,2.0,5.5,13.3,10.6,0.94,0.86,103.9,99.3,-3.46,-0.46,-3.46,0.7,0.7,1.0,0.3,-6.18,12.9,0,1,Duke,2022,2828
Blake Martinez,Providence,Big East,SG,6-4,76,188,R-FR,2021,27,331.494193456582,30.693906801535377,1.0,1.5,1.9,18.0,0.479,0.223,0.355,0.652,2.6,5.9,15.7,13.5,0.37,1.54,116.1,103.6,-3.94,-0.65,-3.94,0.93,0.93,0.74,-0.19,-6.18,12.9,0,1,Austin Peay,2021,2829
Zach Clark,Penn State,WAC,SG,6-1,73,217,R-FR,2024,27,455.504973953656,42.17638647719038,4.3,2.1,1.6,19.1,0.465,0.363,0.202,0.552,5.5,6.1,13.3,12.4,2.75,3.27,113.9,90.1,-5.07,-1.15,-5.07,0.7,0.7,0.79,0.09,-6.18,12.9,0,1,Auburn,2024,2830
Chris Roberts,Maryland,ACC,PG,6-1,73,228,R-JR,2021,28,344.21912643695754,30.733850574728358,7.9,2.7,2.5,22.4,0.53,0.351,0.657,0.635,1.9,13.1,20.9,22.7,2.34,1.27,118.5,101.4,-3.44,-0.59,-3.44,0.94,0.94,0.93,-0.01,-6.18,12.9,0,1,Ohio State,2021,2831
Derek Mitchell,Tennessee Tech,Big East,SF,6-5,77,188,R-FR,2020,32,495.6465427727603,38.7223861541219,8.7,3.1,2.0,16.5,0.491,0.369,0.29,0.592,7.3,9.9,16.6,8.7,2.44,1.51,116.3,87.9,-4.22,-1.05,-4.22,0.93,0.93,0.74,-0.19,-6.2,12.8,0,1,St. John's,2020,2832
Trevion Adams,Boise State,Ivy,SG,6-4,76,203,R-FR,2024,25,262.544282902654,26.2544282902654,4.0,1.1,1.1,13.5,0.435,0.39,0.607,0.603,2.6,3.3,9.1,15.0,1.68,0.1,122.4,98.9,-5.66,-0.74,-5.66,0.71,0.71,0.74,0.03,-6.23,12.6,0,1,Boston College,2024,2833
Paul Lee,USC,Horizon,C,6-9,81,214,FR,2021,18,223.88281500492113,31.094835417350158,3.2,5.5,0.2,10.0,0.468,0.252,0.19,0.546,11.6,18.9,1.7,12.8,0.42,9.71,99.1,93.5,-3.31,-0.37,-3.31,0.71,0.71,0.94,0.23,-6.26,12.4,0,1,Kansas,2021,2834
Quinn Lee,Creighton,Big East,SF,6-4,76,211,R-JR,2021,35,184.912751142693,13.2080536530495,10.6,2.3,1.5,18.7,0.457,0.282,0.288,0.569,2.3,10.5,12.3,15.1,4.29,1.72,105.1,84.1,-4.54,-0.42,-4.54,0.93,0.93,0.74,-0.19,-6.27,12.4,0,1,Boise State,2021,2835
Jalen Bailey,Florida State,A-10,SG,6-6,78,210,JR,2021,36,689.3060629544851,47.86847659406147,1.1,1.6,1.2,10.9,0.472,0.319,0.75,0.671,4.1,4.9,9.9,13.7,4.31,2.6,93.0,102.6,-4.93,-1.7,-4.93,0.86,0.86,0.7,-0.16,-6.27,12.4,0,1,Vanderbilt,2021,2836
Vince Johnson,Eastern Kentucky,CUSA,F,6-6,78,209,R-JR,2020,24,496.8519135580392,51.755407662295745,10.5,5.0,0.6,20.1,0.542,0.372,0.067,0.752,17.0,10.8,5.4,19.3,2.07,1.61,108.2,109.0,-3.67,-0.91,-3.67,0.74,0.74,0.82,0.08,-6.29,12.3,0,1,Xavier,2020,2837
Ivan Edwards,Indiana,WAC,F,6-8,80,248,FR,2020,21,390.51676790494207,46.49009141725501,5.3,4.4,1.0,20.4,0.471,0.381,0.06,0.683,9.5,14.6,8.5,6.4,1.67,2.73,115.9,96.5,-3.83,-0.75,-3.83,0.7,0.7,0.72,0.02,-6.29,12.3,0,1,Texas,2020,2838
Cade Rivera,Illinois,Sun Belt,W,6-4,76,212,R-JR,2021,29,331.64319090257294,28.589930250221805,2.2,3.7,1.6,20.4,0.464,0.386,0.4,0.613,3.1,17.2,13.4,8.3,1.2,0.1,96.2,100.9,-2.6,-0.43,-2.6,0.72,0.72,0.79,0.07,-6.32,12.1,0,1,Penn State,2021,2839
Chris Morris,Austin Peay,CUSA,SG,6-4,76,217,JR,2021,19,60.8,8.0,4.9,2.0,1.1,21.7,0.453,0.335,0.537,0.617,3.4,7.7,9.3,15.5,2.13,0.87,109.4,98.3,-2.49,-0.08,-2.49,0.74,0.74,0.74,0.0,-6.35,11.9,0,1,Auburn,2021,2840
Jalen Robinson,DePaul,Horizon,G,6-1,73,184,R-JR,2024,37,118.4,8.0,2.9,2.0,2.5,16.6,0.565,0.375,0.574,0.97,3.8,7.5,20.4,12.2,3.37,2.01,116.2,101.3,-5.68,-0.34,-5.68,0.71,0.71,0.76,0.05,-6.35,11.9,0,1,LSU,2024,2841
Alex Young,Tennessee Tech,A-10,F,6-8,80,217,R-FR,2021,34,108.80000000000001,8.0,8.7,5.3,1.3,28.9,0.442,0.219,0.041,0.736,9.4,20.3,10.4,11.5,1.83,2.08,103.3,99.3,-4.52,-0.25,-4.52,0.86,0.86,0.77,-0.09,-6.37,11.8,0,1,Georgia,2021,2842
Darius Harris,Duquesne,Big 12,PG,6-2,74,192,R-FR,2023,25,370.90794410531635,37.090794410531636,5.8,1.9,2.8,14.1,0.439,0.32,0.189,0.728,1.8,8.6,23.1,19.9,2.7,1.16,110.2,99.5,-7.31,-1.35,-7.31,0.98,0.98,1.0,0.02,-6.37,11.8,0,1,Boise State,2023,2843
Kevin Wright,Wake Forest,Big 12,C,7-1,85,246,R-FR,2023,31,99.2,8.0,3.5,4.2,1.0,12.9,0.389,0.278,0.402,0.688,10.1,13.5,8.2,11.8,3.83,2.63,102.5,104.5,-3.54,-0.18,-3.54,0.98,0.98,0.69,-0.29,-6.38,11.7,0,1,Hofstra,2023,2844
Will Bell,Butler,MVC,PG,6-2,74,191,R-JR,2022,19,337.69355436496204,44.43336241644237,13.9,1.5,1.8,21.4,0.621,0.464,0.431,0.709,3.6,4.5,15.2,17.4,2.36,2.62,113.8,108.1,-5.17,-0.87,-5.17,0.79,0.79,0.94,0.15,-6.38,11.7,0,1,Alabama,2022,2845
Kyle Lewis,Davidson,WCC,PG,6-0,72,206,R-FR,2024,33,407.8962870561623,30.901233867891083,6.3,2.6,2.6,13.3,0.501,0.459,0.253,0.785,2.8,11.6,21.5,12.2,1.54,3.85,112.6,111.8,-2.43,-0.5,-2.43,0.82,0.82,0.7,-0.12,-6.38,11.7,0,1,Houston,2024,2846
Omar King,Arizona,CAA,C,6-9,81,202,R-FR,2023,23,73.60000000000001,8.0,1.6,3.3,1.2,24.8,0.504,0.246,0.009,0.83,5.9,12.4,9.9,11.8,1.7,4.5,102.7,95.9,-1.33,-0.05,-1.33,0.77,0.77,0.76,-0.01,-6.38,11.7,0,1,Wake Forest,2023,2847
Ivan Bailey,Houston,MAC,SG,6-4,76,204,SR,2023,35,393.87563973684104,28.133974266917217,4.7,1.4,1.2,20.5,0.456,0.363,0.166,0.649,0.2,7.5,10.0,14.8,2.83,2.89,127.8,100.2,-2.81,-0.55,-2.81,0.76,0.76,0.86,0.1,-6.4,11.6,0,1,Georgetown,2023,2848
Uriah Jackson,Eastern Kentucky,Big East,SG,6-4,76,200,R-SO,2022,37,734.7103995618766,49.642594564991654,7.0,2.1,1.1,15.9,0.423,0.339,0.303,0.697,2.3,9.2,9.2,14.8,1.08,1.09,94.6,95.9,-4.01,-1.47,-4.01,0.93,0.93,0.71,-0.22,-6.4,11.6,0,1,Oregon,2022,2849
Marcus Wilson,Stanford,ACC,SF,6-6,78,210,R-FR,2021,26,265.0740806636595,25.48789237150572,8.8,3.1,0.8,13.1,0.493,0.399,0.198,0.684,5.1,12.1,7.1,15.1,1.49,2.02,117.0,98.5,-3.33,-0.44,-3.33,0.94,0.94,1.0,0.06,-6.41,11.5,0,1,Iowa,2021,2850
Will Morris,Iowa State,WCC,SG,6-3,75,227,R-JR,2023,27,628.1898798517084,58.16572961589892,8.7,2.3,1.1,20.9,0.513,0.36,0.264,0.786,2.4,10.2,9.5,13.5,3.69,3.49,115.6,92.0,-4.98,-1.56,-4.98,0.82,0.82,1.0,0.18,-6.42,11.5,0,1,Saint Mary's,2023,2851
Tanner Lewis,Nebraska,MVC,SF,6-8,80,226,R-FR,2024,27,99.43829901194587,9.207249908513505,6.4,3.4,1.1,19.3,0.572,0.354,0.405,0.625,9.8,9.0,9.4,18.2,1.65,1.58,114.8,105.0,-4.95,-0.25,-4.95,0.79,0.79,0.96,0.17,-6.43,11.4,0,1,Richmond,2024,2852
Victor Taylor,Utah State,MAAC,SG,6-3,75,193,JR,2021,27,302.21306325240454,27.982691041889307,8.2,1.2,2.3,24.1,0.515,0.297,0.48,0.675,2.7,3.8,19.3,14.6,2.79,2.62,108.0,97.5,-4.71,-0.71,-4.71,0.74,0.74,0.74,0.0,-6.44,11.4,0,1,Stanford,2021,2853
Todd Rodriguez,Boise State,MAC,PG,6-1,73,180,JR,2024,23,349.50125975365376,37.98926736452758,1.0,1.4,2.3,14.3,0.504,0.414,0.276,0.561,0.2,7.7,18.8,21.2,1.96,2.67,107.0,105.1,-3.68,-0.64,-3.68,0.76,0.76,0.86,0.1,-6.44,11.4,0,1,St. John's,2024,2854
Quinn Brown,Florida State,AAC,SG,6-6,78,204,R-FR,2023,26,326.772910939737,31.420472205743945,4.8,1.9,1.2,21.2,0.451,0.34,0.231,0.752,4.4,6.0,10.4,10.9,0.52,3.5,105.4,93.5,-4.71,-0.77,-4.71,0.83,0.83,0.71,-0.12,-6.44,11.3,0,1,Northwestern,2023,2855
Chris Phillips,Cincinnati,Big Ten,F,6-5,77,207,R-FR,2021,30,347.4119091444286,28.950992428702385,7.8,4.5,1.4,20.2,0.481,0.359,0.197,0.815,5.3,19.7,11.3,13.1,1.91,0.1,118.6,89.5,-3.97,-0.69,-3.97,1.0,1.0,0.86,-0.14,-6.45,11.3,0,1,Arizona,2021,2856
Grant Lee,Fordham,ACC,C,7-0,84,220,SO,2024,30,567.412648514984,47.28438737624867,2.9,5.7,0.8,21.7,0.577,0.313,0.0,0.671,7.7,24.1,7.0,12.9,2.43,7.39,110.5,103.2,-3.24,-0.92,-3.24,0.94,0.94,0.74,-0.2,-6.45,11.3,0,1,LSU,2024,2857
Max Hall,George Mason,Big 12,G,6-0,72,180,R-JR,2022,26,208.8299711138565,20.079804914793893,4.5,2.1,3.6,16.6,0.434,0.36,0.585,0.704,1.8,9.9,30.2,23.6,2.71,0.75,108.2,99.5,-6.55,-0.68,-6.55,0.98,0.98,0.82,-0.16,-6.45,11.3,0,1,Baylor,2022,2858
Tyler Edwards,Eastern Kentucky,WCC,SF,6-4,76,211,JR,2021,33,354.39332861371054,26.847979440432617,4.2,3.7,0.8,18.3,0.51,0.364,0.122,0.623,7.8,12.6,6.4,24.0,1.91,0.61,97.7,106.1,-3.44,-0.61,-3.44,0.82,0.82,0.69,-0.13,-6.45,11.3,0,1,Ohio State,2021,2859
Kevin Rivera,Tennessee,OVC,C,6-10,82,183,R-FR,2022,29,366.5149863966054,31.596119516948747,5.9,5.8,1.5,25.8,0.455,0.39,0.189,0.657,10.4,21.7,12.5,14.3,3.16,2.77,116.4,96.5,-6.05,-1.11,-6.05,0.69,0.69,0.82,0.13,-6.46,11.2,0,1,Tulsa,2022,2860
Nathan Young,William & Mary,WCC,SF,6-6,78,208,SR,2024,29,456.9453146521174,39.391837470010124,2.7,2.9,1.3,15.4,0.52,0.373,0.475,0.658,6.8,9.2,10.8,17.1,2.63,1.27,107.6,99.8,-4.9,-1.12,-4.9,0.82,0.82,0.82,0.0,-6.47,11.2,0,1,Connecticut,2024,2861
Henry Lewis,Utah State,Big Ten,G,6-2,74,165,FR,2023,33,105.60000000000001,8.0,6.2,2.9,3.4,13.4,0.469,0.392,0.506,0.798,1.6,14.7,28.4,13.2,4.42,2.08,109.2,94.6,-8.13,-0.43,-8.13,1.0,1.0,1.0,0.0,-6.47,11.2,0,1,Boise State,2023,2862
Elijah Morris,Houston,A-10,G,6-3,75,201,JR,2021,28,291.7179877185193,26.046248903439224,1.0,1.6,2.5,12.2,0.478,0.239,0.271,0.806,4.3,4.7,20.9,18.7,1.48,2.81,115.7,100.7,-1.91,-0.28,-1.91,0.86,0.86,0.72,-0.14,-6.47,11.2,0,1,George Mason,2021,2863
Jalen Turner,Houston,Big Ten,F,6-7,79,190,SR,2022,24,214.47043308898787,22.340670113436236,4.8,5.5,0.8,18.5,0.449,0.272,0.165,0.888,12.9,17.9,6.9,6.6,2.34,2.37,118.5,93.9,-4.18,-0.45,-4.18,1.0,1.0,0.74,-0.26,-6.48,11.1,0,1,Florida State,2022,2864
Damian Anderson,UCLA,Sun Belt,G,6-2,74,206,R-JR,2020,28,131.86965673690503,11.77407649436652,5.8,1.3,3.1,22.9,0.384,0.34,0.29,0.785,3.3,4.2,26.1,20.5,1.76,1.28,120.8,101.6,-4.84,-0.32,-4.84,0.72,0.72,0.76,0.04,-6.5,11.0,0,1,TCU,2020,2865
Chris Bell,Iowa,CAA,SF,6-7,79,206,FR,2023,26,243.50752273965577,23.414184878813053,8.7,4.2,1.7,20.2,0.478,0.329,0.212,0.662,7.0,16.1,14.1,14.2,1.84,1.0,102.2,89.6,-2.92,-0.36,-2.92,0.77,0.77,0.71,-0.06,-6.5,11.0,0,1,Florida,2023,2866
Max Murphy,Clemson,MAAC,G,6-0,72,204,R-JR,2023,17,273.22399537753165,40.17999932022524,4.0,2.1,2.9,17.2,0.44,0.316,0.397,0.724,0.4,11.5,24.3,18.3,2.69,0.88,106.9,92.5,-6.29,-0.86,-6.29,0.74,0.74,0.74,0.0,-6.51,11.0,0,1,Seton Hall,2023,2867
Henry Morgan,Clemson,MAC,C,6-11,83,193,R-FR,2024,37,319.67860473090946,21.59990572506145,8.6,5.0,0.9,19.3,0.528,0.373,0.037,0.703,8.0,20.1,7.2,10.1,1.82,3.77,111.2,106.7,-5.23,-0.84,-5.23,0.76,0.76,0.71,-0.05,-6.51,10.9,0,1,Davidson,2024,2868
Trevion Perez,Miami,Sun Belt,W,6-5,77,205,JR,2023,26,249.67096238494562,24.006823306244772,3.5,3.2,1.4,13.5,0.532,0.274,0.335,0.687,2.7,15.2,11.9,12.3,2.48,1.37,117.3,93.5,-4.09,-0.51,-4.09,0.72,0.72,0.7,-0.02,-6.53,10.8,0,1,Mississippi State,2023,2869
Brandon Morgan,Tennessee,WAC,C,6-11,83,202,SO,2024,29,210.9292310124604,18.183554397625898,4.3,2.7,1.8,17.6,0.552,0.343,0.0,0.606,1.3,13.5,15.0,19.2,2.43,2.9,109.3,102.0,-4.15,-0.44,-4.15,0.7,0.7,0.98,0.28,-6.53,10.8,0,1,Saint Mary's,2024,2870
Tyler Roberts,North Carolina,SEC,G,6-1,73,167,JR,2022,32,472.2701821828594,36.89610798303589,5.7,1.8,2.8,15.1,0.465,0.397,0.33,0.567,2.2,7.6,23.6,16.0,3.92,0.59,93.7,89.3,-3.32,-0.78,-3.32,0.96,0.96,0.7,-0.26,-6.53,10.8,0,1,Pittsburgh,2022,2871
Omar Evans,Wichita State,SEC,W,6-6,78,218,SO,2021,20,184.9559502198754,23.119493777484422,5.4,2.4,1.6,10.7,0.594,0.432,0.464,0.828,3.0,10.6,13.0,12.2,2.44,1.75,104.7,109.5,-3.19,-0.3,-3.19,0.96,0.96,0.74,-0.22,-6.53,10.8,0,1,William & Mary,2021,2872
Kyle Lee,UCLA,A-10,C,6-8,80,206,R-JR,2022,24,161.8474371680767,16.859108038341322,1.9,5.5,0.2,14.1,0.465,0.359,0.276,0.788,8.6,21.9,2.0,15.0,2.38,6.07,112.3,92.6,-4.67,-0.38,-4.67,0.86,0.86,0.98,0.12,-6.54,10.8,0,1,Duquesne,2022,2873
Will Lewis,George Mason,Horizon,C,7-0,84,223,JR,2022,31,590.3730237993213,47.61072772575172,7.1,4.3,0.6,17.7,0.504,0.313,0.219,0.557,3.6,20.4,5.1,7.1,2.52,1.48,107.9,103.6,-3.68,-1.09,-3.68,0.71,0.71,0.98,0.27,-6.54,10.8,0,1,TCU,2022,2874
Jordan Hill,Arizona,AAC,PG,6-2,74,189,FR,2022,32,221.33434413477855,17.291745635529573,6.4,2.3,1.4,23.3,0.486,0.262,0.109,0.679,0.2,12.6,11.3,12.8,2.61,0.91,97.6,110.9,-3.86,-0.43,-3.86,0.83,0.83,0.83,0.0,-6.55,10.7,0,1,UCLA,2022,2875
Zion Walker,Dayton,ACC,SF,6-7,79,206,R-JR,2021,26,469.22238340253926,45.11753686562878,1.0,2.3,1.5,14.1,0.451,0.352,0.423,0.631,5.2,7.5,12.7,19.9,4.33,1.29,112.5,100.6,-5.71,-1.34,-5.71,0.94,0.94,0.72,-0.22,-6.56,10.7,0,1,George Mason,2021,2876
Xavier Jackson,Saint Louis,CAA,PF,6-8,80,195,SR,2021,25,291.2938373867106,29.12938373867106,1.3,4.8,1.2,21.9,0.57,0.305,0.081,0.889,9.4,17.6,10.0,11.5,0.91,5.25,99.8,99.5,-2.94,-0.43,-2.94,0.77,0.77,0.69,-0.08,-6.57,10.6,0,1,USC,2021,2877
Grant Robinson,Maryland,CUSA,C,7-0,84,220,SO,2024,23,179.43788094881165,19.50411749443605,3.3,4.7,0.8,18.6,0.521,0.328,0.49,0.721,6.4,20.0,6.4,10.4,1.52,6.89,117.4,98.0,-4.01,-0.36,-4.01,0.74,0.74,0.69,-0.05,-6.57,10.6,0,1,Iowa State,2024,2878
Ben Martin,Boise State,CUSA,W,6-5,77,193,FR,2020,32,701.3780004336722,54.79515628388064,1.0,3.6,2.0,20.5,0.51,0.411,0.292,0.613,6.1,13.7,16.4,17.3,1.47,0.1,105.5,102.5,-3.07,-1.08,-3.07,0.74,0.74,0.72,-0.02,-6.57,10.6,0,1,Belmont,2020,2879
Zion Johnson,Saint Louis,Big East,PG,6-2,74,200,SO,2023,29,199.30395310269705,17.181375267473882,2.8,2.0,3.7,13.4,0.43,0.38,0.455,0.812,3.2,8.0,31.0,15.9,1.87,1.44,112.2,97.9,-5.14,-0.51,-5.14,0.93,0.93,0.98,0.05,-6.58,10.5,0,1,Air Force,2023,2880
Vince Thompson,Murray State,Big 12,C,6-9,81,223,FR,2023,21,502.275906032097,59.79475071810678,5.4,4.8,0.9,19.7,0.505,0.421,0.0,0.635,9.5,17.3,7.3,13.9,0.2,3.71,105.3,103.2,-5.51,-1.38,-5.51,0.98,0.98,1.0,0.02,-6.6,10.4,0,1,Florida State,2023,2881
Tyler Martin,Seton Hall,CUSA,C,7-0,84,214,R-JR,2023,20,137.50620763590962,17.188275954488702,1.0,6.4,1.1,15.7,0.508,0.356,0.204,0.844,6.9,28.7,9.0,10.2,4.61,0.3,105.7,89.0,-4.25,-0.29,-4.25,0.74,0.74,0.74,0.0,-6.6,10.4,0,1,Stanford,2023,2882
Kofi Hall,Tulsa,Horizon,PF,6-11,83,202,FR,2024,28,398.76759888871896,35.60424990077848,9.5,5.4,0.4,25.1,0.523,0.292,0.224,0.822,9.4,20.5,3.3,25.0,0.61,3.15,105.9,111.8,-2.02,-0.4,-2.02,0.71,0.71,0.94,0.23,-6.61,10.4,0,1,Virginia Tech,2024,2883
Reed Williams,Davidson,AAC,F,6-8,80,223,R-JR,2023,29,431.5675625947528,37.204100223685586,5.7,3.5,1.7,27.5,0.533,0.207,0.121,0.839,1.6,17.7,13.9,16.2,2.86,2.19,102.3,106.9,-2.54,-0.55,-2.54,0.83,0.83,0.94,0.11,-6.62,10.3,0,1,Mississippi State,2023,2884
Will Rodriguez,Richmond,SEC,PF,6-7,79,234,R-JR,2021,29,720.3587908440358,62.09989576241688,8.1,6.4,2.1,21.0,0.516,0.275,0.214,0.684,12.5,23.2,17.7,11.9,2.49,5.12,111.9,104.9,-2.95,-1.06,-2.95,0.96,0.96,0.98,0.02,-6.62,10.3,0,1,Ohio State,2021,2885
Trevion Parker,Texas,Big Ten,SF,6-6,78,201,R-FR,2023,32,592.4229375707905,46.28304199771801,3.7,1.9,2.9,11.1,0.552,0.396,0.311,0.764,3.1,7.3,23.9,10.2,3.35,1.62,107.7,97.7,-3.84,-1.14,-3.84,1.0,1.0,0.74,-0.26,-6.64,10.2,0,1,Purdue,2023,2886
Evan Hill,Michigan State,SEC,C,6-8,80,205,SR,2020,37,301.42892142355953,20.366819015105374,12.4,2.2,1.6,35.6,0.447,0.19,0.063,0.586,7.1,5.0,12.9,9.1,2.51,8.81,104.8,100.5,-2.77,-0.42,-2.77,0.96,0.96,0.69,-0.27,-6.66,10.0,0,1,Notre Dame,2020,2887
Will King,UNLV,SEC,C,6-9,81,192,JR,2021,33,465.55931584560767,35.26964513981876,6.8,5.8,0.9,21.0,0.537,0.369,0.246,0.706,13.7,18.6,7.8,9.1,2.9,7.59,110.3,106.0,-4.05,-0.94,-4.05,0.96,0.96,0.71,-0.25,-6.7,9.8,0,1,Tulsa,2021,2888
Andrej Rivera,James Madison,Big East,PG,6-2,74,203,R-FR,2021,27,524.1475327891918,48.5321789619622,5.0,2.4,1.5,17.8,0.519,0.36,0.582,0.758,3.5,9.8,12.3,13.6,2.0,0.77,101.9,87.0,-4.26,-1.12,-4.26,0.93,0.93,1.0,0.07,-6.71,9.7,0,1,Boston College,2021,2889
Blake Clark,George Mason,A-10,SF,6-5,77,228,R-FR,2020,29,478.51034146663335,41.25089150574426,5.2,2.2,1.6,18.0,0.397,0.314,0.597,0.664,5.0,7.4,13.7,9.2,3.29,1.08,98.4,105.9,-5.66,-1.35,-5.66,0.86,0.86,1.0,0.14,-6.71,9.7,0,1,Texas,2020,2890
Isaiah Rivera,Minnesota,A-10,G,6-3,75,155,R-FR,2023,24,124.0169912617808,12.918436589768834,8.9,2.5,1.7,21.8,0.541,0.277,0.492,0.62,4.5,9.6,14.1,15.4,1.65,1.66,109.2,91.7,-3.78,-0.23,-3.78,0.86,0.86,1.0,0.14,-6.72,9.7,0,1,Saint Louis,2023,2891
Ivan Hall,Cincinnati,SEC,W,6-6,78,176,JR,2024,28,338.9821633308054,30.266264583107628,1.0,1.9,0.4,12.6,0.6,0.285,0.75,0.675,0.8,9.7,3.0,15.0,3.01,0.59,108.2,103.7,-4.64,-0.79,-4.64,0.96,0.96,0.83,-0.13,-6.72,9.7,0,1,Mississippi State,2024,2892
Eric Morgan,Georgetown,Big 12,SF,6-5,77,216,R-JR,2021,32,181.18641868361738,14.155188959657607,6.8,3.3,1.8,23.1,0.473,0.377,0.705,0.861,7.4,10.9,14.9,15.7,1.64,2.22,116.0,103.0,-3.19,-0.29,-3.19,0.98,0.98,0.7,-0.28,-6.74,9.6,0,1,Boston College,2021,2893
Victor Hall,Duquesne,MAC,PG,6-2,74,207,FR,2022,36,251.95754311541887,17.49705160523742,3.2,2.3,3.8,30.2,0.47,0.294,0.521,0.695,1.7,11.0,31.3,17.1,2.18,1.09,111.2,92.4,-6.25,-0.79,-6.25,0.76,0.76,1.0,0.24,-6.74,9.6,0,1,St. Bonaventure,2022,2894
Andrej Sanchez,Virginia Tech,ACC,F,6-9,81,178,R-FR,2023,29,331.02534968985253,28.536668076711425,6.9,2.8,0.3,23.2,0.527,0.307,0.246,0.671,4.8,10.9,2.3,18.2,0.2,2.69,104.0,105.4,-5.83,-0.96,-5.83,0.94,0.94,0.82,-0.12,-6.74,9.6,0,1,Rutgers,2023,2895
Jalen Stewart,Baylor,SEC,F,6-7,79,200,R-SO,2022,25,409.17453090761256,40.917453090761256,6.9,5.1,0.6,16.0,0.432,0.439,0.147,0.844,10.4,17.9,5.4,9.5,2.07,1.37,113.0,94.1,-3.34,-0.68,-3.34,0.96,0.96,0.79,-0.17,-6.78,9.3,0,1,Connecticut,2022,2896
Ben Campbell,Cincinnati,AAC,C,6-9,81,195,R-FR,2024,32,204.99133102033184,16.014947735963425,5.1,4.1,1.0,11.8,0.522,0.3,0.34,0.511,11.0,11.7,8.2,10.3,3.31,7.0,99.6,86.7,-4.67,-0.48,-4.67,0.83,0.83,0.93,0.1,-6.78,9.3,0,1,Wake Forest,2024,2897
Max Wilson,BYU,MVC,SF,6-3,75,171,R-JR,2024,29,452.12076401848515,38.97592793262803,9.1,2.9,1.3,26.3,0.424,0.266,0.283,0.67,5.5,10.7,11.2,17.2,0.87,1.09,91.7,92.7,-4.93,-1.12,-4.93,0.79,0.79,0.7,-0.09,-6.8,9.2,0,1,Baylor,2024,2898
Marcus Rivera,Saint Louis,A-10,PG,6-1,73,203,R-JR,2020,28,575.2015335201156,51.357279778581756,5.3,0.8,2.5,20.5,0.425,0.382,0.428,0.744,0.2,4.0,21.1,23.7,1.41,1.7,109.8,92.3,-3.79,-1.09,-3.79,0.86,0.86,0.71,-0.15,-6.82,9.1,0,1,George Mason,2020,2899
Tanner Edwards,Wake Forest,Ivy,SF,6-5,77,242,SR,2020,26,172.0258832520251,16.54095031269472,6.8,1.8,1.3,17.2,0.567,0.344,0.254,0.828,2.1,8.1,10.7,8.6,2.73,2.18,116.5,103.3,-3.89,-0.33,-3.89,0.71,0.71,0.74,0.03,-6.83,9.0,0,1,Mississippi State,2020,2900
Andre Campbell,Auburn,Big Ten,PG,6-4,76,234,FR,2021,32,479.86623829717496,37.48954986696679,12.2,1.9,2.1,21.3,0.599,0.271,0.15,0.754,0.3,10.4,17.8,11.9,2.71,0.48,115.8,99.1,-4.16,-1.0,-4.16,1.0,1.0,0.94,-0.06,-6.84,8.9,0,1,Northwestern,2021,2901
DeShawn Martinez,Air Force,Big Ten,PF,6-9,81,188,R-FR,2023,25,331.9352495444858,33.193524954448584,3.2,3.4,1.5,25.7,0.411,0.245,0.2,0.632,5.9,12.8,12.8,16.2,2.23,3.16,94.7,102.8,-3.42,-0.57,-3.42,1.0,1.0,0.83,-0.17,-6.86,8.9,0,1,SMU,2023,2902
Tyler White,Tennessee,SEC,G,6-2,74,218,R-FR,2024,35,492.11391474801366,35.1509939105724,5.4,2.2,0.9,15.0,0.521,0.443,0.527,0.759,2.2,10.2,7.6,25.7,3.1,1.32,117.4,101.9,-3.94,-0.97,-3.94,0.96,0.96,0.82,-0.14,-6.87,8.8,0,1,Baylor,2024,2903
Quinn Taylor,Murray State,MAC,PF,6-9,81,176,R-JR,2022,21,108.51124617198113,12.91800549666442,16.1,4.8,0.9,27.5,0.489,0.24,0.0,0.733,4.6,22.1,7.3,11.0,3.4,6.04,99.8,92.4,-4.18,-0.23,-4.18,0.76,0.76,0.72,-0.04,-6.93,8.4,0,1,Vanderbilt,2022,2904
Isaiah White,Illinois,Big 12,F,6-7,79,228,SO,2024,25,196.1994449056921,19.61994449056921,5.5,5.5,1.0,16.3,0.439,0.236,0.073,0.684,4.6,26.0,8.4,13.3,3.06,3.52,116.1,96.6,-3.94,-0.39,-3.94,0.98,0.98,0.86,-0.12,-6.93,8.4,0,1,Tennessee,2024,2905
Ivan Evans,Purdue,SEC,PG,6-3,75,224,R-JR,2022,26,453.5714950056609,43.612643750544315,7.6,3.0,3.9,17.0,0.551,0.313,0.469,0.514,4.0,12.4,32.2,14.5,2.5,1.05,99.1,98.7,-2.83,-0.64,-2.83,0.96,0.96,0.76,-0.2,-6.95,8.3,0,1,Mississippi State,2022,2906
Flynn Robinson,Saint Mary's,WCC,G,6-2,74,215,R-FR,2021,21,576.9307054414871,68.68222683827227,7.2,1.1,3.7,15.8,0.51,0.296,0.221,0.651,4.0,2.3,30.8,23.4,2.71,1.63,112.4,107.3,-4.96,-1.43,-4.96,0.82,0.82,0.71,-0.11,-6.97,8.2,0,1,Utah State,2021,2907
Kyle Garcia,BYU,Big Ten,W,6-5,77,209,R-JR,2020,36,334.43061006139135,23.224347920929954,4.4,4.1,1.1,13.3,0.506,0.359,0.321,0.751,4.9,17.8,9.4,9.3,3.14,0.1,108.7,102.8,-5.64,-0.94,-5.64,1.0,1.0,0.76,-0.24,-6.98,8.1,0,1,Iowa State,2020,2908
Flynn Davis,Nevada,A-10,C,6-8,80,203,R-FR,2020,29,480.95483092097663,41.46162335525661,5.0,3.9,1.5,10.8,0.549,0.181,0.273,0.45,12.8,8.9,12.4,8.9,3.25,12.52,92.8,102.7,-4.87,-1.17,-4.87,0.86,0.86,0.74,-0.12,-6.99,8.1,0,1,Florida,2020,2909
Ryan Young,Virginia,OVC,C,6-9,81,202,SO,2021,25,354.85021388781036,35.485021388781036,1.7,5.2,1.7,18.7,0.421,0.322,0.242,0.603,8.2,20.5,14.5,10.5,3.94,5.64,103.4,92.9,-6.32,-1.12,-6.32,0.69,0.69,0.79,0.1,-6.99,8.1,0,1,Iowa State,2021,2910
Kevin Thompson,Marquette,Big Ten,C,6-9,81,179,JR,2023,29,395.16484103479974,34.06593457196549,6.6,6.7,0.9,19.5,0.549,0.214,0.433,0.783,14.1,23.2,7.2,4.0,0.97,6.09,110.2,95.5,-4.8,-0.95,-4.8,1.0,1.0,0.98,-0.02,-7.0,8.0,0,1,Xavier,2023,2911
Tanner Clark,Eastern Kentucky,WCC,SF,6-6,78,199,R-JR,2022,21,441.3477058359865,52.54139355190316,7.7,2.6,2.2,22.1,0.453,0.303,0.568,0.768,6.8,7.8,17.9,16.3,2.14,0.1,121.0,91.8,-4.5,-0.99,-4.5,0.82,0.82,0.72,-0.1,-7.0,8.0,0,1,Virginia,2022,2912
Sam Green,Eastern Kentucky,Big Ten,SF,6-5,77,160,R-SO,2021,27,259.62233506480857,24.039105098593385,1.8,4.8,1.1,15.1,0.484,0.374,0.344,0.763,10.2,16.2,9.2,11.8,2.78,1.93,120.4,95.9,-3.91,-0.51,-3.91,1.0,1.0,0.7,-0.3,-7.01,7.9,0,1,Butler,2021,2913
Luke Cook,Utah State,A-10,G,6-2,74,173,JR,2020,37,394.666650920734,26.6666656027523,1.0,2.9,2.8,14.5,0.439,0.211,0.208,0.643,4.7,11.1,23.7,16.4,2.96,2.77,103.6,95.3,-2.78,-0.55,-2.78,0.86,0.86,0.7,-0.16,-7.02,7.9,0,1,Creighton,2020,2914
Paul Walker,Providence,Ivy,SF,6-6,78,222,R-FR,2024,29,327.008491467719,28.190387195493017,13.5,1.5,2.5,21.8,0.505,0.431,0.491,0.631,0.5,7.7,20.7,12.0,2.88,2.14,109.6,98.6,-2.86,-0.47,-2.86,0.71,0.71,0.74,0.03,-7.02,7.9,0,1,Houston,2024,2915
Cameron King,Seton Hall,Big Ten,G,6-3,75,192,FR,2023,33,686.998586703435,52.04534747753296,10.0,1.8,1.8,18.6,0.539,0.41,0.634,0.563,2.4,7.5,15.4,15.6,1.84,2.58,99.8,99.6,-2.91,-1.0,-2.91,1.0,1.0,0.71,-0.29,-7.05,7.7,0,1,Iowa,2023,2916
Victor Parker,Maryland,Big 12,SF,6-6,78,186,R-JR,2021,28,344.7800390338546,30.783932056594164,1.0,2.4,1.9,18.7,0.487,0.231,0.38,0.877,7.7,5.5,15.5,15.8,3.72,0.71,128.0,98.8,-3.06,-0.53,-3.06,0.98,0.98,0.98,0.0,-7.05,7.7,0,1,Minnesota,2021,2917
Brandon Adams,Boston College,WCC,SG,6-2,74,242,JR,2020,27,251.44166225459284,23.28163539394378,5.8,2.7,2.6,16.1,0.491,0.371,0.449,0.641,4.9,10.2,21.5,6.1,1.47,2.37,99.2,95.6,-3.59,-0.45,-3.59,0.82,0.82,0.79,-0.03,-7.08,7.5,0,1,Pittsburgh,2020,2918
Nick Jackson,Creighton,Horizon,W,6-8,80,187,R-JR,2021,22,425.91690429364405,48.39964821518682,5.8,3.9,1.7,29.8,0.52,0.379,0.164,0.67,5.4,16.1,14.2,13.4,3.92,3.08,116.0,95.4,-5.4,-1.15,-5.4,0.71,0.71,0.79,0.08,-7.09,7.4,0,1,Florida State,2021,2919
Damian Clark,Seton Hall,Sun Belt,F,6-7,79,208,R-FR,2024,23,291.64403978968255,31.70043910757419,6.4,4.4,1.3,19.5,0.488,0.32,0.11,0.568,4.6,19.6,10.9,9.9,1.21,0.1,98.9,96.8,-4.6,-0.67,-4.6,0.72,0.72,0.7,-0.02,-7.11,7.3,0,1,Murray State,2024,2920
Derek Hernandez,Virginia,MVC,SG,6-3,75,174,R-JR,2023,27,656.4908391141598,60.78618880686665,1.0,1.9,1.3,18.6,0.442,0.37,0.327,0.571,2.9,7.4,10.9,15.1,3.1,1.09,115.3,99.5,-4.37,-1.44,-4.37,0.79,0.79,1.0,0.21,-7.12,7.3,0,1,Illinois,2023,2921
Nick Collins,Utah State,Sun Belt,SF,6-9,81,221,R-JR,2020,28,503.9121517641081,44.992156407509654,11.9,3.6,2.7,17.1,0.449,0.367,0.13,0.62,4.3,15.9,22.6,15.5,0.2,0.38,135.0,100.1,-6.66,-1.68,-6.66,0.72,0.72,0.98,0.26,-7.13,7.2,0,1,LSU,2020,2922
Vince Wilson,Butler,Sun Belt,SG,6-2,74,230,R-FR,2021,17,123.68907628563868,18.189570042005688,15.0,1.2,1.0,21.9,0.511,0.308,0.261,0.599,1.9,4.7,8.4,12.1,4.08,3.84,119.6,103.0,-5.9,-0.36,-5.9,0.72,0.72,1.0,0.28,-7.14,7.1,0,1,Michigan,2021,2923
Sam Allen,Houston,MAC,F,6-10,82,219,R-JR,2024,30,281.88017199149715,23.49001433262476,11.7,4.0,0.6,21.0,0.421,0.201,0.263,0.585,11.2,11.0,5.2,14.4,2.02,0.1,114.1,86.3,-2.47,-0.35,-2.47,0.76,0.76,0.71,-0.05,-7.16,7.1,0,1,Iowa State,2024,2924
Ivan Adams,North Carolina,A-10,SF,6-5,77,212,R-JR,2021,33,105.60000000000001,8.0,5.2,2.8,1.7,11.4,0.58,0.3,0.339,0.779,5.5,9.8,14.4,15.7,2.04,3.13,111.9,103.0,-2.83,-0.15,-2.83,0.86,0.86,0.76,-0.1,-7.16,7.0,0,1,Memphis,2021,2925
DeShawn Rogers,Georgetown,Big East,PF,6-8,80,239,R-FR,2024,26,462.28649336678524,44.45062436219089,5.6,4.1,1.2,18.2,0.504,0.234,0.404,0.604,9.0,13.9,10.4,10.9,2.19,4.1,99.2,96.4,-5.47,-1.26,-5.47,0.93,0.93,0.82,-0.11,-7.18,6.9,0,1,Oklahoma,2024,2926
Derek Rivera,Nebraska,Big Ten,PG,6-3,75,203,JR,2023,23,186.5866004453974,20.281152222325805,3.8,1.9,1.9,10.0,0.498,0.271,0.497,0.731,0.9,9.6,15.9,21.6,2.08,1.17,109.2,113.4,-3.5,-0.33,-3.5,1.0,1.0,0.69,-0.31,-7.19,6.8,0,1,Notre Dame,2023,2927
Henry Anderson,Vanderbilt,Big Ten,W,6-6,78,205,JR,2021,29,172.6433948988418,14.883051284382914,4.9,4.1,2.4,15.0,0.543,0.276,0.327,0.8,6.6,16.2,19.6,17.0,2.16,0.1,116.3,112.1,-1.87,-0.16,-1.87,1.0,1.0,0.7,-0.3,-7.19,6.9,0,1,St. Bonaventure,2021,2928
Patrick Hill,Iowa,Big Ten,SG,6-4,76,183,R-FR,2022,26,257.7694678731998,24.78552575703844,4.4,2.2,1.0,17.6,0.374,0.325,0.25,0.765,3.7,8.4,8.2,10.4,3.28,3.82,114.9,100.8,-5.47,-0.7,-5.47,1.0,1.0,0.96,-0.04,-7.19,6.9,0,1,Baylor,2022,2929
DeShawn Lewis,James Madison,OVC,SF,6-7,79,192,FR,2024,31,316.666665034951,25.537634277012177,7.8,1.7,1.6,22.6,0.505,0.324,0.509,0.575,3.0,6.4,13.7,7.9,1.51,0.39,121.9,93.3,-4.37,-0.69,-4.37,0.69,0.69,0.96,0.27,-7.2,6.8,0,1,SMU,2024,2930
Vince Scott,Davidson,SEC,SF,6-8,80,189,JR,2023,24,411.305530994394,42.844326145249376,6.5,3.2,0.8,21.1,0.54,0.393,0.425,0.724,2.5,15.2,7.0,14.4,1.65,0.89,115.5,98.1,-5.61,-1.15,-5.61,0.96,0.96,0.93,-0.03,-7.21,6.8,0,1,Kansas,2023,2931
Brandon Stewart,Wisconsin,WCC,SF,6-4,76,220,FR,2023,32,443.4031814701334,34.64087355235417,6.0,3.8,1.5,30.0,0.451,0.282,0.492,0.548,3.2,18.1,12.7,17.4,2.44,1.4,119.9,97.3,-4.95,-1.1,-4.95,0.82,0.82,0.77,-0.05,-7.23,6.6,0,1,Hofstra,2023,2932
Tanner Hill,Arizona,Big 12,G,6-1,73,186,FR,2022,31,500.7073316500207,40.37962352016296,6.0,2.4,2.4,13.5,0.491,0.32,0.064,0.625,1.8,11.6,20.2,26.3,2.57,0.1,118.2,103.7,-5.46,-1.37,-5.46,0.98,0.98,0.74,-0.24,-7.24,6.5,0,1,Tennessee Tech,2022,2933
Trevion Bailey,Nevada,CAA,PF,6-5,77,190,JR,2020,34,322.6993481115584,23.72789324349694,5.4,4.8,0.7,24.6,0.496,0.291,0.065,0.693,8.9,17.5,5.9,17.0,2.44,0.3,111.5,102.0,-4.86,-0.78,-4.86,0.77,0.77,0.94,0.17,-7.25,6.5,0,1,Baylor,2020,2934
Owen Reed,Rutgers,ACC,PF,6-7,79,191,JR,2022,31,666.30212484005,53.73404232581048,1.5,3.7,0.5,20.7,0.505,0.254,0.0,0.708,4.1,16.2,4.0,11.3,1.2,4.67,115.7,100.1,-4.22,-1.41,-4.22,0.94,0.94,0.94,0.0,-7.26,6.5,0,1,Austin Peay,2022,2935
Cameron Bell,Murray State,SEC,SG,6-5,77,216,JR,2021,24,273.2548742480021,28.464049400833556,8.8,1.9,1.6,16.4,0.478,0.287,0.722,0.727,3.8,6.5,13.1,11.1,0.2,0.12,95.1,84.7,-4.37,-0.6,-4.37,0.96,0.96,0.7,-0.26,-7.26,6.5,0,1,North Carolina,2021,2936
Tyrese Collins,Duquesne,A-10,PG,6-2,74,209,R-FR,2024,33,127.70567092043683,9.674672039427032,2.1,1.9,2.7,16.4,0.492,0.382,0.622,0.723,4.0,6.3,22.4,18.0,2.52,2.46,98.1,93.2,-2.73,-0.17,-2.73,0.86,0.86,0.74,-0.12,-7.27,6.4,0,1,Richmond,2024,2937
Victor Baker,Pittsburgh,AAC,C,6-10,82,214,R-JR,2021,37,336.36475595109437,22.727348375073944,11.5,5.5,0.5,21.8,0.54,0.354,0.002,0.621,7.6,23.0,3.8,11.8,1.99,0.56,106.7,101.9,-3.21,-0.54,-3.21,0.83,0.83,0.98,0.15,-7.34,6.0,0,1,Florida State,2021,2938
Henry Brown,Butler,ACC,F,6-8,80,220,R-JR,2023,31,752.8359504783477,60.712576651479665,1.0,6.1,1.5,19.8,0.494,0.317,0.121,0.654,8.5,25.6,12.2,10.6,3.07,1.51,112.6,99.8,-4.58,-1.72,-4.58,0.94,0.94,0.74,-0.2,-7.35,5.9,0,1,Richmond,2023,2939
Blake Robinson,Wichita State,A-10,W,6-8,80,198,R-FR,2024,35,502.0114252270986,35.857958944792756,1.3,3.3,1.1,15.4,0.525,0.38,0.518,0.759,7.4,10.9,9.4,10.5,0.56,1.74,109.8,95.9,-7.46,-1.87,-7.46,0.86,0.86,1.0,0.14,-7.37,5.8,0,1,Syracuse,2024,2940
Vince Collins,Tennessee,WAC,G,6-1,73,208,R-FR,2022,23,244.32104459669475,26.556635282249427,2.9,1.7,2.4,19.3,0.513,0.332,0.32,0.606,2.6,6.9,20.2,18.5,2.13,1.57,107.1,101.4,-2.97,-0.36,-2.97,0.7,0.7,0.79,0.09,-7.41,5.5,0,1,Seton Hall,2022,2941
Alex White,Northwestern,CUSA,C,6-9,81,203,R-FR,2024,37,680.3691424483492,45.97088800326684,3.1,3.5,1.3,12.1,0.477,0.281,0.293,0.533,5.3,13.9,10.4,12.8,1.42,4.95,100.4,96.5,-4.82,-1.64,-4.82,0.74,0.74,0.76,0.02,-7.43,5.4,0,1,Miami,2024,2942
Paul Johnson,North Carolina,SEC,C,7-1,85,199,JR,2021,15,51.01648405712179,8.502747342853631,2.9,4.4,0.8,18.3,0.5,0.296,0.298,0.696,6.4,18.0,7.0,6.8,3.16,5.56,121.6,90.7,-4.37,-0.11,-4.37,0.96,0.96,0.98,0.02,-7.45,5.3,0,1,Minnesota,2021,2943
Chris Allen,UNLV,A-10,PF,6-9,81,227,JR,2020,22,224.78925767194107,25.54423382635694,4.2,5.0,0.7,22.8,0.505,0.28,0.234,0.652,10.0,18.0,6.2,12.5,1.81,6.04,117.1,101.6,-3.99,-0.45,-3.99,0.86,0.86,0.74,-0.12,-7.47,5.2,0,1,BYU,2020,2944
Mike Harris,Boston College,SEC,PG,6-4,76,193,FR,2021,19,481.3071209670361,63.32988433776791,9.2,2.7,0.8,20.9,0.524,0.278,0.394,0.769,2.6,12.2,6.8,13.8,3.68,2.41,114.8,105.6,-5.38,-1.3,-5.38,0.96,0.96,0.7,-0.26,-7.48,5.1,0,1,St. John's,2021,2945
Tyrese Thompson,Northwestern,Big Ten,PG,6-3,75,199,R-JR,2024,28,545.5163926996428,48.706820776753815,8.5,1.4,2.2,28.7,0.465,0.317,0.148,0.72,0.2,7.7,18.7,20.6,3.15,1.18,106.1,102.5,-2.72,-0.74,-2.72,1.0,1.0,0.74,-0.26,-7.53,4.8,0,1,Kansas,2024,2946
Vince Rivera,Florida State,Big East,PG,6-3,75,190,FR,2022,35,305.53071268318615,21.823622334513296,4.7,1.9,1.8,28.3,0.435,0.353,0.069,0.843,4.0,6.7,15.2,10.2,4.62,0.58,98.6,99.9,-5.33,-0.81,-5.33,0.93,0.93,0.83,-0.1,-7.61,4.4,0,1,Richmond,2022,2947
Jordan Baker,Arizona,Big East,W,6-8,80,213,R-FR,2021,28,470.29580675063414,41.99069703130662,4.8,4.1,1.9,16.3,0.473,0.276,0.392,0.764,8.5,14.2,15.6,18.9,0.87,2.1,113.5,91.6,-5.22,-1.23,-5.22,0.93,0.93,0.93,0.0,-7.63,4.2,0,1,Xavier,2021,2948
Eric Phillips,Hofstra,OVC,SF,6-3,75,155,SO,2023,25,344.32002620361095,34.4320026203611,7.1,2.9,1.5,20.4,0.519,0.33,0.182,0.812,8.2,7.8,12.5,13.1,1.04,0.1,105.0,97.1,-4.19,-0.72,-4.19,0.69,0.69,0.71,0.02,-7.65,4.1,0,1,Duquesne,2023,2949
Ivan Turner,St. John's,A-10,PF,6-10,82,211,R-JR,2022,30,655.7668308038999,54.647235900324986,1.0,4.1,0.2,16.0,0.458,0.399,0.338,0.814,9.1,13.8,1.9,9.1,0.73,10.32,104.7,95.2,-3.16,-1.03,-3.16,0.86,0.86,0.74,-0.12,-7.67,4.0,0,1,Rutgers,2022,2950
Owen Clark,James Madison,Sun Belt,W,6-4,76,241,R-JR,2022,27,273.7588973207302,25.34804604821576,5.7,3.3,1.1,23.7,0.518,0.284,0.361,0.708,4.8,13.7,9.3,15.9,1.96,2.28,119.6,104.4,-3.44,-0.47,-3.44,0.72,0.72,0.79,0.07,-7.67,4.0,0,1,Clemson,2022,2951
Reed Scott,BYU,MVC,SF,6-4,76,202,R-JR,2023,35,319.14224398887166,22.795874570633693,4.9,4.0,1.2,19.1,0.438,0.297,0.234,0.656,9.9,12.6,10.0,6.7,0.48,0.96,103.7,97.5,-6.35,-1.01,-6.35,0.79,0.79,0.86,0.07,-7.69,3.9,0,1,Richmond,2023,2952
Quinn Nelson,Virginia,SEC,PG,6-1,73,179,JR,2021,33,463.13242918539225,35.085790089802444,4.8,1.9,2.1,10.5,0.508,0.432,0.05,0.67,4.4,5.9,17.5,16.9,2.02,0.64,105.1,104.6,-2.86,-0.66,-2.86,0.96,0.96,0.7,-0.26,-7.7,3.8,0,1,Hofstra,2021,2953
Jalen Moore,Maryland,AAC,F,6-6,78,192,R-FR,2021,21,172.6377001793387,20.55210716420699,4.9,3.5,1.0,25.3,0.419,0.349,0.058,0.758,6.3,12.9,8.0,11.1,3.19,0.1,106.1,112.2,-6.72,-0.58,-6.72,0.83,0.83,0.79,-0.04,-7.71,3.7,0,1,Alabama,2021,2954
Brandon Lewis,UNLV,OVC,W,6-8,80,174,R-FR,2023,19,129.2828532431194,17.01090174251571,1.0,2.6,0.8,18.2,0.531,0.205,0.3,0.619,9.4,5.2,6.8,18.4,3.56,0.76,105.6,102.9,-6.33,-0.41,-6.33,0.69,0.69,0.86,0.17,-7.74,3.5,0,1,Indiana,2023,2955
Omar White,Wisconsin,MAC,G,6-4,76,221,R-JR,2020,31,719.9904334516768,58.06374463319974,4.9,2.1,1.7,16.7,0.463,0.343,0.512,0.679,1.0,10.4,14.2,19.5,2.24,0.16,123.5,99.1,-4.43,-1.6,-4.43,0.76,0.76,0.96,0.2,-7.76,3.4,0,1,Indiana,2020,2956
Coleman Rogers,San Diego State,Horizon,W,6-8,80,204,JR,2024,21,213.44572572302127,25.410205443216814,9.7,3.4,2.3,16.2,0.379,0.288,0.664,0.698,9.9,9.1,19.3,15.0,1.39,1.76,105.9,97.3,-5.94,-0.63,-5.94,0.71,0.71,0.74,0.03,-7.81,3.1,0,1,Tulsa,2024,2957
Cameron Rodriguez,Alabama,Sun Belt,F,6-7,79,228,R-FR,2024,30,372.9040052652367,31.07533377210306,4.6,5.2,1.3,22.7,0.466,0.242,0.395,0.794,5.0,24.1,10.6,13.9,2.02,1.16,107.2,93.4,-5.03,-0.94,-5.03,0.72,0.72,0.74,0.02,-7.81,3.1,0,1,Memphis,2024,2958
Darius Carter,Ohio State,CAA,G,6-2,74,181,R-JR,2023,25,509.9683534773794,50.99683534773794,4.9,0.6,2.8,14.7,0.542,0.411,0.644,0.665,0.6,2.8,23.3,16.5,3.6,1.8,105.4,104.4,-5.44,-1.39,-5.44,0.77,0.77,0.69,-0.08,-7.83,3.0,0,1,Houston,2023,2959
Nick Clark,Murray State,WAC,F,6-8,80,200,SO,2024,19,174.54063270888452,22.965872724853224,4.9,5.5,0.2,23.1,0.491,0.192,0.376,0.716,13.2,17.3,1.0,10.4,1.46,0.57,113.0,93.3,-4.26,-0.37,-4.26,0.7,0.7,0.7,0.0,-7.86,2.8,0,1,Iowa,2024,2960
Luke Williams,Connecticut,A-10,C,6-9,81,194,FR,2020,30,310.61467441947167,25.88455620162264,4.4,5.4,0.6,12.4,0.456,0.243,0.136,0.749,4.7,25.5,5.1,11.7,2.21,5.25,112.7,112.1,-3.43,-0.53,-3.43,0.86,0.86,1.0,0.14,-7.9,2.6,0,1,Tennessee,2020,2961
Coleman Roberts,Arizona,MAC,G,6-4,76,194,JR,2021,28,505.2728413708768,45.11364655097114,12.5,1.5,2.7,17.3,0.52,0.373,0.356,0.81,0.2,8.2,22.3,19.6,3.6,0.14,99.2,96.8,-5.03,-1.27,-5.03,0.76,0.76,0.76,0.0,-7.94,2.3,0,1,St. John's,2021,2962
Derek Davis,Richmond,MVC,C,6-7,79,201,SO,2022,24,126.94378096231159,13.223310516907459,8.2,4.5,1.2,20.8,0.562,0.201,0.36,0.671,9.7,15.5,10.0,16.5,3.49,8.31,107.2,102.6,-3.74,-0.24,-3.74,0.79,0.79,0.74,-0.05,-7.98,2.1,0,1,UNLV,2022,2963
Darius Murphy,Alabama,ACC,SF,6-6,78,218,JR,2022,25,80.0,8.0,4.4,4.3,1.0,16.4,0.571,0.38,0.05,0.65,5.1,19.0,8.2,16.7,3.26,0.78,108.4,99.1,-3.35,-0.13,-3.35,0.94,0.94,0.69,-0.25,-7.99,2.1,0,1,UNLV,2022,2964
Vince Clark,Wichita State,Big 12,SG,6-3,75,208,FR,2021,25,168.81775039656145,16.881775039656144,1.2,1.8,1.8,10.3,0.515,0.316,0.261,0.715,0.8,9.3,15.1,13.6,2.67,2.09,108.4,98.3,-3.53,-0.3,-3.53,0.98,0.98,0.74,-0.24,-8.05,1.7,0,1,Austin Peay,2021,2965
Sean Robinson,Tennessee Tech,A-10,SF,6-7,79,208,JR,2024,33,313.542586888153,23.753226279405528,5.6,2.1,1.5,11.0,0.59,0.364,0.599,0.738,5.3,6.5,12.2,11.7,3.03,2.44,110.0,92.5,-5.35,-0.84,-5.35,0.86,0.86,0.74,-0.12,-8.06,1.6,0,1,Georgetown,2024,2966
Jake Phillips,Nebraska,MAAC,SG,6-4,76,194,JR,2020,36,753.4982887623034,52.32627005293774,3.9,1.9,1.9,13.0,0.466,0.381,0.341,0.685,0.8,9.8,16.0,13.4,0.81,2.71,111.4,105.7,-6.51,-2.45,-6.51,0.74,0.74,0.71,-0.03,-8.07,1.6,0,1,Wichita State,2020,2967
Elijah Martinez,Kentucky,ACC,SF,6-6,78,215,R-SO,2022,24,563.968062249899,58.74667315103115,2.3,3.2,0.9,15.0,0.439,0.371,0.455,0.709,2.7,15.1,7.9,18.6,5.06,1.87,113.4,95.3,-6.09,-1.72,-6.09,0.94,0.94,0.98,0.04,-8.09,1.4,0,1,Oregon,2022,2968
Andrej Roberts,Belmont,WAC,C,6-7,79,184,R-JR,2023,37,602.5960191440063,40.71594723945988,6.0,6.6,0.3,15.8,0.45,0.301,0.406,0.59,9.4,27.1,2.4,7.5,1.78,3.2,115.5,100.6,-5.06,-1.52,-5.06,0.7,0.7,0.71,0.01,-8.13,1.2,0,1,Xavier,2023,2969
Cade Lee,Murray State,Big Ten,C,6-9,81,183,R-FR,2022,26,230.22746662421957,22.13725640617496,1.5,5.4,1.4,15.0,0.507,0.374,0.304,0.672,10.7,19.1,11.9,7.3,2.05,4.35,115.1,94.2,-6.04,-0.7,-6.04,1.0,1.0,0.93,-0.07,-8.16,1.0,0,1,Georgia,2022,2970
Eric Jackson,Notre Dame,ACC,W,6-10,82,214,R-FR,2020,23,160.1762214554525,17.410458853853534,10.0,3.4,0.7,22.7,0.47,0.274,0.33,0.803,4.2,14.7,5.6,12.5,1.31,1.8,101.1,110.7,-5.13,-0.41,-5.13,0.94,0.94,0.72,-0.22,-8.26,0.5,0,1,San Diego State,2020,2971
Blake Rogers,Wake Forest,ACC,PG,6-2,74,211,R-JR,2022,29,601.0861391268724,51.81777061438555,1.7,2.4,1.5,16.6,0.469,0.304,0.434,0.82,4.1,9.4,12.7,11.4,2.73,0.15,107.6,100.1,-4.13,-1.24,-4.13,0.94,0.94,0.72,-0.22,-8.28,0.3,0,1,Murray State,2022,2972
Cameron Gonzalez,Nevada,ACC,SF,6-5,77,196,R-FR,2021,29,423.20739691932215,36.48339628614846,4.4,3.5,0.6,13.6,0.497,0.283,0.536,0.555,9.9,9.3,5.2,11.8,0.2,0.1,110.7,88.8,-5.09,-1.08,-5.09,0.94,0.94,0.72,-0.22,-8.28,0.3,0,1,TCU,2021,2973
Marcus Edwards,Iowa State,Big Ten,C,7-0,84,221,R-FR,2020,34,235.82170158360117,17.339830998794202,5.4,3.6,0.9,20.6,0.473,0.314,0.165,0.696,4.0,16.1,7.7,9.9,3.59,9.3,117.3,107.1,-3.02,-0.36,-3.02,1.0,1.0,0.74,-0.26,-8.29,0.3,0,1,Saint Mary's,2020,2974
Reed Gonzalez,Creighton,AAC,W,6-5,77,176,R-JR,2021,27,188.82489122541728,17.483786224575674,2.3,3.9,1.9,13.6,0.491,0.368,0.31,0.712,5.6,15.9,15.8,10.5,3.36,1.03,103.3,92.9,-5.99,-0.57,-5.99,0.83,0.83,0.72,-0.11,-8.36,0.0,0,1,Saint Louis,2021,2975
Nick Adams,Miami,WCC,SG,6-4,76,201,R-JR,2024,26,276.4614505702684,26.582831785602732,6.5,1.4,2.2,21.7,0.514,0.3,0.382,0.646,2.7,5.2,18.5,12.6,0.95,1.28,109.7,95.8,-4.34,-0.6,-4.34,0.82,0.82,0.94,0.12,-8.38,0.0,0,1,Boston College,2024,2976
Trevion Gonzalez,William & Mary,Big 12,PG,6-2,74,197,SR,2022,31,196.06413983428908,15.811624180184603,10.0,2.3,2.1,16.6,0.428,0.431,0.316,0.816,6.0,6.7,17.3,7.2,2.49,1.88,114.7,106.4,-4.14,-0.41,-4.14,0.98,0.98,0.93,-0.05,-8.44,0.0,0,1,Minnesota,2022,2977
Jaylen Bailey,LSU,Big Ten,PF,6-6,78,215,JR,2021,18,247.80136313706268,34.41685599125871,6.7,5.9,2.0,22.6,0.491,0.373,0.348,0.819,9.0,23.7,16.6,15.0,2.54,5.95,94.8,95.4,-5.34,-0.66,-5.34,1.0,1.0,0.74,-0.26,-8.52,0.0,0,1,Michigan,2021,2978
Coleman Green,Baylor,ACC,SG,6-2,74,209,R-FR,2022,29,149.94656745253005,12.926428228666385,10.4,1.9,1.7,23.9,0.544,0.366,0.302,0.71,2.0,8.5,14.3,12.0,1.85,0.1,117.5,100.0,-5.57,-0.42,-5.57,0.94,0.94,0.69,-0.25,-8.59,0.0,0,1,George Mason,2022,2979
Tyler King,Utah State,Big Ten,F,6-9,81,212,R-FR,2021,24,169.60960673989692,17.667667368739263,7.2,5.5,1.0,20.5,0.506,0.31,0.18,0.669,13.2,17.4,8.3,11.2,2.09,0.14,102.1,112.7,-4.13,-0.35,-4.13,1.0,1.0,0.86,-0.14,-8.61,0.0,0,1,Baylor,2021,2980
Tyrese Nelson,Creighton,SEC,SF,6-5,77,178,R-JR,2021,23,300.58159704028697,32.671912721770326,5.6,3.5,1.4,17.6,0.405,0.319,0.395,0.781,7.2,12.4,12.0,7.9,1.4,0.54,128.8,110.1,-4.8,-0.72,-4.8,0.96,0.96,0.86,-0.1,-8.65,0.0,0,1,Oklahoma,2021,2981
Todd Cook,Duquesne,AAC,PG,6-1,73,220,FR,2023,24,154.53297148265347,16.09718452944307,7.5,3.2,2.4,24.9,0.474,0.388,0.712,0.631,4.9,12.8,20.4,20.4,3.44,1.44,108.4,94.9,-6.01,-0.46,-6.01,0.83,0.83,1.0,0.17,-8.69,0.0,0,1,Tennessee Tech,2023,2982
Quinn Lewis,TCU,WCC,SF,6-6,78,193,FR,2021,27,262.7734898861669,24.3308786931636,11.7,2.6,0.9,21.4,0.528,0.35,0.171,0.695,7.1,7.2,7.2,11.8,2.37,2.12,116.8,93.5,-5.31,-0.7,-5.31,0.82,0.82,0.77,-0.05,-8.85,0.0,0,1,Providence,2021,2983
Patrick Reed,Florida,ACC,G,6-6,78,182,R-FR,2023,29,383.05860084662766,33.02229317643342,2.4,2.1,2.2,10.0,0.437,0.439,0.137,0.843,3.2,8.4,18.3,29.3,1.45,0.78,113.7,93.9,-4.99,-0.96,-4.99,0.94,0.94,0.7,-0.24,-9.06,0.0,0,1,USC,2023,2984
Ivan Stewart,James Madison,SEC,C,6-7,79,192,R-FR,2022,23,532.1927075410562,57.84703342837567,10.2,3.9,0.7,21.1,0.416,0.298,0.157,0.786,4.5,17.3,5.9,17.7,2.97,2.71,108.6,97.1,-5.08,-1.35,-5.08,0.96,0.96,0.7,-0.26,-9.07,0.0,0,1,Florida,2022,2985
Quinn Garcia,St. John's,ACC,G,6-3,75,200,R-FR,2023,36,216.31711841419164,15.022022112096643,6.1,1.6,1.5,17.6,0.507,0.353,0.235,0.636,3.7,5.0,12.7,16.2,2.46,2.87,112.9,101.3,-3.98,-0.43,-3.98,0.94,0.94,0.77,-0.17,-9.14,0.0,0,1,Creighton,2023,2986
Patrick Lopez,Belmont,A-10,SG,6-1,73,212,R-FR,2023,23,171.79518680587785,18.67338987020411,5.7,0.9,1.3,15.5,0.499,0.328,0.05,0.835,2.4,2.6,11.1,14.2,2.07,0.16,119.8,103.6,-5.09,-0.44,-5.09,0.86,0.86,0.76,-0.1,-9.15,0.0,0,1,Memphis,2023,2987
Jake Allen,Butler,Big East,PF,6-7,79,170,R-JR,2020,26,171.72560957367966,16.512077843623047,3.8,4.7,0.7,21.7,0.376,0.218,0.163,0.627,7.6,18.3,5.9,12.8,1.69,2.67,112.0,99.1,-5.95,-0.51,-5.95,0.93,0.93,0.7,-0.23,-9.26,0.0,0,1,Boise State,2020,2988
Eric Reed,Belmont,WCC,PG,6-0,72,217,JR,2022,27,310.02196620926384,28.70573761196887,3.8,2.0,3.2,13.4,0.513,0.343,0.469,0.516,0.5,10.7,27.0,19.5,1.52,2.22,100.6,97.9,-3.82,-0.59,-3.82,0.82,0.82,0.77,-0.05,-9.27,0.0,0,1,Tennessee,2022,2989
Grant Rodriguez,Saint Louis,AAC,SG,6-1,73,217,R-FR,2024,29,92.8,8.0,2.1,2.4,1.4,11.4,0.35,0.36,0.452,0.595,1.4,12.1,11.6,23.0,2.2,1.91,119.9,99.5,-6.06,-0.28,-6.06,0.83,0.83,0.82,-0.01,-9.27,0.0,0,1,Mississippi State,2024,2990
Ivan Hernandez,Texas,Big 12,C,6-8,80,208,R-FR,2020,28,89.60000000000001,8.0,6.8,3.3,1.3,20.9,0.479,0.226,0.189,0.81,8.4,9.8,10.5,12.1,2.41,6.93,105.4,96.4,-3.73,-0.17,-3.73,0.98,0.98,0.71,-0.27,-9.36,0.0,0,1,Pittsburgh,2020,2991
Grant Phillips,Penn State,ACC,PG,6-2,74,222,JR,2023,18,241.82656513186006,33.58702293498057,1.0,1.1,2.1,11.1,0.46,0.244,0.444,0.68,2.1,4.1,17.4,19.9,2.15,2.32,116.9,96.7,-6.26,-0.76,-6.26,0.94,0.94,0.74,-0.2,-9.42,0.0,0,1,Richmond,2023,2992
Andre Cook,Fordham,Big 12,SG,6-4,76,206,R-JR,2023,30,363.603042393031,30.30025353275258,5.9,1.2,1.4,19.9,0.446,0.261,0.438,0.531,3.0,3.6,12.1,17.6,2.43,0.1,103.6,89.1,-5.66,-1.03,-5.66,0.98,0.98,0.71,-0.27,-9.47,0.0,0,1,Tennessee,2023,2993
Andre Mitchell,Gonzaga,CUSA,PG,5-11,71,202,R-FR,2023,31,249.31196169298323,20.105803362337358,7.6,0.9,1.5,17.2,0.552,0.377,0.166,0.685,0.5,4.6,12.4,14.7,2.82,1.42,106.4,98.0,-5.82,-0.73,-5.82,0.74,0.74,0.74,0.0,-9.72,0.0,0,1,Alabama,2023,2994
Paul Robinson,Georgetown,AAC,C,6-9,81,187,JR,2023,26,170.7916775140721,16.422276684045393,4.5,2.6,0.2,18.2,0.445,0.411,0.037,0.64,7.2,7.3,2.0,13.9,1.6,8.97,101.3,109.8,-6.1,-0.52,-6.1,0.83,0.83,0.74,-0.09,-9.98,0.0,0,1,Kentucky,2023,2995
Henry Roberts,Eastern Kentucky,Big 12,G,6-5,77,194,R-FR,2020,23,226.76293119774357,24.64814469540691,3.1,1.8,2.0,17.3,0.515,0.327,0.674,0.715,3.3,6.6,16.5,17.9,4.7,1.21,113.2,93.1,-7.14,-0.81,-7.14,0.98,0.98,0.71,-0.27,-10.0,0.0,0,1,San Diego State,2020,2996
Paul Morris,SMU,Big 12,W,6-7,79,219,R-JR,2023,23,88.6659340856386,9.637601531047673,2.3,3.3,1.5,22.3,0.45,0.44,0.406,0.69,6.8,11.7,12.3,14.8,2.96,0.99,101.0,103.8,-5.91,-0.26,-5.91,0.98,0.98,0.77,-0.21,-10.0,0.0,0,1,Oklahoma,2023,2997
Reed Carter,Stanford,Big 12,SF,6-6,78,227,R-FR,2024,24,333.7991322944872,34.77074294734241,7.1,2.5,1.3,10.0,0.443,0.408,0.724,0.766,3.4,10.7,10.8,12.7,2.51,1.96,101.2,100.0,-8.3,-1.39,-8.3,0.98,0.98,0.98,0.0,-10.0,0.0,0,1,Syracuse,2024,2998
Uriah Martin,Auburn,Big Ten,W,6-4,76,212,SR,2022,21,161.34536310817987,19.20778132240236,9.8,2.9,2.3,17.4,0.47,0.368,0.296,0.71,6.0,9.8,18.9,12.5,1.64,2.6,110.5,83.6,-6.63,-0.53,-6.63,1.0,1.0,0.71,-0.29,-10.0,0.0,0,1,Rutgers,2022,2999
Max Parker,Vanderbilt,SEC,W,6-7,79,211,R-JR,2023,31,250.13097301493565,20.17185266249481,8.3,2.8,1.9,10.0,0.598,0.338,0.109,0.623,3.6,11.7,15.9,17.6,2.46,2.17,103.3,104.5,-7.07,-0.88,-7.07,0.96,0.96,0.79,-0.17,-10.0,0.0,0,1,Louisville,2023,3000
